t_s,arrival_rate,admitted_rate,deferred_rate,service_rate,depth,depth_critical,depth_deferrable,oldest_age_s,oldest_age_critical_s,oldest_age_deferrable_s,downstream_in_flight,downstream_response_ms,downstream_saturated
0.0,5000,5000.0,0.0,5000.0,0.0,0.0,0.0,0.0,0.0,0.0,30,5.0,False
1.0,5000,5000.0,0.0,5000.0,0.0,0.0,0.0,0.0,0.0,0.0,30,5.0,False
2.0,5000,5000.0,0.0,5000.0,0.0,0.0,0.0,0.0,0.0,0.0,30,5.0,False
3.0,5000,5000.0,0.0,5000.0,0.0,0.0,0.0,0.0,0.0,0.0,30,5.0,False
4.0,5000,5000.0,0.0,5000.0,0.0,0.0,0.0,0.0,0.0,0.0,30,5.0,False
5.0,5000,5000.0,0.0,5000.0,0.0,0.0,0.0,0.0,0.0,0.0,30,5.0,False
6.0,5000,5000.0,0.0,5000.0,0.0,0.0,0.0,0.0,0.0,0.0,30,5.0,False
7.0,5000,5000.0,0.0,5000.0,0.0,0.0,0.0,0.0,0.0,0.0,30,5.0,False
8.0,5000,5000.0,0.0,5000.0,0.0,0.0,0.0,0.0,0.0,0.0,30,5.0,False
9.0,5000,5000.0,0.0,5000.0,0.0,0.0,0.0,0.0,0.0,0.0,30,5.0,False
10.0,5000,5000.0,0.0,5000.0,0.0,0.0,0.0,0.0,0.0,0.0,30,5.0,False
11.0,5000,5000.0,0.0,5000.0,0.0,0.0,0.0,0.0,0.0,0.0,30,5.0,False
12.0,5000,5000.0,0.0,5000.0,0.0,0.0,0.0,0.0,0.0,0.0,30,5.0,False
13.0,5000,5000.0,0.0,5000.0,0.0,0.0,0.0,0.0,0.0,0.0,30,5.0,False
14.0,5000,5000.0,0.0,5000.0,0.0,0.0,0.0,0.0,0.0,0.0,30,5.0,False
15.0,5000,5000.0,0.0,5000.0,0.0,0.0,0.0,0.0,0.0,0.0,30,5.0,False
16.0,5000,5000.0,0.0,5000.0,0.0,0.0,0.0,0.0,0.0,0.0,30,5.0,False
17.0,5000,5000.0,0.0,5000.0,0.0,0.0,0.0,0.0,0.0,0.0,30,5.0,False
18.0,5000,5000.0,0.0,5000.0,0.0,0.0,0.0,0.0,0.0,0.0,30,5.0,False
19.0,5000,5000.0,0.0,5000.0,0.0,0.0,0.0,0.0,0.0,0.0,30,5.0,False
20.0,5000,5000.0,0.0,5000.0,0.0,0.0,0.0,0.0,0.0,0.0,30,5.0,False
21.0,5000,5000.0,0.0,5000.0,0.0,0.0,0.0,0.0,0.0,0.0,30,5.0,False
22.0,5000,5000.0,0.0,5000.0,0.0,0.0,0.0,0.0,0.0,0.0,30,5.0,False
23.0,5000,5000.0,0.0,5000.0,0.0,0.0,0.0,0.0,0.0,0.0,30,5.0,False
24.0,5000,5000.0,0.0,5000.0,0.0,0.0,0.0,0.0,0.0,0.0,30,5.0,False
25.0,5000,5000.0,0.0,5000.0,0.0,0.0,0.0,0.0,0.0,0.0,30,5.0,False
26.0,5000,5000.0,0.0,5000.0,0.0,0.0,0.0,0.0,0.0,0.0,30,5.0,False
27.0,5000,5000.0,0.0,5000.0,0.0,0.0,0.0,0.0,0.0,0.0,30,5.0,False
28.0,5000,5000.0,0.0,5000.0,0.0,0.0,0.0,0.0,0.0,0.0,30,5.0,False
29.0,5000,5000.0,0.0,5000.0,0.0,0.0,0.0,0.0,0.0,0.0,30,5.0,False
30.0,5000,5000.0,0.0,5000.0,0.0,0.0,0.0,0.0,0.0,0.0,30,5.0,False
31.0,5000,5000.0,0.0,5000.0,0.0,0.0,0.0,0.0,0.0,0.0,30,5.0,False
32.0,5000,5000.0,0.0,5000.0,0.0,0.0,0.0,0.0,0.0,0.0,30,5.0,False
33.0,5000,5000.0,0.0,5000.0,0.0,0.0,0.0,0.0,0.0,0.0,30,5.0,False
34.0,5000,5000.0,0.0,5000.0,0.0,0.0,0.0,0.0,0.0,0.0,30,5.0,False
35.0,5000,5000.0,0.0,5000.0,0.0,0.0,0.0,0.0,0.0,0.0,30,5.0,False
36.0,5000,5000.0,0.0,5000.0,0.0,0.0,0.0,0.0,0.0,0.0,30,5.0,False
37.0,5000,5000.0,0.0,5000.0,0.0,0.0,0.0,0.0,0.0,0.0,30,5.0,False
38.0,5000,5000.0,0.0,5000.0,0.0,0.0,0.0,0.0,0.0,0.0,30,5.0,False
39.0,5000,5000.0,0.0,5000.0,0.0,0.0,0.0,0.0,0.0,0.0,30,5.0,False
40.0,5000,5000.0,0.0,5000.0,0.0,0.0,0.0,0.0,0.0,0.0,30,5.0,False
41.0,5000,5000.0,0.0,5000.0,0.0,0.0,0.0,0.0,0.0,0.0,30,5.0,False
42.0,5000,5000.0,0.0,5000.0,0.0,0.0,0.0,0.0,0.0,0.0,30,5.0,False
43.0,5000,5000.0,0.0,5000.0,0.0,0.0,0.0,0.0,0.0,0.0,30,5.0,False
44.0,5000,5000.0,0.0,5000.0,0.0,0.0,0.0,0.0,0.0,0.0,30,5.0,False
45.0,5000,5000.0,0.0,5000.0,0.0,0.0,0.0,0.0,0.0,0.0,30,5.0,False
46.0,5000,5000.0,0.0,5000.0,0.0,0.0,0.0,0.0,0.0,0.0,30,5.0,False
47.0,5000,5000.0,0.0,5000.0,0.0,0.0,0.0,0.0,0.0,0.0,30,5.0,False
48.0,5000,5000.0,0.0,5000.0,0.0,0.0,0.0,0.0,0.0,0.0,30,5.0,False
49.0,5000,5000.0,0.0,5000.0,0.0,0.0,0.0,0.0,0.0,0.0,30,5.0,False
50.0,5000,5000.0,0.0,5000.0,0.0,0.0,0.0,0.0,0.0,0.0,30,5.0,False
51.0,5000,5000.0,0.0,5000.0,0.0,0.0,0.0,0.0,0.0,0.0,30,5.0,False
52.0,5000,5000.0,0.0,5000.0,0.0,0.0,0.0,0.0,0.0,0.0,30,5.0,False
53.0,5000,5000.0,0.0,5000.0,0.0,0.0,0.0,0.0,0.0,0.0,30,5.0,False
54.0,5000,5000.0,0.0,5000.0,0.0,0.0,0.0,0.0,0.0,0.0,30,5.0,False
55.0,5000,5000.0,0.0,5000.0,0.0,0.0,0.0,0.0,0.0,0.0,30,5.0,False
56.0,5000,5000.0,0.0,5000.0,0.0,0.0,0.0,0.0,0.0,0.0,30,5.0,False
57.0,5000,5000.0,0.0,5000.0,0.0,0.0,0.0,0.0,0.0,0.0,30,5.0,False
58.0,5000,5000.0,0.0,5000.0,0.0,0.0,0.0,0.0,0.0,0.0,30,5.0,False
59.0,5000,5000.0,0.0,5000.0,0.0,0.0,0.0,0.0,0.0,0.0,30,5.0,False
60.0,5000,5000.0,0.0,5000.0,0.0,0.0,0.0,0.0,0.0,0.0,30,5.0,False
61.0,5000,5000.0,0.0,5000.0,0.0,0.0,0.0,0.0,0.0,0.0,30,5.0,False
62.0,5000,5000.0,0.0,5000.0,0.0,0.0,0.0,0.0,0.0,0.0,30,5.0,False
63.0,5000,5000.0,0.0,5000.0,0.0,0.0,0.0,0.0,0.0,0.0,30,5.0,False
64.0,5000,5000.0,0.0,5000.0,0.0,0.0,0.0,0.0,0.0,0.0,30,5.0,False
65.0,5000,5000.0,0.0,5000.0,0.0,0.0,0.0,0.0,0.0,0.0,30,5.0,False
66.0,5000,5000.0,0.0,5000.0,0.0,0.0,0.0,0.0,0.0,0.0,30,5.0,False
67.0,5000,5000.0,0.0,5000.0,0.0,0.0,0.0,0.0,0.0,0.0,30,5.0,False
68.0,5000,5000.0,0.0,5000.0,0.0,0.0,0.0,0.0,0.0,0.0,30,5.0,False
69.0,5000,5000.0,0.0,5000.0,0.0,0.0,0.0,0.0,0.0,0.0,30,5.0,False
70.0,5000,5000.0,0.0,5000.0,0.0,0.0,0.0,0.0,0.0,0.0,30,5.0,False
71.0,5000,5000.0,0.0,5000.0,0.0,0.0,0.0,0.0,0.0,0.0,30,5.0,False
72.0,5000,5000.0,0.0,5000.0,0.0,0.0,0.0,0.0,0.0,0.0,30,5.0,False
73.0,5000,5000.0,0.0,5000.0,0.0,0.0,0.0,0.0,0.0,0.0,30,5.0,False
74.0,5000,5000.0,0.0,5000.0,0.0,0.0,0.0,0.0,0.0,0.0,30,5.0,False
75.0,5000,5000.0,0.0,5000.0,0.0,0.0,0.0,0.0,0.0,0.0,30,5.0,False
76.0,5000,5000.0,0.0,5000.0,0.0,0.0,0.0,0.0,0.0,0.0,30,5.0,False
77.0,5000,5000.0,0.0,5000.0,0.0,0.0,0.0,0.0,0.0,0.0,30,5.0,False
78.0,5000,5000.0,0.0,5000.0,0.0,0.0,0.0,0.0,0.0,0.0,30,5.0,False
79.0,5000,5000.0,0.0,5000.0,0.0,0.0,0.0,0.0,0.0,0.0,30,5.0,False
80.0,5000,5000.0,0.0,5000.0,0.0,0.0,0.0,0.0,0.0,0.0,30,5.0,False
81.0,5000,5000.0,0.0,5000.0,0.0,0.0,0.0,0.0,0.0,0.0,30,5.0,False
82.0,5000,5000.0,0.0,5000.0,0.0,0.0,0.0,0.0,0.0,0.0,30,5.0,False
83.0,5000,5000.0,0.0,5000.0,0.0,0.0,0.0,0.0,0.0,0.0,30,5.0,False
84.0,5000,5000.0,0.0,5000.0,0.0,0.0,0.0,0.0,0.0,0.0,30,5.0,False
85.0,5000,5000.0,0.0,5000.0,0.0,0.0,0.0,0.0,0.0,0.0,30,5.0,False
86.0,5000,5000.0,0.0,5000.0,0.0,0.0,0.0,0.0,0.0,0.0,30,5.0,False
87.0,5000,5000.0,0.0,5000.0,0.0,0.0,0.0,0.0,0.0,0.0,30,5.0,False
88.0,5000,5000.0,0.0,5000.0,0.0,0.0,0.0,0.0,0.0,0.0,30,5.0,False
89.0,5000,5000.0,0.0,5000.0,0.0,0.0,0.0,0.0,0.0,0.0,30,5.0,False
90.0,5000,5000.0,0.0,5000.0,0.0,0.0,0.0,0.0,0.0,0.0,30,5.0,False
91.0,5000,5000.0,0.0,5000.0,0.0,0.0,0.0,0.0,0.0,0.0,30,5.0,False
92.0,5000,5000.0,0.0,5000.0,0.0,0.0,0.0,0.0,0.0,0.0,30,5.0,False
93.0,5000,5000.0,0.0,5000.0,0.0,0.0,0.0,0.0,0.0,0.0,30,5.0,False
94.0,5000,5000.0,0.0,5000.0,0.0,0.0,0.0,0.0,0.0,0.0,30,5.0,False
95.0,5000,5000.0,0.0,5000.0,0.0,0.0,0.0,0.0,0.0,0.0,30,5.0,False
96.0,5000,5000.0,0.0,5000.0,0.0,0.0,0.0,0.0,0.0,0.0,30,5.0,False
97.0,5000,5000.0,0.0,5000.0,0.0,0.0,0.0,0.0,0.0,0.0,30,5.0,False
98.0,5000,5000.0,0.0,5000.0,0.0,0.0,0.0,0.0,0.0,0.0,30,5.0,False
99.0,5000,5000.0,0.0,5000.0,0.0,0.0,0.0,0.0,0.0,0.0,30,5.0,False
100.0,5000,5000.0,0.0,5000.0,0.0,0.0,0.0,0.0,0.0,0.0,30,5.0,False
101.0,5000,5000.0,0.0,5000.0,0.0,0.0,0.0,0.0,0.0,0.0,30,5.0,False
102.0,5000,5000.0,0.0,5000.0,0.0,0.0,0.0,0.0,0.0,0.0,30,5.0,False
103.0,5000,5000.0,0.0,5000.0,0.0,0.0,0.0,0.0,0.0,0.0,30,5.0,False
104.0,5000,5000.0,0.0,5000.0,0.0,0.0,0.0,0.0,0.0,0.0,30,5.0,False
105.0,5000,5000.0,0.0,5000.0,0.0,0.0,0.0,0.0,0.0,0.0,30,5.0,False
106.0,5000,5000.0,0.0,5000.0,0.0,0.0,0.0,0.0,0.0,0.0,30,5.0,False
107.0,5000,5000.0,0.0,5000.0,0.0,0.0,0.0,0.0,0.0,0.0,30,5.0,False
108.0,5000,5000.0,0.0,5000.0,0.0,0.0,0.0,0.0,0.0,0.0,30,5.0,False
109.0,5000,5000.0,0.0,5000.0,0.0,0.0,0.0,0.0,0.0,0.0,30,5.0,False
110.0,5000,5000.0,0.0,5000.0,0.0,0.0,0.0,0.0,0.0,0.0,30,5.0,False
111.0,5000,5000.0,0.0,5000.0,0.0,0.0,0.0,0.0,0.0,0.0,30,5.0,False
112.0,5000,5000.0,0.0,5000.0,0.0,0.0,0.0,0.0,0.0,0.0,30,5.0,False
113.0,5000,5000.0,0.0,5000.0,0.0,0.0,0.0,0.0,0.0,0.0,30,5.0,False
114.0,5000,5000.0,0.0,5000.0,0.0,0.0,0.0,0.0,0.0,0.0,30,5.0,False
115.0,5000,5000.0,0.0,5000.0,0.0,0.0,0.0,0.0,0.0,0.0,30,5.0,False
116.0,5000,5000.0,0.0,5000.0,0.0,0.0,0.0,0.0,0.0,0.0,30,5.0,False
117.0,5000,5000.0,0.0,5000.0,0.0,0.0,0.0,0.0,0.0,0.0,30,5.0,False
118.0,5000,5000.0,0.0,5000.0,0.0,0.0,0.0,0.0,0.0,0.0,30,5.0,False
119.0,5000,5000.0,0.0,5000.0,0.0,0.0,0.0,0.0,0.0,0.0,30,5.0,False
120.0,12000,12000.0,0.0,6000.0,600.0,0.0,600.0,0.0,0.0,0.0,30,5.0,False
121.0,12000,12000.0,0.0,6000.0,6600.0,3000.0,3600.0,0.5,0.5,0.5,30,5.0,False
122.0,12000,12000.0,0.0,6000.0,12600.0,5400.0,7200.0,1.0,1.0,1.0,30,5.0,False
123.0,12000,12000.0,0.0,6000.0,18600.0,8400.0,10200.0,1.5,1.5,1.5,30,5.0,False
124.0,12000,12000.0,0.0,6000.0,24600.0,10800.0,13800.0,2.0,2.0,2.0,30,5.0,False
125.0,12000,12000.0,0.0,6000.0,30600.0,13800.0,16800.0,2.5,2.5,2.5,30,5.0,False
126.0,12000,12000.0,0.0,6000.0,36600.0,16200.0,20400.0,3.0,3.0,3.0,30,5.0,False
127.0,12000,12000.0,0.0,6000.0,42600.0,19200.0,23400.0,3.5,3.5,3.5,30,5.0,False
128.0,12000,12000.0,0.0,6000.0,48600.0,21600.0,27000.0,4.0,4.0,4.0,30,5.0,False
129.0,12000,12000.0,0.0,6000.0,54600.0,24600.0,30000.0,4.5,4.5,4.5,30,5.0,False
130.0,12000,12000.0,0.0,6000.0,60600.0,27000.0,33600.0,5.0,5.0,5.0,30,5.0,False
131.0,12000,12000.0,0.0,6000.0,66600.0,30000.0,36600.0,5.5,5.5,5.5,30,5.0,False
132.0,12000,12000.0,0.0,6000.0,72600.0,32400.0,40200.0,6.0,6.0,6.0,30,5.0,False
133.0,12000,12000.0,0.0,6000.0,78600.0,35400.0,43200.0,6.5,6.5,6.5,30,5.0,False
134.0,12000,12000.0,0.0,6000.0,84600.0,37800.0,46800.0,7.0,7.0,7.0,30,5.0,False
135.0,12000,12000.0,0.0,6000.0,90600.0,40800.0,49800.0,7.5,7.5,7.5,30,5.0,False
136.0,12000,12000.0,0.0,6000.0,96600.0,43200.0,53400.0,8.0,8.0,8.0,30,5.0,False
137.0,12000,12000.0,0.0,6000.0,102600.0,46200.0,56400.0,8.5,8.5,8.5,30,5.0,False
138.0,12000,12000.0,0.0,6000.0,108600.0,48600.0,60000.0,9.0,9.0,9.0,30,5.0,False
139.0,12000,12000.0,0.0,6000.0,114600.0,51600.0,63000.0,9.5,9.5,9.5,30,5.0,False
140.0,12000,12000.0,0.0,6000.0,120600.0,54000.0,66600.0,10.0,10.0,10.0,30,5.0,False
141.0,12000,12000.0,0.0,6000.0,126600.0,57000.0,69600.0,10.5,10.5,10.5,30,5.0,False
142.0,12000,12000.0,0.0,6000.0,132600.0,59400.0,73200.0,11.0,11.0,11.0,30,5.0,False
143.0,12000,12000.0,0.0,6000.0,138600.0,62400.0,76200.0,11.5,11.5,11.5,30,5.0,False
144.0,12000,12000.0,0.0,6000.0,144600.0,64800.0,79800.0,12.0,12.0,12.0,30,5.0,False
145.0,12000,12000.0,0.0,6000.0,150600.0,67800.0,82800.0,12.5,12.5,12.5,30,5.0,False
146.0,12000,12000.0,0.0,6000.0,156600.0,70200.0,86400.0,13.0,13.0,13.0,30,5.0,False
147.0,12000,12000.0,0.0,6000.0,162600.0,73200.0,89400.0,13.5,13.5,13.5,30,5.0,False
148.0,12000,12000.0,0.0,6000.0,168600.0,75600.0,93000.0,14.0,14.0,14.0,30,5.0,False
149.0,12000,12000.0,0.0,6000.0,174600.0,78600.0,96000.0,14.5,14.5,14.5,30,5.0,False
150.0,12000,12000.0,0.0,6000.0,180600.0,81000.0,99600.0,15.0,15.0,15.0,30,5.0,False
151.0,12000,12000.0,0.0,6000.0,186600.0,84000.0,102600.0,15.5,15.5,15.5,30,5.0,False
152.0,12000,12000.0,0.0,6000.0,192600.0,86400.0,106200.0,16.0,16.0,16.0,30,5.0,False
153.0,12000,12000.0,0.0,6000.0,198600.0,89400.0,109200.0,16.5,16.5,16.5,30,5.0,False
154.0,12000,12000.0,0.0,6000.0,204600.0,91800.0,112800.0,17.0,17.0,17.0,30,5.0,False
155.0,12000,12000.0,0.0,6000.0,210600.0,94800.0,115800.0,17.5,17.5,17.5,30,5.0,False
156.0,12000,12000.0,0.0,6000.0,216600.0,97200.0,119400.0,18.0,18.0,18.0,30,5.0,False
157.0,12000,12000.0,0.0,6000.0,222600.0,100200.0,122400.0,18.5,18.5,18.5,30,5.0,False
158.0,12000,12000.0,0.0,6000.0,228600.0,102600.0,126000.0,19.0,19.0,19.0,30,5.0,False
159.0,12000,12000.0,0.0,6000.0,234600.0,105600.0,129000.0,19.5,19.5,19.5,30,5.0,False
160.0,12000,12000.0,0.0,6000.0,240600.0,108000.0,132600.0,20.0,20.0,20.0,30,5.0,False
161.0,12000,12000.0,0.0,6000.0,246600.0,111000.0,135600.0,20.5,20.5,20.5,30,5.0,False
162.0,12000,12000.0,0.0,6000.0,252600.0,113400.0,139200.0,21.0,21.0,21.0,30,5.0,False
163.0,12000,12000.0,0.0,6000.0,258600.0,116400.0,142200.0,21.5,21.5,21.5,30,5.0,False
164.0,12000,12000.0,0.0,6000.0,264600.0,118800.0,145800.0,22.0,22.0,22.0,30,5.0,False
165.0,12000,12000.0,0.0,6000.0,270600.0,121800.0,148800.0,22.5,22.5,22.5,30,5.0,False
166.0,12000,12000.0,0.0,6000.0,276600.0,124200.0,152400.0,23.0,23.0,23.0,30,5.0,False
167.0,12000,12000.0,0.0,6000.0,282600.0,127200.0,155400.0,23.5,23.5,23.5,30,5.0,False
168.0,12000,12000.0,0.0,6000.0,288600.0,129600.0,159000.0,24.0,24.0,24.0,30,5.0,False
169.0,12000,12000.0,0.0,6000.0,294600.0,132600.0,162000.0,24.5,24.5,24.5,30,5.0,False
170.0,12000,12000.0,0.0,6000.0,300600.0,135000.0,165600.0,25.0,25.0,25.0,30,5.0,False
171.0,12000,12000.0,0.0,6000.0,306600.0,138000.0,168600.0,25.5,25.5,25.5,30,5.0,False
172.0,12000,12000.0,0.0,6000.0,312600.0,140400.0,172200.0,26.0,26.0,26.0,30,5.0,False
173.0,12000,12000.0,0.0,6000.0,318600.0,143400.0,175200.0,26.5,26.5,26.5,30,5.0,False
174.0,12000,12000.0,0.0,6000.0,324600.0,145800.0,178800.0,27.0,27.0,27.0,30,5.0,False
175.0,12000,12000.0,0.0,6000.0,330600.0,148800.0,181800.0,27.5,27.5,27.5,30,5.0,False
176.0,12000,12000.0,0.0,6000.0,336600.0,151200.0,185400.0,28.0,28.0,28.0,30,5.0,False
177.0,12000,12000.0,0.0,6000.0,342600.0,154200.0,188400.0,28.5,28.5,28.5,30,5.0,False
178.0,12000,12000.0,0.0,6000.0,348600.0,156600.0,192000.0,29.0,29.0,29.0,30,5.0,False
179.0,12000,12000.0,0.0,6000.0,354600.0,159600.0,195000.0,29.5,29.5,29.5,30,5.0,False
180.0,12000,12000.0,0.0,6000.0,360600.0,162000.0,198600.0,30.0,30.0,30.0,30,5.0,False
181.0,12000,12000.0,0.0,6000.0,366600.0,165000.0,201600.0,30.5,30.5,30.5,30,5.0,False
182.0,12000,12000.0,0.0,6000.0,372600.0,167400.0,205200.0,31.0,31.0,31.0,30,5.0,False
183.0,12000,12000.0,0.0,6000.0,378600.0,170400.0,208200.0,31.5,31.5,31.5,30,5.0,False
184.0,12000,12000.0,0.0,6000.0,384600.0,172800.0,211800.0,32.0,32.0,32.0,30,5.0,False
185.0,12000,12000.0,0.0,6000.0,390600.0,175800.0,214800.0,32.5,32.5,32.5,30,5.0,False
186.0,12000,12000.0,0.0,6000.0,396600.0,178200.0,218400.0,33.0,33.0,33.0,30,5.0,False
187.0,12000,12000.0,0.0,6000.0,402600.0,181200.0,221400.0,33.5,33.5,33.5,30,5.0,False
188.0,12000,12000.0,0.0,6000.0,408600.0,183600.0,225000.0,34.0,34.0,34.0,30,5.0,False
189.0,12000,12000.0,0.0,6000.0,414600.0,186600.0,228000.0,34.5,34.5,34.5,30,5.0,False
190.0,12000,12000.0,0.0,6000.0,420600.0,189000.0,231600.0,35.0,35.0,35.0,30,5.0,False
191.0,12000,12000.0,0.0,6000.0,426600.0,192000.0,234600.0,35.5,35.5,35.5,30,5.0,False
192.0,12000,12000.0,0.0,6000.0,432600.0,194400.0,238200.0,36.0,36.0,36.0,30,5.0,False
193.0,12000,12000.0,0.0,6000.0,438600.0,197400.0,241200.0,36.5,36.5,36.5,30,5.0,False
194.0,12000,12000.0,0.0,6000.0,444600.0,199800.0,244800.0,37.0,37.0,37.0,30,5.0,False
195.0,12000,12000.0,0.0,6000.0,450600.0,202800.0,247800.0,37.5,37.5,37.5,30,5.0,False
196.0,12000,12000.0,0.0,6000.0,456600.0,205200.0,251400.0,38.0,38.0,38.0,30,5.0,False
197.0,12000,12000.0,0.0,6000.0,462600.0,208200.0,254400.0,38.5,38.5,38.5,30,5.0,False
198.0,12000,12000.0,0.0,6000.0,468600.0,210600.0,258000.0,39.0,39.0,39.0,30,5.0,False
199.0,12000,12000.0,0.0,6000.0,474600.0,213600.0,261000.0,39.5,39.5,39.5,30,5.0,False
200.0,12000,12000.0,0.0,6000.0,480600.0,216000.0,264600.0,40.0,40.0,40.0,30,5.0,False
201.0,12000,12000.0,0.0,6000.0,486600.0,219000.0,267600.0,40.5,40.5,40.5,30,5.0,False
202.0,12000,12000.0,0.0,6000.0,492600.0,221400.0,271200.0,41.0,41.0,41.0,30,5.0,False
203.0,12000,12000.0,0.0,6000.0,498600.0,224400.0,274200.0,41.5,41.5,41.5,30,5.0,False
204.0,12000,12000.0,0.0,6000.0,504600.0,226800.0,277800.0,42.0,42.0,42.0,30,5.0,False
205.0,12000,12000.0,0.0,6000.0,510600.0,229800.0,280800.0,42.5,42.5,42.5,30,5.0,False
206.0,12000,12000.0,0.0,6000.0,516600.0,232200.0,284400.0,43.0,43.0,43.0,30,5.0,False
207.0,12000,12000.0,0.0,6000.0,522600.0,235200.0,287400.0,43.5,43.5,43.5,30,5.0,False
208.0,12000,12000.0,0.0,6000.0,528600.0,237600.0,291000.0,44.0,44.0,44.0,30,5.0,False
209.0,12000,12000.0,0.0,6000.0,534600.0,240600.0,294000.0,44.5,44.5,44.5,30,5.0,False
210.0,12000,12000.0,0.0,6000.0,540600.0,243000.0,297600.0,45.0,45.0,45.0,30,5.0,False
211.0,12000,12000.0,0.0,6000.0,546600.0,246000.0,300600.0,45.5,45.5,45.5,30,5.0,False
212.0,12000,12000.0,0.0,6000.0,552600.0,248400.0,304200.0,46.0,46.0,46.0,30,5.0,False
213.0,12000,12000.0,0.0,6000.0,558600.0,251400.0,307200.0,46.5,46.5,46.5,30,5.0,False
214.0,12000,12000.0,0.0,6000.0,564600.0,253800.0,310800.0,47.0,47.0,47.0,30,5.0,False
215.0,12000,12000.0,0.0,6000.0,570600.0,256800.0,313800.0,47.5,47.5,47.5,30,5.0,False
216.0,12000,12000.0,0.0,6000.0,576600.0,259200.0,317400.0,48.0,48.0,48.0,30,5.0,False
217.0,12000,12000.0,0.0,6000.0,582600.0,262200.0,320400.0,48.5,48.5,48.5,30,5.0,False
218.0,12000,12000.0,0.0,6000.0,588600.0,264600.0,324000.0,49.0,49.0,49.0,30,5.0,False
219.0,12000,12000.0,0.0,6000.0,594600.0,267600.0,327000.0,49.5,49.5,49.5,30,5.0,False
220.0,12000,12000.0,0.0,6000.0,600600.0,270000.0,330600.0,50.0,50.0,50.0,30,5.0,False
221.0,12000,12000.0,0.0,6000.0,606600.0,273000.0,333600.0,50.5,50.5,50.5,30,5.0,False
222.0,12000,12000.0,0.0,6000.0,612600.0,275400.0,337200.0,51.0,51.0,51.0,30,5.0,False
223.0,12000,12000.0,0.0,6000.0,618600.0,278400.0,340200.0,51.5,51.5,51.5,30,5.0,False
224.0,12000,12000.0,0.0,6000.0,624600.0,280800.0,343800.0,52.0,52.0,52.0,30,5.0,False
225.0,12000,12000.0,0.0,6000.0,630600.0,283800.0,346800.0,52.5,52.5,52.5,30,5.0,False
226.0,12000,12000.0,0.0,6000.0,636600.0,286200.0,350400.0,53.0,53.0,53.0,30,5.0,False
227.0,12000,12000.0,0.0,6000.0,642600.0,289200.0,353400.0,53.5,53.5,53.5,30,5.0,False
228.0,12000,12000.0,0.0,6000.0,648600.0,291600.0,357000.0,54.0,54.0,54.0,30,5.0,False
229.0,12000,12000.0,0.0,6000.0,654600.0,294600.0,360000.0,54.5,54.5,54.5,30,5.0,False
230.0,12000,12000.0,0.0,6000.0,660600.0,297000.0,363600.0,55.0,55.0,55.0,30,5.0,False
231.0,12000,12000.0,0.0,6000.0,666600.0,300000.0,366600.0,55.5,55.5,55.5,30,5.0,False
232.0,12000,12000.0,0.0,6000.0,672600.0,302400.0,370200.0,56.0,56.0,56.0,30,5.0,False
233.0,12000,12000.0,0.0,6000.0,678600.0,305400.0,373200.0,56.5,56.5,56.5,30,5.0,False
234.0,12000,12000.0,0.0,6000.0,684600.0,307800.0,376800.0,57.0,57.0,57.0,30,5.0,False
235.0,12000,12000.0,0.0,6000.0,690600.0,310800.0,379800.0,57.5,57.5,57.5,30,5.0,False
236.0,12000,12000.0,0.0,6000.0,696600.0,313200.0,383400.0,58.0,58.0,58.0,30,5.0,False
237.0,12000,12000.0,0.0,6000.0,702600.0,316200.0,386400.0,58.5,58.5,58.5,30,5.0,False
238.0,12000,12000.0,0.0,6000.0,708600.0,318600.0,390000.0,59.0,59.0,59.0,30,5.0,False
239.0,12000,12000.0,0.0,6000.0,714600.0,321600.0,393000.0,59.5,59.5,59.5,30,5.0,False
240.0,12000,12000.0,0.0,6000.0,720600.0,324000.0,396600.0,60.0,60.0,60.0,30,5.0,False
241.0,12000,12000.0,0.0,6000.0,726600.0,327000.0,399600.0,60.5,60.5,60.5,30,5.0,False
242.0,12000,12000.0,0.0,6000.0,732600.0,329400.0,403200.0,61.0,61.0,61.0,30,5.0,False
243.0,12000,12000.0,0.0,6000.0,738600.0,332400.0,406200.0,61.5,61.5,61.5,30,5.0,False
244.0,12000,12000.0,0.0,6000.0,744600.0,334800.0,409800.0,62.0,62.0,62.0,30,5.0,False
245.0,12000,12000.0,0.0,6000.0,750600.0,337800.0,412800.0,62.5,62.5,62.5,30,5.0,False
246.0,12000,12000.0,0.0,6000.0,756600.0,340200.0,416400.0,63.0,63.0,63.0,30,5.0,False
247.0,12000,12000.0,0.0,6000.0,762600.0,343200.0,419400.0,63.5,63.5,63.5,30,5.0,False
248.0,12000,12000.0,0.0,6000.0,768600.0,345600.0,423000.0,64.0,64.0,64.0,30,5.0,False
249.0,12000,12000.0,0.0,6000.0,774600.0,348600.0,426000.0,64.5,64.5,64.5,30,5.0,False
250.0,12000,12000.0,0.0,6000.0,780600.0,351000.0,429600.0,65.0,65.0,65.0,30,5.0,False
251.0,12000,12000.0,0.0,6000.0,786600.0,354000.0,432600.0,65.5,65.5,65.5,30,5.0,False
252.0,12000,12000.0,0.0,6000.0,792600.0,356400.0,436200.0,66.0,66.0,66.0,30,5.0,False
253.0,12000,12000.0,0.0,6000.0,798600.0,359400.0,439200.0,66.5,66.5,66.5,30,5.0,False
254.0,12000,12000.0,0.0,6000.0,804600.0,361800.0,442800.0,67.0,67.0,67.0,30,5.0,False
255.0,12000,12000.0,0.0,6000.0,810600.0,364800.0,445800.0,67.5,67.5,67.5,30,5.0,False
256.0,12000,12000.0,0.0,6000.0,816600.0,367200.0,449400.0,68.0,68.0,68.0,30,5.0,False
257.0,12000,12000.0,0.0,6000.0,822600.0,370200.0,452400.0,68.5,68.5,68.5,30,5.0,False
258.0,12000,12000.0,0.0,6000.0,828600.0,372600.0,456000.0,69.0,69.0,69.0,30,5.0,False
259.0,12000,12000.0,0.0,6000.0,834600.0,375600.0,459000.0,69.5,69.5,69.5,30,5.0,False
260.0,12000,12000.0,0.0,6000.0,840600.0,378000.0,462600.0,70.0,70.0,70.0,30,5.0,False
261.0,12000,12000.0,0.0,6000.0,846600.0,381000.0,465600.0,70.5,70.5,70.5,30,5.0,False
262.0,12000,12000.0,0.0,6000.0,852600.0,383400.0,469200.0,71.0,71.0,71.0,30,5.0,False
263.0,12000,12000.0,0.0,6000.0,858600.0,386400.0,472200.0,71.5,71.5,71.5,30,5.0,False
264.0,12000,12000.0,0.0,6000.0,864600.0,388800.0,475800.0,72.0,72.0,72.0,30,5.0,False
265.0,12000,12000.0,0.0,6000.0,870600.0,391800.0,478800.0,72.5,72.5,72.5,30,5.0,False
266.0,12000,12000.0,0.0,6000.0,876600.0,394200.0,482400.0,73.0,73.0,73.0,30,5.0,False
267.0,12000,12000.0,0.0,6000.0,882600.0,397200.0,485400.0,73.5,73.5,73.5,30,5.0,False
268.0,12000,12000.0,0.0,6000.0,888600.0,399600.0,489000.0,74.0,74.0,74.0,30,5.0,False
269.0,12000,12000.0,0.0,6000.0,894600.0,402600.0,492000.0,74.5,74.5,74.5,30,5.0,False
270.0,12000,12000.0,0.0,6000.0,900600.0,405000.0,495600.0,75.0,75.0,75.0,30,5.0,False
271.0,12000,12000.0,0.0,6000.0,906600.0,408000.0,498600.0,75.5,75.5,75.5,30,5.0,False
272.0,12000,12000.0,0.0,6000.0,912600.0,410400.0,502200.0,76.0,76.0,76.0,30,5.0,False
273.0,12000,12000.0,0.0,6000.0,918600.0,413400.0,505200.0,76.5,76.5,76.5,30,5.0,False
274.0,12000,12000.0,0.0,6000.0,924600.0,415800.0,508800.0,77.0,77.0,77.0,30,5.0,False
275.0,12000,12000.0,0.0,6000.0,930600.0,418800.0,511800.0,77.5,77.5,77.5,30,5.0,False
276.0,12000,12000.0,0.0,6000.0,936600.0,421200.0,515400.0,78.0,78.0,78.0,30,5.0,False
277.0,12000,12000.0,0.0,6000.0,942600.0,424200.0,518400.0,78.5,78.5,78.5,30,5.0,False
278.0,12000,12000.0,0.0,6000.0,948600.0,426600.0,522000.0,79.0,79.0,79.0,30,5.0,False
279.0,12000,12000.0,0.0,6000.0,954600.0,429600.0,525000.0,79.5,79.5,79.5,30,5.0,False
280.0,12000,12000.0,0.0,6000.0,960600.0,432000.0,528600.0,80.0,80.0,80.0,30,5.0,False
281.0,12000,12000.0,0.0,6000.0,966600.0,435000.0,531600.0,80.5,80.5,80.5,30,5.0,False
282.0,12000,12000.0,0.0,6000.0,972600.0,437400.0,535200.0,81.0,81.0,81.0,30,5.0,False
283.0,12000,12000.0,0.0,6000.0,978600.0,440400.0,538200.0,81.5,81.5,81.5,30,5.0,False
284.0,12000,12000.0,0.0,6000.0,984600.0,442800.0,541800.0,82.0,82.0,82.0,30,5.0,False
285.0,12000,12000.0,0.0,6000.0,990600.0,445800.0,544800.0,82.5,82.5,82.5,30,5.0,False
286.0,12000,12000.0,0.0,6000.0,996600.0,448200.0,548400.0,83.0,83.0,83.0,30,5.0,False
287.0,12000,12000.0,0.0,6000.0,1002600.0,451200.0,551400.0,83.5,83.5,83.5,30,5.0,False
288.0,12000,12000.0,0.0,6000.0,1008600.0,453600.0,555000.0,84.0,84.0,84.0,30,5.0,False
289.0,12000,12000.0,0.0,6000.0,1014600.0,456600.0,558000.0,84.5,84.5,84.5,30,5.0,False
290.0,12000,12000.0,0.0,6000.0,1020600.0,459000.0,561600.0,85.0,85.0,85.0,30,5.0,False
291.0,12000,12000.0,0.0,6000.0,1026600.0,462000.0,564600.0,85.5,85.5,85.5,30,5.0,False
292.0,12000,12000.0,0.0,6000.0,1032600.0,464400.0,568200.0,86.0,86.0,86.0,30,5.0,False
293.0,12000,12000.0,0.0,6000.0,1038600.0,467400.0,571200.0,86.5,86.5,86.5,30,5.0,False
294.0,12000,12000.0,0.0,6000.0,1044600.0,469800.0,574800.0,87.0,87.0,87.0,30,5.0,False
295.0,12000,12000.0,0.0,6000.0,1050600.0,472800.0,577800.0,87.5,87.5,87.5,30,5.0,False
296.0,12000,12000.0,0.0,6000.0,1056600.0,475200.0,581400.0,88.0,88.0,88.0,30,5.0,False
297.0,12000,12000.0,0.0,6000.0,1062600.0,478200.0,584400.0,88.5,88.5,88.5,30,5.0,False
298.0,12000,12000.0,0.0,6000.0,1068600.0,480600.0,588000.0,89.0,89.0,89.0,30,5.0,False
299.0,12000,12000.0,0.0,6000.0,1074600.0,483600.0,591000.0,89.5,89.5,89.5,30,5.0,False
300.0,12000,12000.0,0.0,6000.0,1080600.0,486000.0,594600.0,90.0,90.0,90.0,30,5.0,False
301.0,12000,12000.0,0.0,6000.0,1086600.0,489000.0,597600.0,90.5,90.5,90.5,30,5.0,False
302.0,12000,12000.0,0.0,6000.0,1092600.0,491400.0,601200.0,91.0,91.0,91.0,30,5.0,False
303.0,12000,12000.0,0.0,6000.0,1098600.0,494400.0,604200.0,91.5,91.5,91.5,30,5.0,False
304.0,12000,12000.0,0.0,6000.0,1104600.0,496800.0,607800.0,92.0,92.0,92.0,30,5.0,False
305.0,12000,12000.0,0.0,6000.0,1110600.0,499800.0,610800.0,92.5,92.5,92.5,30,5.0,False
306.0,12000,12000.0,0.0,6000.0,1116600.0,502200.0,614400.0,93.0,93.0,93.0,30,5.0,False
307.0,12000,12000.0,0.0,6000.0,1122600.0,505200.0,617400.0,93.5,93.5,93.5,30,5.0,False
308.0,12000,12000.0,0.0,6000.0,1128600.0,507600.0,621000.0,94.0,94.0,94.0,30,5.0,False
309.0,12000,12000.0,0.0,6000.0,1134600.0,510600.0,624000.0,94.5,94.5,94.5,30,5.0,False
310.0,12000,12000.0,0.0,6000.0,1140600.0,513000.0,627600.0,95.0,95.0,95.0,30,5.0,False
311.0,12000,12000.0,0.0,6000.0,1146600.0,516000.0,630600.0,95.5,95.5,95.5,30,5.0,False
312.0,12000,12000.0,0.0,6000.0,1152600.0,518400.0,634200.0,96.0,96.0,96.0,30,5.0,False
313.0,12000,12000.0,0.0,6000.0,1158600.0,521400.0,637200.0,96.5,96.5,96.5,30,5.0,False
314.0,12000,12000.0,0.0,6000.0,1164600.0,523800.0,640800.0,97.0,97.0,97.0,30,5.0,False
315.0,12000,12000.0,0.0,6000.0,1170600.0,526800.0,643800.0,97.5,97.5,97.5,30,5.0,False
316.0,12000,12000.0,0.0,6000.0,1176600.0,529200.0,647400.0,98.0,98.0,98.0,30,5.0,False
317.0,12000,12000.0,0.0,6000.0,1182600.0,532200.0,650400.0,98.5,98.5,98.5,30,5.0,False
318.0,12000,12000.0,0.0,6000.0,1188600.0,534600.0,654000.0,99.0,99.0,99.0,30,5.0,False
319.0,12000,12000.0,0.0,6000.0,1194600.0,537600.0,657000.0,99.5,99.5,99.5,30,5.0,False
320.0,12000,12000.0,0.0,6000.0,1200600.0,540000.0,660600.0,100.0,100.0,100.0,30,5.0,False
321.0,12000,12000.0,0.0,6000.0,1206600.0,543000.0,663600.0,100.5,100.5,100.5,30,5.0,False
322.0,12000,12000.0,0.0,6000.0,1212600.0,545400.0,667200.0,101.0,101.0,101.0,30,5.0,False
323.0,12000,12000.0,0.0,6000.0,1218600.0,548400.0,670200.0,101.5,101.5,101.5,30,5.0,False
324.0,12000,12000.0,0.0,6000.0,1224600.0,550800.0,673800.0,102.0,102.0,102.0,30,5.0,False
325.0,12000,12000.0,0.0,6000.0,1230600.0,553800.0,676800.0,102.5,102.5,102.5,30,5.0,False
326.0,12000,12000.0,0.0,6000.0,1236600.0,556200.0,680400.0,103.0,103.0,103.0,30,5.0,False
327.0,12000,12000.0,0.0,6000.0,1242600.0,559200.0,683400.0,103.5,103.5,103.5,30,5.0,False
328.0,12000,12000.0,0.0,6000.0,1248600.0,561600.0,687000.0,104.0,104.0,104.0,30,5.0,False
329.0,12000,12000.0,0.0,6000.0,1254600.0,564600.0,690000.0,104.5,104.5,104.5,30,5.0,False
330.0,12000,12000.0,0.0,6000.0,1260600.0,567000.0,693600.0,105.0,105.0,105.0,30,5.0,False
331.0,12000,12000.0,0.0,6000.0,1266600.0,570000.0,696600.0,105.5,105.5,105.5,30,5.0,False
332.0,12000,12000.0,0.0,6000.0,1272600.0,572400.0,700200.0,106.0,106.0,106.0,30,5.0,False
333.0,12000,12000.0,0.0,6000.0,1278600.0,575400.0,703200.0,106.5,106.5,106.5,30,5.0,False
334.0,12000,12000.0,0.0,6000.0,1284600.0,577800.0,706800.0,107.0,107.0,107.0,30,5.0,False
335.0,12000,12000.0,0.0,6000.0,1290600.0,580800.0,709800.0,107.5,107.5,107.5,30,5.0,False
336.0,12000,12000.0,0.0,6000.0,1296600.0,583200.0,713400.0,108.0,108.0,108.0,30,5.0,False
337.0,12000,12000.0,0.0,6000.0,1302600.0,586200.0,716400.0,108.5,108.5,108.5,30,5.0,False
338.0,12000,12000.0,0.0,6000.0,1308600.0,588600.0,720000.0,109.0,109.0,109.0,30,5.0,False
339.0,12000,12000.0,0.0,6000.0,1314600.0,591600.0,723000.0,109.5,109.5,109.5,30,5.0,False
340.0,12000,12000.0,0.0,6000.0,1320600.0,594000.0,726600.0,110.0,110.0,110.0,30,5.0,False
341.0,12000,12000.0,0.0,6000.0,1326600.0,597000.0,729600.0,110.5,110.5,110.5,30,5.0,False
342.0,12000,12000.0,0.0,6000.0,1332600.0,599400.0,733200.0,111.0,111.0,111.0,30,5.0,False
343.0,12000,12000.0,0.0,6000.0,1338600.0,602400.0,736200.0,111.5,111.5,111.5,30,5.0,False
344.0,12000,12000.0,0.0,6000.0,1344600.0,604800.0,739800.0,112.0,112.0,112.0,30,5.0,False
345.0,12000,12000.0,0.0,6000.0,1350600.0,607800.0,742800.0,112.5,112.5,112.5,30,5.0,False
346.0,12000,12000.0,0.0,6000.0,1356600.0,610200.0,746400.0,113.0,113.0,113.0,30,5.0,False
347.0,12000,12000.0,0.0,6000.0,1362600.0,613200.0,749400.0,113.5,113.5,113.5,30,5.0,False
348.0,12000,12000.0,0.0,6000.0,1368600.0,615600.0,753000.0,114.0,114.0,114.0,30,5.0,False
349.0,12000,12000.0,0.0,6000.0,1374600.0,618600.0,756000.0,114.5,114.5,114.5,30,5.0,False
350.0,12000,12000.0,0.0,6000.0,1380600.0,621000.0,759600.0,115.0,115.0,115.0,30,5.0,False
351.0,12000,12000.0,0.0,6000.0,1386600.0,624000.0,762600.0,115.5,115.5,115.5,30,5.0,False
352.0,12000,12000.0,0.0,6000.0,1392600.0,626400.0,766200.0,116.0,116.0,116.0,30,5.0,False
353.0,12000,12000.0,0.0,6000.0,1398600.0,629400.0,769200.0,116.5,116.5,116.5,30,5.0,False
354.0,12000,12000.0,0.0,6000.0,1404600.0,631800.0,772800.0,117.0,117.0,117.0,30,5.0,False
355.0,12000,12000.0,0.0,6000.0,1410600.0,634800.0,775800.0,117.5,117.5,117.5,30,5.0,False
356.0,12000,12000.0,0.0,6000.0,1416600.0,637200.0,779400.0,118.0,118.0,118.0,30,5.0,False
357.0,12000,12000.0,0.0,6000.0,1422600.0,640200.0,782400.0,118.5,118.5,118.5,30,5.0,False
358.0,12000,12000.0,0.0,6000.0,1428600.0,642600.0,786000.0,119.0,119.0,119.0,30,5.0,False
359.0,12000,12000.0,0.0,6000.0,1434600.0,645600.0,789000.0,119.5,119.5,119.5,30,5.0,False
360.0,12000,12000.0,0.0,6000.0,1440600.0,648000.0,792600.0,120.0,120.0,120.0,30,5.0,False
361.0,12000,12000.0,0.0,6000.0,1446600.0,651000.0,795600.0,120.5,120.5,120.5,30,5.0,False
362.0,12000,12000.0,0.0,6000.0,1452600.0,653400.0,799200.0,121.0,121.0,121.0,30,5.0,False
363.0,12000,12000.0,0.0,6000.0,1458600.0,656400.0,802200.0,121.5,121.5,121.5,30,5.0,False
364.0,12000,12000.0,0.0,6000.0,1464600.0,658800.0,805800.0,122.0,122.0,122.0,30,5.0,False
365.0,12000,12000.0,0.0,6000.0,1470600.0,661800.0,808800.0,122.5,122.5,122.5,30,5.0,False
366.0,12000,12000.0,0.0,6000.0,1476600.0,664200.0,812400.0,123.0,123.0,123.0,30,5.0,False
367.0,12000,12000.0,0.0,6000.0,1482600.0,667200.0,815400.0,123.5,123.5,123.5,30,5.0,False
368.0,12000,12000.0,0.0,6000.0,1488600.0,669600.0,819000.0,124.0,124.0,124.0,30,5.0,False
369.0,12000,12000.0,0.0,6000.0,1494600.0,672600.0,822000.0,124.5,124.5,124.5,30,5.0,False
370.0,12000,12000.0,0.0,6000.0,1500600.0,675000.0,825600.0,125.0,125.0,125.0,30,5.0,False
371.0,12000,12000.0,0.0,6000.0,1506600.0,678000.0,828600.0,125.5,125.5,125.5,30,5.0,False
372.0,12000,12000.0,0.0,6000.0,1512600.0,680400.0,832200.0,126.0,126.0,126.0,30,5.0,False
373.0,12000,12000.0,0.0,6000.0,1518600.0,683400.0,835200.0,126.5,126.5,126.5,30,5.0,False
374.0,12000,12000.0,0.0,6000.0,1524600.0,685800.0,838800.0,127.0,127.0,127.0,30,5.0,False
375.0,12000,12000.0,0.0,6000.0,1530600.0,688800.0,841800.0,127.5,127.5,127.5,30,5.0,False
376.0,12000,12000.0,0.0,6000.0,1536600.0,691200.0,845400.0,128.0,128.0,128.0,30,5.0,False
377.0,12000,12000.0,0.0,6000.0,1542600.0,694200.0,848400.0,128.5,128.5,128.5,30,5.0,False
378.0,12000,12000.0,0.0,6000.0,1548600.0,696600.0,852000.0,129.0,129.0,129.0,30,5.0,False
379.0,12000,12000.0,0.0,6000.0,1554600.0,699600.0,855000.0,129.5,129.5,129.5,30,5.0,False
380.0,12000,12000.0,0.0,6000.0,1560600.0,702000.0,858600.0,130.0,130.0,130.0,30,5.0,False
381.0,12000,12000.0,0.0,6000.0,1566600.0,705000.0,861600.0,130.5,130.5,130.5,30,5.0,False
382.0,12000,12000.0,0.0,6000.0,1572600.0,707400.0,865200.0,131.0,131.0,131.0,30,5.0,False
383.0,12000,12000.0,0.0,6000.0,1578600.0,710400.0,868200.0,131.5,131.5,131.5,30,5.0,False
384.0,12000,12000.0,0.0,6000.0,1584600.0,712800.0,871800.0,132.0,132.0,132.0,30,5.0,False
385.0,12000,12000.0,0.0,6000.0,1590600.0,715800.0,874800.0,132.5,132.5,132.5,30,5.0,False
386.0,12000,12000.0,0.0,6000.0,1596600.0,718200.0,878400.0,133.0,133.0,133.0,30,5.0,False
387.0,12000,12000.0,0.0,6000.0,1602600.0,721200.0,881400.0,133.5,133.5,133.5,30,5.0,False
388.0,12000,12000.0,0.0,6000.0,1608600.0,723600.0,885000.0,134.0,134.0,134.0,30,5.0,False
389.0,12000,12000.0,0.0,6000.0,1614600.0,726600.0,888000.0,134.5,134.5,134.5,30,5.0,False
390.0,12000,12000.0,0.0,6000.0,1620600.0,729000.0,891600.0,135.0,135.0,135.0,30,5.0,False
391.0,12000,12000.0,0.0,6000.0,1626600.0,732000.0,894600.0,135.5,135.5,135.5,30,5.0,False
392.0,12000,12000.0,0.0,6000.0,1632600.0,734400.0,898200.0,136.0,136.0,136.0,30,5.0,False
393.0,12000,12000.0,0.0,6000.0,1638600.0,737400.0,901200.0,136.5,136.5,136.5,30,5.0,False
394.0,12000,12000.0,0.0,6000.0,1644600.0,739800.0,904800.0,137.0,137.0,137.0,30,5.0,False
395.0,12000,12000.0,0.0,6000.0,1650600.0,742800.0,907800.0,137.5,137.5,137.5,30,5.0,False
396.0,12000,12000.0,0.0,6000.0,1656600.0,745200.0,911400.0,138.0,138.0,138.0,30,5.0,False
397.0,12000,12000.0,0.0,6000.0,1662600.0,748200.0,914400.0,138.5,138.5,138.5,30,5.0,False
398.0,12000,12000.0,0.0,6000.0,1668600.0,750600.0,918000.0,139.0,139.0,139.0,30,5.0,False
399.0,12000,12000.0,0.0,6000.0,1674600.0,753600.0,921000.0,139.5,139.5,139.5,30,5.0,False
400.0,12000,12000.0,0.0,6000.0,1680600.0,756000.0,924600.0,140.0,140.0,140.0,30,5.0,False
401.0,12000,12000.0,0.0,6000.0,1686600.0,759000.0,927600.0,140.5,140.5,140.5,30,5.0,False
402.0,12000,12000.0,0.0,6000.0,1692600.0,761400.0,931200.0,141.0,141.0,141.0,30,5.0,False
403.0,12000,12000.0,0.0,6000.0,1698600.0,764400.0,934200.0,141.5,141.5,141.5,30,5.0,False
404.0,12000,12000.0,0.0,6000.0,1704600.0,766800.0,937800.0,142.0,142.0,142.0,30,5.0,False
405.0,12000,12000.0,0.0,6000.0,1710600.0,769800.0,940800.0,142.5,142.5,142.5,30,5.0,False
406.0,12000,12000.0,0.0,6000.0,1716600.0,772200.0,944400.0,143.0,143.0,143.0,30,5.0,False
407.0,12000,12000.0,0.0,6000.0,1722600.0,775200.0,947400.0,143.5,143.5,143.5,30,5.0,False
408.0,12000,12000.0,0.0,6000.0,1728600.0,777600.0,951000.0,144.0,144.0,144.0,30,5.0,False
409.0,12000,12000.0,0.0,6000.0,1734600.0,780600.0,954000.0,144.5,144.5,144.5,30,5.0,False
410.0,12000,12000.0,0.0,6000.0,1740600.0,783000.0,957600.0,145.0,145.0,145.0,30,5.0,False
411.0,12000,12000.0,0.0,6000.0,1746600.0,786000.0,960600.0,145.5,145.5,145.5,30,5.0,False
412.0,12000,12000.0,0.0,6000.0,1752600.0,788400.0,964200.0,146.0,146.0,146.0,30,5.0,False
413.0,12000,12000.0,0.0,6000.0,1758600.0,791400.0,967200.0,146.5,146.5,146.5,30,5.0,False
414.0,12000,12000.0,0.0,6000.0,1764600.0,793800.0,970800.0,147.0,147.0,147.0,30,5.0,False
415.0,12000,12000.0,0.0,6000.0,1770600.0,796800.0,973800.0,147.5,147.5,147.5,30,5.0,False
416.0,12000,12000.0,0.0,6000.0,1776600.0,799200.0,977400.0,148.0,148.0,148.0,30,5.0,False
417.0,12000,12000.0,0.0,6000.0,1782600.0,802200.0,980400.0,148.5,148.5,148.5,30,5.0,False
418.0,12000,12000.0,0.0,6000.0,1788600.0,804600.0,984000.0,149.0,149.0,149.0,30,5.0,False
419.0,12000,12000.0,0.0,6000.0,1794600.0,807600.0,987000.0,149.5,149.5,149.5,30,5.0,False
420.0,12000,12000.0,0.0,6000.0,1800600.0,810000.0,990600.0,150.0,150.0,150.0,30,5.0,False
421.0,12000,12000.0,0.0,6000.0,1806600.0,813000.0,993600.0,150.5,150.5,150.5,30,5.0,False
422.0,12000,12000.0,0.0,6000.0,1812600.0,815400.0,997200.0,151.0,151.0,151.0,30,5.0,False
423.0,12000,12000.0,0.0,6000.0,1818600.0,818400.0,1000200.0,151.5,151.5,151.5,30,5.0,False
424.0,12000,12000.0,0.0,6000.0,1824600.0,820800.0,1003800.0,152.0,152.0,152.0,30,5.0,False
425.0,12000,12000.0,0.0,6000.0,1830600.0,823800.0,1006800.0,152.5,152.5,152.5,30,5.0,False
426.0,12000,12000.0,0.0,6000.0,1836600.0,826200.0,1010400.0,153.0,153.0,153.0,30,5.0,False
427.0,12000,12000.0,0.0,6000.0,1842600.0,829200.0,1013400.0,153.5,153.5,153.5,30,5.0,False
428.0,12000,12000.0,0.0,6000.0,1848600.0,831600.0,1017000.0,154.0,154.0,154.0,30,5.0,False
429.0,12000,12000.0,0.0,6000.0,1854600.0,834600.0,1020000.0,154.5,154.5,154.5,30,5.0,False
430.0,12000,12000.0,0.0,6000.0,1860600.0,837000.0,1023600.0,155.0,155.0,155.0,30,5.0,False
431.0,12000,12000.0,0.0,6000.0,1866600.0,840000.0,1026600.0,155.5,155.5,155.5,30,5.0,False
432.0,12000,12000.0,0.0,6000.0,1872600.0,842400.0,1030200.0,156.0,156.0,156.0,30,5.0,False
433.0,12000,12000.0,0.0,6000.0,1878600.0,845400.0,1033200.0,156.5,156.5,156.5,30,5.0,False
434.0,12000,12000.0,0.0,6000.0,1884600.0,847800.0,1036800.0,157.0,157.0,157.0,30,5.0,False
435.0,12000,12000.0,0.0,6000.0,1890600.0,850800.0,1039800.0,157.5,157.5,157.5,30,5.0,False
436.0,12000,12000.0,0.0,6000.0,1896600.0,853200.0,1043400.0,158.0,158.0,158.0,30,5.0,False
437.0,12000,12000.0,0.0,6000.0,1902600.0,856200.0,1046400.0,158.5,158.5,158.5,30,5.0,False
438.0,12000,12000.0,0.0,6000.0,1908600.0,858600.0,1050000.0,159.0,159.0,159.0,30,5.0,False
439.0,12000,12000.0,0.0,6000.0,1914600.0,861600.0,1053000.0,159.5,159.5,159.5,30,5.0,False
440.0,12000,12000.0,0.0,6000.0,1920600.0,864000.0,1056600.0,160.0,160.0,160.0,30,5.0,False
441.0,12000,12000.0,0.0,6000.0,1926600.0,867000.0,1059600.0,160.5,160.5,160.5,30,5.0,False
442.0,12000,12000.0,0.0,6000.0,1932600.0,869400.0,1063200.0,161.0,161.0,161.0,30,5.0,False
443.0,12000,12000.0,0.0,6000.0,1938600.0,872400.0,1066200.0,161.5,161.5,161.5,30,5.0,False
444.0,12000,12000.0,0.0,6000.0,1944600.0,874800.0,1069800.0,162.0,162.0,162.0,30,5.0,False
445.0,12000,12000.0,0.0,6000.0,1950600.0,877800.0,1072800.0,162.5,162.5,162.5,30,5.0,False
446.0,12000,12000.0,0.0,6000.0,1956600.0,880200.0,1076400.0,163.0,163.0,163.0,30,5.0,False
447.0,12000,12000.0,0.0,6000.0,1962600.0,883200.0,1079400.0,163.5,163.5,163.5,30,5.0,False
448.0,12000,12000.0,0.0,6000.0,1968600.0,885600.0,1083000.0,164.0,164.0,164.0,30,5.0,False
449.0,12000,12000.0,0.0,6000.0,1974600.0,888600.0,1086000.0,164.5,164.5,164.5,30,5.0,False
450.0,12000,12000.0,0.0,6000.0,1980600.0,891000.0,1089600.0,165.0,165.0,165.0,30,5.0,False
451.0,12000,12000.0,0.0,6000.0,1986600.0,894000.0,1092600.0,165.5,165.5,165.5,30,5.0,False
452.0,12000,12000.0,0.0,6000.0,1992600.0,896400.0,1096200.0,166.0,166.0,166.0,30,5.0,False
453.0,12000,12000.0,0.0,6000.0,1998600.0,899400.0,1099200.0,166.5,166.5,166.5,30,5.0,False
454.0,12000,12000.0,0.0,6000.0,2004600.0,901800.0,1102800.0,167.0,167.0,167.0,30,5.0,False
455.0,12000,12000.0,0.0,6000.0,2010600.0,904800.0,1105800.0,167.5,167.5,167.5,30,5.0,False
456.0,12000,12000.0,0.0,6000.0,2016600.0,907200.0,1109400.0,168.0,168.0,168.0,30,5.0,False
457.0,12000,12000.0,0.0,6000.0,2022600.0,910200.0,1112400.0,168.5,168.5,168.5,30,5.0,False
458.0,12000,12000.0,0.0,6000.0,2028600.0,912600.0,1116000.0,169.0,169.0,169.0,30,5.0,False
459.0,12000,12000.0,0.0,6000.0,2034600.0,915600.0,1119000.0,169.5,169.5,169.5,30,5.0,False
460.0,12000,12000.0,0.0,6000.0,2040600.0,918000.0,1122600.0,170.0,170.0,170.0,30,5.0,False
461.0,12000,12000.0,0.0,6000.0,2046600.0,921000.0,1125600.0,170.5,170.5,170.5,30,5.0,False
462.0,12000,12000.0,0.0,6000.0,2052600.0,923400.0,1129200.0,171.0,171.0,171.0,30,5.0,False
463.0,12000,12000.0,0.0,6000.0,2058600.0,926400.0,1132200.0,171.5,171.5,171.5,30,5.0,False
464.0,12000,12000.0,0.0,6000.0,2064600.0,928800.0,1135800.0,172.0,172.0,172.0,30,5.0,False
465.0,12000,12000.0,0.0,6000.0,2070600.0,931800.0,1138800.0,172.5,172.5,172.5,30,5.0,False
466.0,12000,12000.0,0.0,6000.0,2076600.0,934200.0,1142400.0,173.0,173.0,173.0,30,5.0,False
467.0,12000,12000.0,0.0,6000.0,2082600.0,937200.0,1145400.0,173.5,173.5,173.5,30,5.0,False
468.0,12000,12000.0,0.0,6000.0,2088600.0,939600.0,1149000.0,174.0,174.0,174.0,30,5.0,False
469.0,12000,12000.0,0.0,6000.0,2094600.0,942600.0,1152000.0,174.5,174.5,174.5,30,5.0,False
470.0,12000,12000.0,0.0,6000.0,2100600.0,945000.0,1155600.0,175.0,175.0,175.0,30,5.0,False
471.0,12000,12000.0,0.0,6000.0,2106600.0,948000.0,1158600.0,175.5,175.5,175.5,30,5.0,False
472.0,12000,12000.0,0.0,6000.0,2112600.0,950400.0,1162200.0,176.0,176.0,176.0,30,5.0,False
473.0,12000,12000.0,0.0,6000.0,2118600.0,953400.0,1165200.0,176.5,176.5,176.5,30,5.0,False
474.0,12000,12000.0,0.0,6000.0,2124600.0,955800.0,1168800.0,177.0,177.0,177.0,30,5.0,False
475.0,12000,12000.0,0.0,6000.0,2130600.0,958800.0,1171800.0,177.5,177.5,177.5,30,5.0,False
476.0,12000,12000.0,0.0,6000.0,2136600.0,961200.0,1175400.0,178.0,178.0,178.0,30,5.0,False
477.0,12000,12000.0,0.0,6000.0,2142600.0,964200.0,1178400.0,178.5,178.5,178.5,30,5.0,False
478.0,12000,12000.0,0.0,6000.0,2148600.0,966600.0,1182000.0,179.0,179.0,179.0,30,5.0,False
479.0,12000,12000.0,0.0,6000.0,2154600.0,969600.0,1185000.0,179.5,179.5,179.5,30,5.0,False
480.0,12000,12000.0,0.0,6000.0,2160600.0,972000.0,1188600.0,180.0,180.0,180.0,30,5.0,False
481.0,12000,12000.0,0.0,6000.0,2166600.0,975000.0,1191600.0,180.5,180.5,180.5,30,5.0,False
482.0,12000,12000.0,0.0,6000.0,2172600.0,977400.0,1195200.0,181.0,181.0,181.0,30,5.0,False
483.0,12000,12000.0,0.0,6000.0,2178600.0,980400.0,1198200.0,181.5,181.5,181.5,30,5.0,False
484.0,12000,12000.0,0.0,6000.0,2184600.0,982800.0,1201800.0,182.0,182.0,182.0,30,5.0,False
485.0,12000,12000.0,0.0,6000.0,2190600.0,985800.0,1204800.0,182.5,182.5,182.5,30,5.0,False
486.0,12000,12000.0,0.0,6000.0,2196600.0,988200.0,1208400.0,183.0,183.0,183.0,30,5.0,False
487.0,12000,12000.0,0.0,6000.0,2202600.0,991200.0,1211400.0,183.5,183.5,183.5,30,5.0,False
488.0,12000,12000.0,0.0,6000.0,2208600.0,993600.0,1215000.0,184.0,184.0,184.0,30,5.0,False
489.0,12000,12000.0,0.0,6000.0,2214600.0,996600.0,1218000.0,184.5,184.5,184.5,30,5.0,False
490.0,12000,12000.0,0.0,6000.0,2220600.0,999000.0,1221600.0,185.0,185.0,185.0,30,5.0,False
491.0,12000,12000.0,0.0,6000.0,2226600.0,1002000.0,1224600.0,185.5,185.5,185.5,30,5.0,False
492.0,12000,12000.0,0.0,6000.0,2232600.0,1004400.0,1228200.0,186.0,186.0,186.0,30,5.0,False
493.0,12000,12000.0,0.0,6000.0,2238600.0,1007400.0,1231200.0,186.5,186.5,186.5,30,5.0,False
494.0,12000,12000.0,0.0,6000.0,2244600.0,1009800.0,1234800.0,187.0,187.0,187.0,30,5.0,False
495.0,12000,12000.0,0.0,6000.0,2250600.0,1012800.0,1237800.0,187.5,187.5,187.5,30,5.0,False
496.0,12000,12000.0,0.0,6000.0,2256600.0,1015200.0,1241400.0,188.0,188.0,188.0,30,5.0,False
497.0,12000,12000.0,0.0,6000.0,2262600.0,1018200.0,1244400.0,188.5,188.5,188.5,30,5.0,False
498.0,12000,12000.0,0.0,6000.0,2268600.0,1020600.0,1248000.0,189.0,189.0,189.0,30,5.0,False
499.0,12000,12000.0,0.0,6000.0,2274600.0,1023600.0,1251000.0,189.5,189.5,189.5,30,5.0,False
500.0,12000,12000.0,0.0,6000.0,2280600.0,1026000.0,1254600.0,190.0,190.0,190.0,30,5.0,False
501.0,12000,12000.0,0.0,6000.0,2286600.0,1029000.0,1257600.0,190.5,190.5,190.5,30,5.0,False
502.0,12000,12000.0,0.0,6000.0,2292600.0,1031400.0,1261200.0,191.0,191.0,191.0,30,5.0,False
503.0,12000,12000.0,0.0,6000.0,2298600.0,1034400.0,1264200.0,191.5,191.5,191.5,30,5.0,False
504.0,12000,12000.0,0.0,6000.0,2304600.0,1036800.0,1267800.0,192.0,192.0,192.0,30,5.0,False
505.0,12000,12000.0,0.0,6000.0,2310600.0,1039800.0,1270800.0,192.5,192.5,192.5,30,5.0,False
506.0,12000,12000.0,0.0,6000.0,2316600.0,1042200.0,1274400.0,193.0,193.0,193.0,30,5.0,False
507.0,12000,12000.0,0.0,6000.0,2322600.0,1045200.0,1277400.0,193.5,193.5,193.5,30,5.0,False
508.0,12000,12000.0,0.0,6000.0,2328600.0,1047600.0,1281000.0,194.0,194.0,194.0,30,5.0,False
509.0,12000,12000.0,0.0,6000.0,2334600.0,1050600.0,1284000.0,194.5,194.5,194.5,30,5.0,False
510.0,12000,12000.0,0.0,6000.0,2340600.0,1053000.0,1287600.0,195.0,195.0,195.0,30,5.0,False
511.0,12000,12000.0,0.0,6000.0,2346600.0,1056000.0,1290600.0,195.5,195.5,195.5,30,5.0,False
512.0,12000,12000.0,0.0,6000.0,2352600.0,1058400.0,1294200.0,196.0,196.0,196.0,30,5.0,False
513.0,12000,12000.0,0.0,6000.0,2358600.0,1061400.0,1297200.0,196.5,196.5,196.5,30,5.0,False
514.0,12000,12000.0,0.0,6000.0,2364600.0,1063800.0,1300800.0,197.0,197.0,197.0,30,5.0,False
515.0,12000,12000.0,0.0,6000.0,2370600.0,1066800.0,1303800.0,197.5,197.5,197.5,30,5.0,False
516.0,12000,12000.0,0.0,6000.0,2376600.0,1069200.0,1307400.0,198.0,198.0,198.0,30,5.0,False
517.0,12000,12000.0,0.0,6000.0,2382600.0,1072200.0,1310400.0,198.5,198.5,198.5,30,5.0,False
518.0,12000,12000.0,0.0,6000.0,2388600.0,1074600.0,1314000.0,199.0,199.0,199.0,30,5.0,False
519.0,12000,12000.0,0.0,6000.0,2394600.0,1077600.0,1317000.0,199.5,199.5,199.5,30,5.0,False
520.0,12000,12000.0,0.0,6000.0,2400600.0,1080000.0,1320600.0,200.0,200.0,200.0,30,5.0,False
521.0,12000,12000.0,0.0,6000.0,2406600.0,1083000.0,1323600.0,200.5,200.5,200.5,30,5.0,False
522.0,12000,12000.0,0.0,6000.0,2412600.0,1085400.0,1327200.0,201.0,201.0,201.0,30,5.0,False
523.0,12000,12000.0,0.0,6000.0,2418600.0,1088400.0,1330200.0,201.5,201.5,201.5,30,5.0,False
524.0,12000,12000.0,0.0,6000.0,2424600.0,1090800.0,1333800.0,202.0,202.0,202.0,30,5.0,False
525.0,12000,12000.0,0.0,6000.0,2430600.0,1093800.0,1336800.0,202.5,202.5,202.5,30,5.0,False
526.0,12000,12000.0,0.0,6000.0,2436600.0,1096200.0,1340400.0,203.0,203.0,203.0,30,5.0,False
527.0,12000,12000.0,0.0,6000.0,2442600.0,1099200.0,1343400.0,203.5,203.5,203.5,30,5.0,False
528.0,12000,12000.0,0.0,6000.0,2448600.0,1101600.0,1347000.0,204.0,204.0,204.0,30,5.0,False
529.0,12000,12000.0,0.0,6000.0,2454600.0,1104600.0,1350000.0,204.5,204.5,204.5,30,5.0,False
530.0,12000,12000.0,0.0,6000.0,2460600.0,1107000.0,1353600.0,205.0,205.0,205.0,30,5.0,False
531.0,12000,12000.0,0.0,6000.0,2466600.0,1110000.0,1356600.0,205.5,205.5,205.5,30,5.0,False
532.0,12000,12000.0,0.0,6000.0,2472600.0,1112400.0,1360200.0,206.0,206.0,206.0,30,5.0,False
533.0,12000,12000.0,0.0,6000.0,2478600.0,1115400.0,1363200.0,206.5,206.5,206.5,30,5.0,False
534.0,12000,12000.0,0.0,6000.0,2484600.0,1117800.0,1366800.0,207.0,207.0,207.0,30,5.0,False
535.0,12000,12000.0,0.0,6000.0,2490600.0,1120800.0,1369800.0,207.5,207.5,207.5,30,5.0,False
536.0,12000,12000.0,0.0,6000.0,2496600.0,1123200.0,1373400.0,208.0,208.0,208.0,30,5.0,False
537.0,12000,12000.0,0.0,6000.0,2502600.0,1126200.0,1376400.0,208.5,208.5,208.5,30,5.0,False
538.0,12000,12000.0,0.0,6000.0,2508600.0,1128600.0,1380000.0,209.0,209.0,209.0,30,5.0,False
539.0,12000,12000.0,0.0,6000.0,2514600.0,1131600.0,1383000.0,209.5,209.5,209.5,30,5.0,False
540.0,12000,12000.0,0.0,6000.0,2520600.0,1134000.0,1386600.0,210.0,210.0,210.0,30,5.0,False
541.0,12000,12000.0,0.0,6000.0,2526600.0,1137000.0,1389600.0,210.5,210.5,210.5,30,5.0,False
542.0,12000,12000.0,0.0,6000.0,2532600.0,1139400.0,1393200.0,211.0,211.0,211.0,30,5.0,False
543.0,12000,12000.0,0.0,6000.0,2538600.0,1142400.0,1396200.0,211.5,211.5,211.5,30,5.0,False
544.0,12000,12000.0,0.0,6000.0,2544600.0,1144800.0,1399800.0,212.0,212.0,212.0,30,5.0,False
545.0,12000,12000.0,0.0,6000.0,2550600.0,1147800.0,1402800.0,212.5,212.5,212.5,30,5.0,False
546.0,12000,12000.0,0.0,6000.0,2556600.0,1150200.0,1406400.0,213.0,213.0,213.0,30,5.0,False
547.0,12000,12000.0,0.0,6000.0,2562600.0,1153200.0,1409400.0,213.5,213.5,213.5,30,5.0,False
548.0,12000,12000.0,0.0,6000.0,2568600.0,1155600.0,1413000.0,214.0,214.0,214.0,30,5.0,False
549.0,12000,12000.0,0.0,6000.0,2574600.0,1158600.0,1416000.0,214.5,214.5,214.5,30,5.0,False
550.0,12000,12000.0,0.0,6000.0,2580600.0,1161000.0,1419600.0,215.0,215.0,215.0,30,5.0,False
551.0,12000,12000.0,0.0,6000.0,2586600.0,1164000.0,1422600.0,215.5,215.5,215.5,30,5.0,False
552.0,12000,12000.0,0.0,6000.0,2592600.0,1166400.0,1426200.0,216.0,216.0,216.0,30,5.0,False
553.0,12000,12000.0,0.0,6000.0,2598600.0,1169400.0,1429200.0,216.5,216.5,216.5,30,5.0,False
554.0,12000,12000.0,0.0,6000.0,2604600.0,1171800.0,1432800.0,217.0,217.0,217.0,30,5.0,False
555.0,12000,12000.0,0.0,6000.0,2610600.0,1174800.0,1435800.0,217.5,217.5,217.5,30,5.0,False
556.0,12000,12000.0,0.0,6000.0,2616600.0,1177200.0,1439400.0,218.0,218.0,218.0,30,5.0,False
557.0,12000,12000.0,0.0,6000.0,2622600.0,1180200.0,1442400.0,218.5,218.5,218.5,30,5.0,False
558.0,12000,12000.0,0.0,6000.0,2628600.0,1182600.0,1446000.0,219.0,219.0,219.0,30,5.0,False
559.0,12000,12000.0,0.0,6000.0,2634600.0,1185600.0,1449000.0,219.5,219.5,219.5,30,5.0,False
560.0,12000,12000.0,0.0,6000.0,2640600.0,1188000.0,1452600.0,220.0,220.0,220.0,30,5.0,False
561.0,12000,12000.0,0.0,6000.0,2646600.0,1191000.0,1455600.0,220.5,220.5,220.5,30,5.0,False
562.0,12000,12000.0,0.0,6000.0,2652600.0,1193400.0,1459200.0,221.0,221.0,221.0,30,5.0,False
563.0,12000,12000.0,0.0,6000.0,2658600.0,1196400.0,1462200.0,221.5,221.5,221.5,30,5.0,False
564.0,12000,12000.0,0.0,6000.0,2664600.0,1198800.0,1465800.0,222.0,222.0,222.0,30,5.0,False
565.0,12000,12000.0,0.0,6000.0,2670600.0,1201800.0,1468800.0,222.5,222.5,222.5,30,5.0,False
566.0,12000,12000.0,0.0,6000.0,2676600.0,1204200.0,1472400.0,223.0,223.0,223.0,30,5.0,False
567.0,12000,12000.0,0.0,6000.0,2682600.0,1207200.0,1475400.0,223.5,223.5,223.5,30,5.0,False
568.0,12000,12000.0,0.0,6000.0,2688600.0,1209600.0,1479000.0,224.0,224.0,224.0,30,5.0,False
569.0,12000,12000.0,0.0,6000.0,2694600.0,1212600.0,1482000.0,224.5,224.5,224.5,30,5.0,False
570.0,12000,12000.0,0.0,6000.0,2700600.0,1215000.0,1485600.0,225.0,225.0,225.0,30,5.0,False
571.0,12000,12000.0,0.0,6000.0,2706600.0,1218000.0,1488600.0,225.5,225.5,225.5,30,5.0,False
572.0,12000,12000.0,0.0,6000.0,2712600.0,1220400.0,1492200.0,226.0,226.0,226.0,30,5.0,False
573.0,12000,12000.0,0.0,6000.0,2718600.0,1223400.0,1495200.0,226.5,226.5,226.5,30,5.0,False
574.0,12000,12000.0,0.0,6000.0,2724600.0,1225800.0,1498800.0,227.0,227.0,227.0,30,5.0,False
575.0,12000,12000.0,0.0,6000.0,2730600.0,1228800.0,1501800.0,227.5,227.5,227.5,30,5.0,False
576.0,12000,12000.0,0.0,6000.0,2736600.0,1231200.0,1505400.0,228.0,228.0,228.0,30,5.0,False
577.0,12000,12000.0,0.0,6000.0,2742600.0,1234200.0,1508400.0,228.5,228.5,228.5,30,5.0,False
578.0,12000,12000.0,0.0,6000.0,2748600.0,1236600.0,1512000.0,229.0,229.0,229.0,30,5.0,False
579.0,12000,12000.0,0.0,6000.0,2754600.0,1239600.0,1515000.0,229.5,229.5,229.5,30,5.0,False
580.0,12000,12000.0,0.0,6000.0,2760600.0,1242000.0,1518600.0,230.0,230.0,230.0,30,5.0,False
581.0,12000,12000.0,0.0,6000.0,2766600.0,1245000.0,1521600.0,230.5,230.5,230.5,30,5.0,False
582.0,12000,12000.0,0.0,6000.0,2772600.0,1247400.0,1525200.0,231.0,231.0,231.0,30,5.0,False
583.0,12000,12000.0,0.0,6000.0,2778600.0,1250400.0,1528200.0,231.5,231.5,231.5,30,5.0,False
584.0,12000,12000.0,0.0,6000.0,2784600.0,1252800.0,1531800.0,232.0,232.0,232.0,30,5.0,False
585.0,12000,12000.0,0.0,6000.0,2790600.0,1255800.0,1534800.0,232.5,232.5,232.5,30,5.0,False
586.0,12000,12000.0,0.0,6000.0,2796600.0,1258200.0,1538400.0,233.0,233.0,233.0,30,5.0,False
587.0,12000,12000.0,0.0,6000.0,2802600.0,1261200.0,1541400.0,233.5,233.5,233.5,30,5.0,False
588.0,12000,12000.0,0.0,6000.0,2808600.0,1263600.0,1545000.0,234.0,234.0,234.0,30,5.0,False
589.0,12000,12000.0,0.0,6000.0,2814600.0,1266600.0,1548000.0,234.5,234.5,234.5,30,5.0,False
590.0,12000,12000.0,0.0,6000.0,2820600.0,1269000.0,1551600.0,235.0,235.0,235.0,30,5.0,False
591.0,12000,12000.0,0.0,6000.0,2826600.0,1272000.0,1554600.0,235.5,235.5,235.5,30,5.0,False
592.0,12000,12000.0,0.0,6000.0,2832600.0,1274400.0,1558200.0,236.0,236.0,236.0,30,5.0,False
593.0,12000,12000.0,0.0,6000.0,2838600.0,1277400.0,1561200.0,236.5,236.5,236.5,30,5.0,False
594.0,12000,12000.0,0.0,6000.0,2844600.0,1279800.0,1564800.0,237.0,237.0,237.0,30,5.0,False
595.0,12000,12000.0,0.0,6000.0,2850600.0,1282800.0,1567800.0,237.5,237.5,237.5,30,5.0,False
596.0,12000,12000.0,0.0,6000.0,2856600.0,1285200.0,1571400.0,238.0,238.0,238.0,30,5.0,False
597.0,12000,12000.0,0.0,6000.0,2862600.0,1288200.0,1574400.0,238.5,238.5,238.5,30,5.0,False
598.0,12000,12000.0,0.0,6000.0,2868600.0,1290600.0,1578000.0,239.0,239.0,239.0,30,5.0,False
599.0,12000,12000.0,0.0,6000.0,2874600.0,1293600.0,1581000.0,239.5,239.5,239.5,30,5.0,False
600.0,12000,12000.0,0.0,6000.0,2880600.0,1296000.0,1584600.0,240.0,240.0,240.0,30,5.0,False
601.0,12000,12000.0,0.0,6000.0,2886600.0,1299000.0,1587600.0,240.5,240.5,240.5,30,5.0,False
602.0,12000,12000.0,0.0,6000.0,2892600.0,1301400.0,1591200.0,241.0,241.0,241.0,30,5.0,False
603.0,12000,12000.0,0.0,6000.0,2898600.0,1304400.0,1594200.0,241.5,241.5,241.5,30,5.0,False
604.0,12000,12000.0,0.0,6000.0,2904600.0,1306800.0,1597800.0,242.0,242.0,242.0,30,5.0,False
605.0,12000,12000.0,0.0,6000.0,2910600.0,1309800.0,1600800.0,242.5,242.5,242.5,30,5.0,False
606.0,12000,12000.0,0.0,6000.0,2916600.0,1312200.0,1604400.0,243.0,243.0,243.0,30,5.0,False
607.0,12000,12000.0,0.0,6000.0,2922600.0,1315200.0,1607400.0,243.5,243.5,243.5,30,5.0,False
608.0,12000,12000.0,0.0,6000.0,2928600.0,1317600.0,1611000.0,244.0,244.0,244.0,30,5.0,False
609.0,12000,12000.0,0.0,6000.0,2934600.0,1320600.0,1614000.0,244.5,244.5,244.5,30,5.0,False
610.0,12000,12000.0,0.0,6000.0,2940600.0,1323000.0,1617600.0,245.0,245.0,245.0,30,5.0,False
611.0,12000,12000.0,0.0,6000.0,2946600.0,1326000.0,1620600.0,245.5,245.5,245.5,30,5.0,False
612.0,12000,12000.0,0.0,6000.0,2952600.0,1328400.0,1624200.0,246.0,246.0,246.0,30,5.0,False
613.0,12000,12000.0,0.0,6000.0,2958600.0,1331400.0,1627200.0,246.5,246.5,246.5,30,5.0,False
614.0,12000,12000.0,0.0,6000.0,2964600.0,1333800.0,1630800.0,247.0,247.0,247.0,30,5.0,False
615.0,12000,12000.0,0.0,6000.0,2970600.0,1336800.0,1633800.0,247.5,247.5,247.5,30,5.0,False
616.0,12000,12000.0,0.0,6000.0,2976600.0,1339200.0,1637400.0,248.0,248.0,248.0,30,5.0,False
617.0,12000,12000.0,0.0,6000.0,2982600.0,1342200.0,1640400.0,248.5,248.5,248.5,30,5.0,False
618.0,12000,12000.0,0.0,6000.0,2988600.0,1344600.0,1644000.0,249.0,249.0,249.0,30,5.0,False
619.0,12000,12000.0,0.0,6000.0,2994600.0,1347600.0,1647000.0,249.5,249.5,249.5,30,5.0,False
620.0,12000,12000.0,0.0,6000.0,3000600.0,1350000.0,1650600.0,250.0,250.0,250.0,30,5.0,False
621.0,12000,12000.0,0.0,6000.0,3006600.0,1353000.0,1653600.0,250.5,250.5,250.5,30,5.0,False
622.0,12000,12000.0,0.0,6000.0,3012600.0,1355400.0,1657200.0,251.0,251.0,251.0,30,5.0,False
623.0,12000,12000.0,0.0,6000.0,3018600.0,1358400.0,1660200.0,251.5,251.5,251.5,30,5.0,False
624.0,12000,12000.0,0.0,6000.0,3024600.0,1360800.0,1663800.0,252.0,252.0,252.0,30,5.0,False
625.0,12000,12000.0,0.0,6000.0,3030600.0,1363800.0,1666800.0,252.5,252.5,252.5,30,5.0,False
626.0,12000,12000.0,0.0,6000.0,3036600.0,1366200.0,1670400.0,253.0,253.0,253.0,30,5.0,False
627.0,12000,12000.0,0.0,6000.0,3042600.0,1369200.0,1673400.0,253.5,253.5,253.5,30,5.0,False
628.0,12000,12000.0,0.0,6000.0,3048600.0,1371600.0,1677000.0,254.0,254.0,254.0,30,5.0,False
629.0,12000,12000.0,0.0,6000.0,3054600.0,1374600.0,1680000.0,254.5,254.5,254.5,30,5.0,False
630.0,12000,12000.0,0.0,6000.0,3060600.0,1377000.0,1683600.0,255.0,255.0,255.0,30,5.0,False
631.0,12000,12000.0,0.0,6000.0,3066600.0,1380000.0,1686600.0,255.5,255.5,255.5,30,5.0,False
632.0,12000,12000.0,0.0,6000.0,3072600.0,1382400.0,1690200.0,256.0,256.0,256.0,30,5.0,False
633.0,12000,12000.0,0.0,6000.0,3078600.0,1385400.0,1693200.0,256.5,256.5,256.5,30,5.0,False
634.0,12000,12000.0,0.0,6000.0,3084600.0,1387800.0,1696800.0,257.0,257.0,257.0,30,5.0,False
635.0,12000,12000.0,0.0,6000.0,3090600.0,1390800.0,1699800.0,257.5,257.5,257.5,30,5.0,False
636.0,12000,12000.0,0.0,6000.0,3096600.0,1393200.0,1703400.0,258.0,258.0,258.0,30,5.0,False
637.0,12000,12000.0,0.0,6000.0,3102600.0,1396200.0,1706400.0,258.5,258.5,258.5,30,5.0,False
638.0,12000,12000.0,0.0,6000.0,3108600.0,1398600.0,1710000.0,259.0,259.0,259.0,30,5.0,False
639.0,12000,12000.0,0.0,6000.0,3114600.0,1401600.0,1713000.0,259.5,259.5,259.5,30,5.0,False
640.0,12000,12000.0,0.0,6000.0,3120600.0,1404000.0,1716600.0,260.0,260.0,260.0,30,5.0,False
641.0,12000,12000.0,0.0,6000.0,3126600.0,1407000.0,1719600.0,260.5,260.5,260.5,30,5.0,False
642.0,12000,12000.0,0.0,6000.0,3132600.0,1409400.0,1723200.0,261.0,261.0,261.0,30,5.0,False
643.0,12000,12000.0,0.0,6000.0,3138600.0,1412400.0,1726200.0,261.5,261.5,261.5,30,5.0,False
644.0,12000,12000.0,0.0,6000.0,3144600.0,1414800.0,1729800.0,262.0,262.0,262.0,30,5.0,False
645.0,12000,12000.0,0.0,6000.0,3150600.0,1417800.0,1732800.0,262.5,262.5,262.5,30,5.0,False
646.0,12000,12000.0,0.0,6000.0,3156600.0,1420200.0,1736400.0,263.0,263.0,263.0,30,5.0,False
647.0,12000,12000.0,0.0,6000.0,3162600.0,1423200.0,1739400.0,263.5,263.5,263.5,30,5.0,False
648.0,12000,12000.0,0.0,6000.0,3168600.0,1425600.0,1743000.0,264.0,264.0,264.0,30,5.0,False
649.0,12000,12000.0,0.0,6000.0,3174600.0,1428600.0,1746000.0,264.5,264.5,264.5,30,5.0,False
650.0,12000,12000.0,0.0,6000.0,3180600.0,1431000.0,1749600.0,265.0,265.0,265.0,30,5.0,False
651.0,12000,12000.0,0.0,6000.0,3186600.0,1434000.0,1752600.0,265.5,265.5,265.5,30,5.0,False
652.0,12000,12000.0,0.0,6000.0,3192600.0,1436400.0,1756200.0,266.0,266.0,266.0,30,5.0,False
653.0,12000,12000.0,0.0,6000.0,3198600.0,1439400.0,1759200.0,266.5,266.5,266.5,30,5.0,False
654.0,12000,12000.0,0.0,6000.0,3204600.0,1441800.0,1762800.0,267.0,267.0,267.0,30,5.0,False
655.0,12000,12000.0,0.0,6000.0,3210600.0,1444800.0,1765800.0,267.5,267.5,267.5,30,5.0,False
656.0,12000,12000.0,0.0,6000.0,3216600.0,1447200.0,1769400.0,268.0,268.0,268.0,30,5.0,False
657.0,12000,12000.0,0.0,6000.0,3222600.0,1450200.0,1772400.0,268.5,268.5,268.5,30,5.0,False
658.0,12000,12000.0,0.0,6000.0,3228600.0,1452600.0,1776000.0,269.0,269.0,269.0,30,5.0,False
659.0,12000,12000.0,0.0,6000.0,3234600.0,1455600.0,1779000.0,269.5,269.5,269.5,30,5.0,False
660.0,12000,12000.0,0.0,6000.0,3240600.0,1458000.0,1782600.0,270.0,270.0,270.0,30,5.0,False
661.0,12000,12000.0,0.0,6000.0,3246600.0,1461000.0,1785600.0,270.5,270.5,270.5,30,5.0,False
662.0,12000,12000.0,0.0,6000.0,3252600.0,1463400.0,1789200.0,271.0,271.0,271.0,30,5.0,False
663.0,12000,12000.0,0.0,6000.0,3258600.0,1466400.0,1792200.0,271.5,271.5,271.5,30,5.0,False
664.0,12000,12000.0,0.0,6000.0,3264600.0,1468800.0,1795800.0,272.0,272.0,272.0,30,5.0,False
665.0,12000,12000.0,0.0,6000.0,3270600.0,1471800.0,1798800.0,272.5,272.5,272.5,30,5.0,False
666.0,12000,12000.0,0.0,6000.0,3276600.0,1474200.0,1802400.0,273.0,273.0,273.0,30,5.0,False
667.0,12000,12000.0,0.0,6000.0,3282600.0,1477200.0,1805400.0,273.5,273.5,273.5,30,5.0,False
668.0,12000,12000.0,0.0,6000.0,3288600.0,1479600.0,1809000.0,274.0,274.0,274.0,30,5.0,False
669.0,12000,12000.0,0.0,6000.0,3294600.0,1482600.0,1812000.0,274.5,274.5,274.5,30,5.0,False
670.0,12000,12000.0,0.0,6000.0,3300600.0,1485000.0,1815600.0,275.0,275.0,275.0,30,5.0,False
671.0,12000,12000.0,0.0,6000.0,3306600.0,1488000.0,1818600.0,275.5,275.5,275.5,30,5.0,False
672.0,12000,12000.0,0.0,6000.0,3312600.0,1490400.0,1822200.0,276.0,276.0,276.0,30,5.0,False
673.0,12000,12000.0,0.0,6000.0,3318600.0,1493400.0,1825200.0,276.5,276.5,276.5,30,5.0,False
674.0,12000,12000.0,0.0,6000.0,3324600.0,1495800.0,1828800.0,277.0,277.0,277.0,30,5.0,False
675.0,12000,12000.0,0.0,6000.0,3330600.0,1498800.0,1831800.0,277.5,277.5,277.5,30,5.0,False
676.0,12000,12000.0,0.0,6000.0,3336600.0,1501200.0,1835400.0,278.0,278.0,278.0,30,5.0,False
677.0,12000,12000.0,0.0,6000.0,3342600.0,1504200.0,1838400.0,278.5,278.5,278.5,30,5.0,False
678.0,12000,12000.0,0.0,6000.0,3348600.0,1506600.0,1842000.0,279.0,279.0,279.0,30,5.0,False
679.0,12000,12000.0,0.0,6000.0,3354600.0,1509600.0,1845000.0,279.5,279.5,279.5,30,5.0,False
680.0,12000,12000.0,0.0,6000.0,3360600.0,1512000.0,1848600.0,280.0,280.0,280.0,30,5.0,False
681.0,12000,12000.0,0.0,6000.0,3366600.0,1515000.0,1851600.0,280.5,280.5,280.5,30,5.0,False
682.0,12000,12000.0,0.0,6000.0,3372600.0,1517400.0,1855200.0,281.0,281.0,281.0,30,5.0,False
683.0,12000,12000.0,0.0,6000.0,3378600.0,1520400.0,1858200.0,281.5,281.5,281.5,30,5.0,False
684.0,12000,12000.0,0.0,6000.0,3384600.0,1522800.0,1861800.0,282.0,282.0,282.0,30,5.0,False
685.0,12000,12000.0,0.0,6000.0,3390600.0,1525800.0,1864800.0,282.5,282.5,282.5,30,5.0,False
686.0,12000,12000.0,0.0,6000.0,3396600.0,1528200.0,1868400.0,283.0,283.0,283.0,30,5.0,False
687.0,12000,12000.0,0.0,6000.0,3402600.0,1531200.0,1871400.0,283.5,283.5,283.5,30,5.0,False
688.0,12000,12000.0,0.0,6000.0,3408600.0,1533600.0,1875000.0,284.0,284.0,284.0,30,5.0,False
689.0,12000,12000.0,0.0,6000.0,3414600.0,1536600.0,1878000.0,284.5,284.5,284.5,30,5.0,False
690.0,12000,12000.0,0.0,6000.0,3420600.0,1539000.0,1881600.0,285.0,285.0,285.0,30,5.0,False
691.0,12000,12000.0,0.0,6000.0,3426600.0,1542000.0,1884600.0,285.5,285.5,285.5,30,5.0,False
692.0,12000,12000.0,0.0,6000.0,3432600.0,1544400.0,1888200.0,286.0,286.0,286.0,30,5.0,False
693.0,12000,12000.0,0.0,6000.0,3438600.0,1547400.0,1891200.0,286.5,286.5,286.5,30,5.0,False
694.0,12000,12000.0,0.0,6000.0,3444600.0,1549800.0,1894800.0,287.0,287.0,287.0,30,5.0,False
695.0,12000,12000.0,0.0,6000.0,3450600.0,1552800.0,1897800.0,287.5,287.5,287.5,30,5.0,False
696.0,12000,12000.0,0.0,6000.0,3456600.0,1555200.0,1901400.0,288.0,288.0,288.0,30,5.0,False
697.0,12000,12000.0,0.0,6000.0,3462600.0,1558200.0,1904400.0,288.5,288.5,288.5,30,5.0,False
698.0,12000,12000.0,0.0,6000.0,3468600.0,1560600.0,1908000.0,289.0,289.0,289.0,30,5.0,False
699.0,12000,12000.0,0.0,6000.0,3474600.0,1563600.0,1911000.0,289.5,289.5,289.5,30,5.0,False
700.0,12000,12000.0,0.0,6000.0,3480600.0,1566000.0,1914600.0,290.0,290.0,290.0,30,5.0,False
701.0,12000,12000.0,0.0,6000.0,3486600.0,1569000.0,1917600.0,290.5,290.5,290.5,30,5.0,False
702.0,12000,12000.0,0.0,6000.0,3492600.0,1571400.0,1921200.0,291.0,291.0,291.0,30,5.0,False
703.0,12000,12000.0,0.0,6000.0,3498600.0,1574400.0,1924200.0,291.5,291.5,291.5,30,5.0,False
704.0,12000,12000.0,0.0,6000.0,3504600.0,1576800.0,1927800.0,292.0,292.0,292.0,30,5.0,False
705.0,12000,12000.0,0.0,6000.0,3510600.0,1579800.0,1930800.0,292.5,292.5,292.5,30,5.0,False
706.0,12000,12000.0,0.0,6000.0,3516600.0,1582200.0,1934400.0,293.0,293.0,293.0,30,5.0,False
707.0,12000,12000.0,0.0,6000.0,3522600.0,1585200.0,1937400.0,293.5,293.5,293.5,30,5.0,False
708.0,12000,12000.0,0.0,6000.0,3528600.0,1587600.0,1941000.0,294.0,294.0,294.0,30,5.0,False
709.0,12000,12000.0,0.0,6000.0,3534600.0,1590600.0,1944000.0,294.5,294.5,294.5,30,5.0,False
710.0,12000,12000.0,0.0,6000.0,3540600.0,1593000.0,1947600.0,295.0,295.0,295.0,30,5.0,False
711.0,12000,12000.0,0.0,6000.0,3546600.0,1596000.0,1950600.0,295.5,295.5,295.5,30,5.0,False
712.0,12000,12000.0,0.0,6000.0,3552600.0,1598400.0,1954200.0,296.0,296.0,296.0,30,5.0,False
713.0,12000,12000.0,0.0,6000.0,3558600.0,1601400.0,1957200.0,296.5,296.5,296.5,30,5.0,False
714.0,12000,12000.0,0.0,6000.0,3564600.0,1603800.0,1960800.0,297.0,297.0,297.0,30,5.0,False
715.0,12000,12000.0,0.0,6000.0,3570600.0,1606800.0,1963800.0,297.5,297.5,297.5,30,5.0,False
716.0,12000,12000.0,0.0,6000.0,3576600.0,1609200.0,1967400.0,298.0,298.0,298.0,30,5.0,False
717.0,12000,12000.0,0.0,6000.0,3582600.0,1612200.0,1970400.0,298.5,298.5,298.5,30,5.0,False
718.0,12000,12000.0,0.0,6000.0,3588600.0,1614600.0,1974000.0,299.0,299.0,299.0,30,5.0,False
719.0,12000,12000.0,0.0,6000.0,3594600.0,1617600.0,1977000.0,299.5,299.5,299.5,30,5.0,False
720.0,5000,5000.0,0.0,6000.0,3599900.0,1619685.0,1980215.0,300.0,300.0,300.0,30,5.0,False
721.0,5000,5000.0,0.0,6000.0,3598900.0,1619535.0,1979365.0,300.5,300.5,300.5,30,5.0,False
722.0,5000,5000.0,0.0,6000.0,3597900.0,1618785.0,1979115.0,301.0,301.0,301.0,30,5.0,False
723.0,5000,5000.0,0.0,6000.0,3596900.0,1618635.0,1978265.0,301.5,301.5,301.5,30,5.0,False
724.0,5000,5000.0,0.0,6000.0,3595900.0,1617885.0,1978015.0,302.0,302.0,302.0,30,5.0,False
725.0,5000,5000.0,0.0,6000.0,3594900.0,1617735.0,1977165.0,302.5,302.5,302.5,30,5.0,False
726.0,5000,5000.0,0.0,6000.0,3593900.0,1616985.0,1976915.0,303.0,303.0,303.0,30,5.0,False
727.0,5000,5000.0,0.0,6000.0,3592900.0,1616835.0,1976065.0,303.5,303.5,303.5,30,5.0,False
728.0,5000,5000.0,0.0,6000.0,3591900.0,1616085.0,1975815.0,304.0,304.0,304.0,30,5.0,False
729.0,5000,5000.0,0.0,6000.0,3590900.0,1615935.0,1974965.0,304.5,304.5,304.5,30,5.0,False
730.0,5000,5000.0,0.0,6000.0,3589900.0,1615185.0,1974715.0,305.0,305.0,305.0,30,5.0,False
731.0,5000,5000.0,0.0,6000.0,3588900.0,1615035.0,1973865.0,305.5,305.5,305.5,30,5.0,False
732.0,5000,5000.0,0.0,6000.0,3587900.0,1614285.0,1973615.0,306.0,306.0,306.0,30,5.0,False
733.0,5000,5000.0,0.0,6000.0,3586900.0,1614135.0,1972765.0,306.5,306.5,306.5,30,5.0,False
734.0,5000,5000.0,0.0,6000.0,3585900.0,1613385.0,1972515.0,307.0,307.0,307.0,30,5.0,False
735.0,5000,5000.0,0.0,6000.0,3584900.0,1613235.0,1971665.0,307.5,307.5,307.5,30,5.0,False
736.0,5000,5000.0,0.0,6000.0,3583900.0,1612485.0,1971415.0,308.0,308.0,308.0,30,5.0,False
737.0,5000,5000.0,0.0,6000.0,3582900.0,1612335.0,1970565.0,308.5,308.5,308.5,30,5.0,False
738.0,5000,5000.0,0.0,6000.0,3581900.0,1611585.0,1970315.0,309.0,309.0,309.0,30,5.0,False
739.0,5000,5000.0,0.0,6000.0,3580900.0,1611435.0,1969465.0,309.5,309.5,309.5,30,5.0,False
740.0,5000,5000.0,0.0,6000.0,3579900.0,1610685.0,1969215.0,310.0,310.0,310.0,30,5.0,False
741.0,5000,5000.0,0.0,6000.0,3578900.0,1610535.0,1968365.0,310.5,310.5,310.5,30,5.0,False
742.0,5000,5000.0,0.0,6000.0,3577900.0,1609785.0,1968115.0,311.0,311.0,311.0,30,5.0,False
743.0,5000,5000.0,0.0,6000.0,3576900.0,1609635.0,1967265.0,311.5,311.5,311.5,30,5.0,False
744.0,5000,5000.0,0.0,6000.0,3575900.0,1608885.0,1967015.0,312.0,312.0,312.0,30,5.0,False
745.0,5000,5000.0,0.0,6000.0,3574900.0,1608735.0,1966165.0,312.5,312.5,312.5,30,5.0,False
746.0,5000,5000.0,0.0,6000.0,3573900.0,1607985.0,1965915.0,313.0,313.0,313.0,30,5.0,False
747.0,5000,5000.0,0.0,6000.0,3572900.0,1607835.0,1965065.0,313.5,313.5,313.5,30,5.0,False
748.0,5000,5000.0,0.0,6000.0,3571900.0,1607085.0,1964815.0,314.0,314.0,314.0,30,5.0,False
749.0,5000,5000.0,0.0,6000.0,3570900.0,1606935.0,1963965.0,314.5,314.5,314.5,30,5.0,False
750.0,5000,5000.0,0.0,6000.0,3569900.0,1606185.0,1963715.0,315.0,315.0,315.0,30,5.0,False
751.0,5000,5000.0,0.0,6000.0,3568900.0,1606035.0,1962865.0,315.5,315.5,315.5,30,5.0,False
752.0,5000,5000.0,0.0,6000.0,3567900.0,1605285.0,1962615.0,316.0,316.0,316.0,30,5.0,False
753.0,5000,5000.0,0.0,6000.0,3566900.0,1605135.0,1961765.0,316.5,316.5,316.5,30,5.0,False
754.0,5000,5000.0,0.0,6000.0,3565900.0,1604385.0,1961515.0,317.0,317.0,317.0,30,5.0,False
755.0,5000,5000.0,0.0,6000.0,3564900.0,1604235.0,1960665.0,317.5,317.5,317.5,30,5.0,False
756.0,5000,5000.0,0.0,6000.0,3563900.0,1603485.0,1960415.0,318.0,318.0,318.0,30,5.0,False
757.0,5000,5000.0,0.0,6000.0,3562900.0,1603335.0,1959565.0,318.5,318.5,318.5,30,5.0,False
758.0,5000,5000.0,0.0,6000.0,3561900.0,1602585.0,1959315.0,319.0,319.0,319.0,30,5.0,False
759.0,5000,5000.0,0.0,6000.0,3560900.0,1602435.0,1958465.0,319.5,319.5,319.5,30,5.0,False
760.0,5000,5000.0,0.0,6000.0,3559900.0,1601685.0,1958215.0,320.0,320.0,320.0,30,5.0,False
761.0,5000,5000.0,0.0,6000.0,3558900.0,1601535.0,1957365.0,320.5,320.5,320.5,30,5.0,False
762.0,5000,5000.0,0.0,6000.0,3557900.0,1600785.0,1957115.0,321.0,321.0,321.0,30,5.0,False
763.0,5000,5000.0,0.0,6000.0,3556900.0,1600635.0,1956265.0,321.5,321.5,321.5,30,5.0,False
764.0,5000,5000.0,0.0,6000.0,3555900.0,1599885.0,1956015.0,322.0,322.0,322.0,30,5.0,False
765.0,5000,5000.0,0.0,6000.0,3554900.0,1599735.0,1955165.0,322.5,322.5,322.5,30,5.0,False
766.0,5000,5000.0,0.0,6000.0,3553900.0,1598985.0,1954915.0,323.0,323.0,323.0,30,5.0,False
767.0,5000,5000.0,0.0,6000.0,3552900.0,1598835.0,1954065.0,323.5,323.5,323.5,30,5.0,False
768.0,5000,5000.0,0.0,6000.0,3551900.0,1598085.0,1953815.0,324.0,324.0,324.0,30,5.0,False
769.0,5000,5000.0,0.0,6000.0,3550900.0,1597935.0,1952965.0,324.5,324.5,324.5,30,5.0,False
770.0,5000,5000.0,0.0,6000.0,3549900.0,1597185.0,1952715.0,325.0,325.0,325.0,30,5.0,False
771.0,5000,5000.0,0.0,6000.0,3548900.0,1597035.0,1951865.0,325.5,325.5,325.5,30,5.0,False
772.0,5000,5000.0,0.0,6000.0,3547900.0,1596285.0,1951615.0,326.0,326.0,326.0,30,5.0,False
773.0,5000,5000.0,0.0,6000.0,3546900.0,1596135.0,1950765.0,326.5,326.5,326.5,30,5.0,False
774.0,5000,5000.0,0.0,6000.0,3545900.0,1595385.0,1950515.0,327.0,327.0,327.0,30,5.0,False
775.0,5000,5000.0,0.0,6000.0,3544900.0,1595235.0,1949665.0,327.5,327.5,327.5,30,5.0,False
776.0,5000,5000.0,0.0,6000.0,3543900.0,1594485.0,1949415.0,328.0,328.0,328.0,30,5.0,False
777.0,5000,5000.0,0.0,6000.0,3542900.0,1594335.0,1948565.0,328.5,328.5,328.5,30,5.0,False
778.0,5000,5000.0,0.0,6000.0,3541900.0,1593585.0,1948315.0,329.0,329.0,329.0,30,5.0,False
779.0,5000,5000.0,0.0,6000.0,3540900.0,1593435.0,1947465.0,329.5,329.5,329.5,30,5.0,False
780.0,5000,5000.0,0.0,6000.0,3539900.0,1592685.0,1947215.0,330.0,330.0,330.0,30,5.0,False
781.0,5000,5000.0,0.0,6000.0,3538900.0,1592535.0,1946365.0,330.5,330.5,330.5,30,5.0,False
782.0,5000,5000.0,0.0,6000.0,3537900.0,1591785.0,1946115.0,331.0,331.0,331.0,30,5.0,False
783.0,5000,5000.0,0.0,6000.0,3536900.0,1591635.0,1945265.0,331.5,331.5,331.5,30,5.0,False
784.0,5000,5000.0,0.0,6000.0,3535900.0,1590885.0,1945015.0,332.0,332.0,332.0,30,5.0,False
785.0,5000,5000.0,0.0,6000.0,3534900.0,1590735.0,1944165.0,332.5,332.5,332.5,30,5.0,False
786.0,5000,5000.0,0.0,6000.0,3533900.0,1589985.0,1943915.0,333.0,333.0,333.0,30,5.0,False
787.0,5000,5000.0,0.0,6000.0,3532900.0,1589835.0,1943065.0,333.5,333.5,333.5,30,5.0,False
788.0,5000,5000.0,0.0,6000.0,3531900.0,1589085.0,1942815.0,334.0,334.0,334.0,30,5.0,False
789.0,5000,5000.0,0.0,6000.0,3530900.0,1588935.0,1941965.0,334.5,334.5,334.5,30,5.0,False
790.0,5000,5000.0,0.0,6000.0,3529900.0,1588185.0,1941715.0,335.0,335.0,335.0,30,5.0,False
791.0,5000,5000.0,0.0,6000.0,3528900.0,1588035.0,1940865.0,335.5,335.5,335.5,30,5.0,False
792.0,5000,5000.0,0.0,6000.0,3527900.0,1587285.0,1940615.0,336.0,336.0,336.0,30,5.0,False
793.0,5000,5000.0,0.0,6000.0,3526900.0,1587135.0,1939765.0,336.5,336.5,336.5,30,5.0,False
794.0,5000,5000.0,0.0,6000.0,3525900.0,1586385.0,1939515.0,337.0,337.0,337.0,30,5.0,False
795.0,5000,5000.0,0.0,6000.0,3524900.0,1586235.0,1938665.0,337.5,337.5,337.5,30,5.0,False
796.0,5000,5000.0,0.0,6000.0,3523900.0,1585485.0,1938415.0,338.0,338.0,338.0,30,5.0,False
797.0,5000,5000.0,0.0,6000.0,3522900.0,1585335.0,1937565.0,338.5,338.5,338.5,30,5.0,False
798.0,5000,5000.0,0.0,6000.0,3521900.0,1584585.0,1937315.0,339.0,339.0,339.0,30,5.0,False
799.0,5000,5000.0,0.0,6000.0,3520900.0,1584435.0,1936465.0,339.5,339.5,339.5,30,5.0,False
800.0,5000,5000.0,0.0,6000.0,3519900.0,1583685.0,1936215.0,340.0,340.0,340.0,30,5.0,False
801.0,5000,5000.0,0.0,6000.0,3518900.0,1583535.0,1935365.0,340.5,340.5,340.5,30,5.0,False
802.0,5000,5000.0,0.0,6000.0,3517900.0,1582785.0,1935115.0,341.0,341.0,341.0,30,5.0,False
803.0,5000,5000.0,0.0,6000.0,3516900.0,1582635.0,1934265.0,341.5,341.5,341.5,30,5.0,False
804.0,5000,5000.0,0.0,6000.0,3515900.0,1581885.0,1934015.0,342.0,342.0,342.0,30,5.0,False
805.0,5000,5000.0,0.0,6000.0,3514900.0,1581735.0,1933165.0,342.5,342.5,342.5,30,5.0,False
806.0,5000,5000.0,0.0,6000.0,3513900.0,1580985.0,1932915.0,343.0,343.0,343.0,30,5.0,False
807.0,5000,5000.0,0.0,6000.0,3512900.0,1580835.0,1932065.0,343.5,343.5,343.5,30,5.0,False
808.0,5000,5000.0,0.0,6000.0,3511900.0,1580085.0,1931815.0,344.0,344.0,344.0,30,5.0,False
809.0,5000,5000.0,0.0,6000.0,3510900.0,1579935.0,1930965.0,344.5,344.5,344.5,30,5.0,False
810.0,5000,5000.0,0.0,6000.0,3509900.0,1579185.0,1930715.0,345.0,345.0,345.0,30,5.0,False
811.0,5000,5000.0,0.0,6000.0,3508900.0,1579035.0,1929865.0,345.5,345.5,345.5,30,5.0,False
812.0,5000,5000.0,0.0,6000.0,3507900.0,1578285.0,1929615.0,346.0,346.0,346.0,30,5.0,False
813.0,5000,5000.0,0.0,6000.0,3506900.0,1578135.0,1928765.0,346.5,346.5,346.5,30,5.0,False
814.0,5000,5000.0,0.0,6000.0,3505900.0,1577385.0,1928515.0,347.0,347.0,347.0,30,5.0,False
815.0,5000,5000.0,0.0,6000.0,3504900.0,1577235.0,1927665.0,347.5,347.5,347.5,30,5.0,False
816.0,5000,5000.0,0.0,6000.0,3503900.0,1576485.0,1927415.0,348.0,348.0,348.0,30,5.0,False
817.0,5000,5000.0,0.0,6000.0,3502900.0,1576335.0,1926565.0,348.5,348.5,348.5,30,5.0,False
818.0,5000,5000.0,0.0,6000.0,3501900.0,1575585.0,1926315.0,349.0,349.0,349.0,30,5.0,False
819.0,5000,5000.0,0.0,6000.0,3500900.0,1575435.0,1925465.0,349.5,349.5,349.5,30,5.0,False
820.0,5000,5000.0,0.0,6000.0,3499900.0,1574685.0,1925215.0,350.0,350.0,350.0,30,5.0,False
821.0,5000,5000.0,0.0,6000.0,3498900.0,1574535.0,1924365.0,350.5,350.5,350.5,30,5.0,False
822.0,5000,5000.0,0.0,6000.0,3497900.0,1573785.0,1924115.0,351.0,351.0,351.0,30,5.0,False
823.0,5000,5000.0,0.0,6000.0,3496900.0,1573635.0,1923265.0,351.5,351.5,351.5,30,5.0,False
824.0,5000,5000.0,0.0,6000.0,3495900.0,1572885.0,1923015.0,352.0,352.0,352.0,30,5.0,False
825.0,5000,5000.0,0.0,6000.0,3494900.0,1572735.0,1922165.0,352.5,352.5,352.5,30,5.0,False
826.0,5000,5000.0,0.0,6000.0,3493900.0,1571985.0,1921915.0,353.0,353.0,353.0,30,5.0,False
827.0,5000,5000.0,0.0,6000.0,3492900.0,1571835.0,1921065.0,353.5,353.5,353.5,30,5.0,False
828.0,5000,5000.0,0.0,6000.0,3491900.0,1571085.0,1920815.0,354.0,354.0,354.0,30,5.0,False
829.0,5000,5000.0,0.0,6000.0,3490900.0,1570935.0,1919965.0,354.5,354.5,354.5,30,5.0,False
830.0,5000,5000.0,0.0,6000.0,3489900.0,1570185.0,1919715.0,355.0,355.0,355.0,30,5.0,False
831.0,5000,5000.0,0.0,6000.0,3488900.0,1570035.0,1918865.0,355.5,355.5,355.5,30,5.0,False
832.0,5000,5000.0,0.0,6000.0,3487900.0,1569285.0,1918615.0,356.0,356.0,356.0,30,5.0,False
833.0,5000,5000.0,0.0,6000.0,3486900.0,1569135.0,1917765.0,356.5,356.5,356.5,30,5.0,False
834.0,5000,5000.0,0.0,6000.0,3485900.0,1568385.0,1917515.0,357.0,357.0,357.0,30,5.0,False
835.0,5000,5000.0,0.0,6000.0,3484900.0,1568235.0,1916665.0,357.5,357.5,357.5,30,5.0,False
836.0,5000,5000.0,0.0,6000.0,3483900.0,1567485.0,1916415.0,358.0,358.0,358.0,30,5.0,False
837.0,5000,5000.0,0.0,6000.0,3482900.0,1567335.0,1915565.0,358.5,358.5,358.5,30,5.0,False
838.0,5000,5000.0,0.0,6000.0,3481900.0,1566585.0,1915315.0,359.0,359.0,359.0,30,5.0,False
839.0,5000,5000.0,0.0,6000.0,3480900.0,1566435.0,1914465.0,359.5,359.5,359.5,30,5.0,False
840.0,5000,5000.0,0.0,6000.0,3479900.0,1565685.0,1914215.0,360.0,360.0,360.0,30,5.0,False
841.0,5000,5000.0,0.0,6000.0,3478900.0,1565535.0,1913365.0,360.5,360.5,360.5,30,5.0,False
842.0,5000,5000.0,0.0,6000.0,3477900.0,1564785.0,1913115.0,361.0,361.0,361.0,30,5.0,False
843.0,5000,5000.0,0.0,6000.0,3476900.0,1564635.0,1912265.0,361.5,361.5,361.5,30,5.0,False
844.0,5000,5000.0,0.0,6000.0,3475900.0,1563885.0,1912015.0,362.0,362.0,362.0,30,5.0,False
845.0,5000,5000.0,0.0,6000.0,3474900.0,1563735.0,1911165.0,362.5,362.5,362.5,30,5.0,False
846.0,5000,5000.0,0.0,6000.0,3473900.0,1562985.0,1910915.0,363.0,363.0,363.0,30,5.0,False
847.0,5000,5000.0,0.0,6000.0,3472900.0,1562835.0,1910065.0,363.5,363.5,363.5,30,5.0,False
848.0,5000,5000.0,0.0,6000.0,3471900.0,1562085.0,1909815.0,364.0,364.0,364.0,30,5.0,False
849.0,5000,5000.0,0.0,6000.0,3470900.0,1561935.0,1908965.0,364.5,364.5,364.5,30,5.0,False
850.0,5000,5000.0,0.0,6000.0,3469900.0,1561185.0,1908715.0,365.0,365.0,365.0,30,5.0,False
851.0,5000,5000.0,0.0,6000.0,3468900.0,1561035.0,1907865.0,365.5,365.5,365.5,30,5.0,False
852.0,5000,5000.0,0.0,6000.0,3467900.0,1560285.0,1907615.0,366.0,366.0,366.0,30,5.0,False
853.0,5000,5000.0,0.0,6000.0,3466900.0,1560135.0,1906765.0,366.5,366.5,366.5,30,5.0,False
854.0,5000,5000.0,0.0,6000.0,3465900.0,1559385.0,1906515.0,367.0,367.0,367.0,30,5.0,False
855.0,5000,5000.0,0.0,6000.0,3464900.0,1559235.0,1905665.0,367.5,367.5,367.5,30,5.0,False
856.0,5000,5000.0,0.0,6000.0,3463900.0,1558485.0,1905415.0,368.0,368.0,368.0,30,5.0,False
857.0,5000,5000.0,0.0,6000.0,3462900.0,1558335.0,1904565.0,368.5,368.5,368.5,30,5.0,False
858.0,5000,5000.0,0.0,6000.0,3461900.0,1557585.0,1904315.0,369.0,369.0,369.0,30,5.0,False
859.0,5000,5000.0,0.0,6000.0,3460900.0,1557435.0,1903465.0,369.5,369.5,369.5,30,5.0,False
860.0,5000,5000.0,0.0,6000.0,3459900.0,1556685.0,1903215.0,370.0,370.0,370.0,30,5.0,False
861.0,5000,5000.0,0.0,6000.0,3458900.0,1556535.0,1902365.0,370.5,370.5,370.5,30,5.0,False
862.0,5000,5000.0,0.0,6000.0,3457900.0,1555785.0,1902115.0,371.0,371.0,371.0,30,5.0,False
863.0,5000,5000.0,0.0,6000.0,3456900.0,1555635.0,1901265.0,371.5,371.5,371.5,30,5.0,False
864.0,5000,5000.0,0.0,6000.0,3455900.0,1554885.0,1901015.0,372.0,372.0,372.0,30,5.0,False
865.0,5000,5000.0,0.0,6000.0,3454900.0,1554735.0,1900165.0,372.5,372.5,372.5,30,5.0,False
866.0,5000,5000.0,0.0,6000.0,3453900.0,1553985.0,1899915.0,373.0,373.0,373.0,30,5.0,False
867.0,5000,5000.0,0.0,6000.0,3452900.0,1553835.0,1899065.0,373.5,373.5,373.5,30,5.0,False
868.0,5000,5000.0,0.0,6000.0,3451900.0,1553085.0,1898815.0,374.0,374.0,374.0,30,5.0,False
869.0,5000,5000.0,0.0,6000.0,3450900.0,1552935.0,1897965.0,374.5,374.5,374.5,30,5.0,False
870.0,5000,5000.0,0.0,6000.0,3449900.0,1552185.0,1897715.0,375.0,375.0,375.0,30,5.0,False
871.0,5000,5000.0,0.0,6000.0,3448900.0,1552035.0,1896865.0,375.5,375.5,375.5,30,5.0,False
872.0,5000,5000.0,0.0,6000.0,3447900.0,1551285.0,1896615.0,376.0,376.0,376.0,30,5.0,False
873.0,5000,5000.0,0.0,6000.0,3446900.0,1551135.0,1895765.0,376.5,376.5,376.5,30,5.0,False
874.0,5000,5000.0,0.0,6000.0,3445900.0,1550385.0,1895515.0,377.0,377.0,377.0,30,5.0,False
875.0,5000,5000.0,0.0,6000.0,3444900.0,1550235.0,1894665.0,377.5,377.5,377.5,30,5.0,False
876.0,5000,5000.0,0.0,6000.0,3443900.0,1549485.0,1894415.0,378.0,378.0,378.0,30,5.0,False
877.0,5000,5000.0,0.0,6000.0,3442900.0,1549335.0,1893565.0,378.5,378.5,378.5,30,5.0,False
878.0,5000,5000.0,0.0,6000.0,3441900.0,1548585.0,1893315.0,379.0,379.0,379.0,30,5.0,False
879.0,5000,5000.0,0.0,6000.0,3440900.0,1548435.0,1892465.0,379.5,379.5,379.5,30,5.0,False
880.0,5000,5000.0,0.0,6000.0,3439900.0,1547685.0,1892215.0,380.0,380.0,380.0,30,5.0,False
881.0,5000,5000.0,0.0,6000.0,3438900.0,1547535.0,1891365.0,380.5,380.5,380.5,30,5.0,False
882.0,5000,5000.0,0.0,6000.0,3437900.0,1546785.0,1891115.0,381.0,381.0,381.0,30,5.0,False
883.0,5000,5000.0,0.0,6000.0,3436900.0,1546635.0,1890265.0,381.5,381.5,381.5,30,5.0,False
884.0,5000,5000.0,0.0,6000.0,3435900.0,1545885.0,1890015.0,382.0,382.0,382.0,30,5.0,False
885.0,5000,5000.0,0.0,6000.0,3434900.0,1545735.0,1889165.0,382.5,382.5,382.5,30,5.0,False
886.0,5000,5000.0,0.0,6000.0,3433900.0,1544985.0,1888915.0,383.0,383.0,383.0,30,5.0,False
887.0,5000,5000.0,0.0,6000.0,3432900.0,1544835.0,1888065.0,383.5,383.5,383.5,30,5.0,False
888.0,5000,5000.0,0.0,6000.0,3431900.0,1544085.0,1887815.0,384.0,384.0,384.0,30,5.0,False
889.0,5000,5000.0,0.0,6000.0,3430900.0,1543935.0,1886965.0,384.5,384.5,384.5,30,5.0,False
890.0,5000,5000.0,0.0,6000.0,3429900.0,1543185.0,1886715.0,385.0,385.0,385.0,30,5.0,False
891.0,5000,5000.0,0.0,6000.0,3428900.0,1543035.0,1885865.0,385.5,385.5,385.5,30,5.0,False
892.0,5000,5000.0,0.0,6000.0,3427900.0,1542285.0,1885615.0,386.0,386.0,386.0,30,5.0,False
893.0,5000,5000.0,0.0,6000.0,3426900.0,1542135.0,1884765.0,386.5,386.5,386.5,30,5.0,False
894.0,5000,5000.0,0.0,6000.0,3425900.0,1541385.0,1884515.0,387.0,387.0,387.0,30,5.0,False
895.0,5000,5000.0,0.0,6000.0,3424900.0,1541235.0,1883665.0,387.5,387.5,387.5,30,5.0,False
896.0,5000,5000.0,0.0,6000.0,3423900.0,1540485.0,1883415.0,388.0,388.0,388.0,30,5.0,False
897.0,5000,5000.0,0.0,6000.0,3422900.0,1540335.0,1882565.0,388.5,388.5,388.5,30,5.0,False
898.0,5000,5000.0,0.0,6000.0,3421900.0,1539585.0,1882315.0,389.0,389.0,389.0,30,5.0,False
899.0,5000,5000.0,0.0,6000.0,3420900.0,1539435.0,1881465.0,389.5,389.5,389.5,30,5.0,False
900.0,5000,5000.0,0.0,6000.0,3419900.0,1538685.0,1881215.0,390.0,390.0,390.0,30,5.0,False
901.0,5000,5000.0,0.0,6000.0,3418900.0,1538535.0,1880365.0,390.5,390.5,390.5,30,5.0,False
902.0,5000,5000.0,0.0,6000.0,3417900.0,1537785.0,1880115.0,391.0,391.0,391.0,30,5.0,False
903.0,5000,5000.0,0.0,6000.0,3416900.0,1537635.0,1879265.0,391.5,391.5,391.5,30,5.0,False
904.0,5000,5000.0,0.0,6000.0,3415900.0,1536885.0,1879015.0,392.0,392.0,392.0,30,5.0,False
905.0,5000,5000.0,0.0,6000.0,3414900.0,1536735.0,1878165.0,392.5,392.5,392.5,30,5.0,False
906.0,5000,5000.0,0.0,6000.0,3413900.0,1535985.0,1877915.0,393.0,393.0,393.0,30,5.0,False
907.0,5000,5000.0,0.0,6000.0,3412900.0,1535835.0,1877065.0,393.5,393.5,393.5,30,5.0,False
908.0,5000,5000.0,0.0,6000.0,3411900.0,1535085.0,1876815.0,394.0,394.0,394.0,30,5.0,False
909.0,5000,5000.0,0.0,6000.0,3410900.0,1534935.0,1875965.0,394.5,394.5,394.5,30,5.0,False
910.0,5000,5000.0,0.0,6000.0,3409900.0,1534185.0,1875715.0,395.0,395.0,395.0,30,5.0,False
911.0,5000,5000.0,0.0,6000.0,3408900.0,1534035.0,1874865.0,395.5,395.5,395.5,30,5.0,False
912.0,5000,5000.0,0.0,6000.0,3407900.0,1533285.0,1874615.0,396.0,396.0,396.0,30,5.0,False
913.0,5000,5000.0,0.0,6000.0,3406900.0,1533135.0,1873765.0,396.5,396.5,396.5,30,5.0,False
914.0,5000,5000.0,0.0,6000.0,3405900.0,1532385.0,1873515.0,397.0,397.0,397.0,30,5.0,False
915.0,5000,5000.0,0.0,6000.0,3404900.0,1532235.0,1872665.0,397.5,397.5,397.5,30,5.0,False
916.0,5000,5000.0,0.0,6000.0,3403900.0,1531485.0,1872415.0,398.0,398.0,398.0,30,5.0,False
917.0,5000,5000.0,0.0,6000.0,3402900.0,1531335.0,1871565.0,398.5,398.5,398.5,30,5.0,False
918.0,5000,5000.0,0.0,6000.0,3401900.0,1530585.0,1871315.0,399.0,399.0,399.0,30,5.0,False
919.0,5000,5000.0,0.0,6000.0,3400900.0,1530435.0,1870465.0,399.5,399.5,399.5,30,5.0,False
920.0,5000,5000.0,0.0,6000.0,3399900.0,1529685.0,1870215.0,400.0,400.0,400.0,30,5.0,False
921.0,5000,5000.0,0.0,6000.0,3398900.0,1529535.0,1869365.0,400.5,400.5,400.5,30,5.0,False
922.0,5000,5000.0,0.0,6000.0,3397900.0,1528785.0,1869115.0,401.0,401.0,401.0,30,5.0,False
923.0,5000,5000.0,0.0,6000.0,3396900.0,1528635.0,1868265.0,401.5,401.5,401.5,30,5.0,False
924.0,5000,5000.0,0.0,6000.0,3395900.0,1527885.0,1868015.0,402.0,402.0,402.0,30,5.0,False
925.0,5000,5000.0,0.0,6000.0,3394900.0,1527735.0,1867165.0,402.5,402.5,402.5,30,5.0,False
926.0,5000,5000.0,0.0,6000.0,3393900.0,1526985.0,1866915.0,403.0,403.0,403.0,30,5.0,False
927.0,5000,5000.0,0.0,6000.0,3392900.0,1526835.0,1866065.0,403.5,403.5,403.5,30,5.0,False
928.0,5000,5000.0,0.0,6000.0,3391900.0,1526085.0,1865815.0,404.0,404.0,404.0,30,5.0,False
929.0,5000,5000.0,0.0,6000.0,3390900.0,1525935.0,1864965.0,404.5,404.5,404.5,30,5.0,False
930.0,5000,5000.0,0.0,6000.0,3389900.0,1525185.0,1864715.0,405.0,405.0,405.0,30,5.0,False
931.0,5000,5000.0,0.0,6000.0,3388900.0,1525035.0,1863865.0,405.5,405.5,405.5,30,5.0,False
932.0,5000,5000.0,0.0,6000.0,3387900.0,1524285.0,1863615.0,406.0,406.0,406.0,30,5.0,False
933.0,5000,5000.0,0.0,6000.0,3386900.0,1524135.0,1862765.0,406.5,406.5,406.5,30,5.0,False
934.0,5000,5000.0,0.0,6000.0,3385900.0,1523385.0,1862515.0,407.0,407.0,407.0,30,5.0,False
935.0,5000,5000.0,0.0,6000.0,3384900.0,1523235.0,1861665.0,407.5,407.5,407.5,30,5.0,False
936.0,5000,5000.0,0.0,6000.0,3383900.0,1522485.0,1861415.0,408.0,408.0,408.0,30,5.0,False
937.0,5000,5000.0,0.0,6000.0,3382900.0,1522335.0,1860565.0,408.5,408.5,408.5,30,5.0,False
938.0,5000,5000.0,0.0,6000.0,3381900.0,1521585.0,1860315.0,409.0,409.0,409.0,30,5.0,False
939.0,5000,5000.0,0.0,6000.0,3380900.0,1521435.0,1859465.0,409.5,409.5,409.5,30,5.0,False
940.0,5000,5000.0,0.0,6000.0,3379900.0,1520685.0,1859215.0,410.0,410.0,410.0,30,5.0,False
941.0,5000,5000.0,0.0,6000.0,3378900.0,1520535.0,1858365.0,410.5,410.5,410.5,30,5.0,False
942.0,5000,5000.0,0.0,6000.0,3377900.0,1519785.0,1858115.0,411.0,411.0,411.0,30,5.0,False
943.0,5000,5000.0,0.0,6000.0,3376900.0,1519635.0,1857265.0,411.5,411.5,411.5,30,5.0,False
944.0,5000,5000.0,0.0,6000.0,3375900.0,1518885.0,1857015.0,412.0,412.0,412.0,30,5.0,False
945.0,5000,5000.0,0.0,6000.0,3374900.0,1518735.0,1856165.0,412.5,412.5,412.5,30,5.0,False
946.0,5000,5000.0,0.0,6000.0,3373900.0,1517985.0,1855915.0,413.0,413.0,413.0,30,5.0,False
947.0,5000,5000.0,0.0,6000.0,3372900.0,1517835.0,1855065.0,413.5,413.5,413.5,30,5.0,False
948.0,5000,5000.0,0.0,6000.0,3371900.0,1517085.0,1854815.0,414.0,414.0,414.0,30,5.0,False
949.0,5000,5000.0,0.0,6000.0,3370900.0,1516935.0,1853965.0,414.5,414.5,414.5,30,5.0,False
950.0,5000,5000.0,0.0,6000.0,3369900.0,1516185.0,1853715.0,415.0,415.0,415.0,30,5.0,False
951.0,5000,5000.0,0.0,6000.0,3368900.0,1516035.0,1852865.0,415.5,415.5,415.5,30,5.0,False
952.0,5000,5000.0,0.0,6000.0,3367900.0,1515285.0,1852615.0,416.0,416.0,416.0,30,5.0,False
953.0,5000,5000.0,0.0,6000.0,3366900.0,1515135.0,1851765.0,416.5,416.5,416.5,30,5.0,False
954.0,5000,5000.0,0.0,6000.0,3365900.0,1514385.0,1851515.0,417.0,417.0,417.0,30,5.0,False
955.0,5000,5000.0,0.0,6000.0,3364900.0,1514235.0,1850665.0,417.5,417.5,417.5,30,5.0,False
956.0,5000,5000.0,0.0,6000.0,3363900.0,1513485.0,1850415.0,418.0,418.0,418.0,30,5.0,False
957.0,5000,5000.0,0.0,6000.0,3362900.0,1513335.0,1849565.0,418.5,418.5,418.5,30,5.0,False
958.0,5000,5000.0,0.0,6000.0,3361900.0,1512585.0,1849315.0,419.0,419.0,419.0,30,5.0,False
959.0,5000,5000.0,0.0,6000.0,3360900.0,1512435.0,1848465.0,419.5,419.5,419.5,30,5.0,False
960.0,5000,5000.0,0.0,6000.0,3359900.0,1511685.0,1848215.0,420.0,420.0,420.0,30,5.0,False
961.0,5000,5000.0,0.0,6000.0,3358900.0,1511535.0,1847365.0,420.5,420.5,420.5,30,5.0,False
962.0,5000,5000.0,0.0,6000.0,3357900.0,1510785.0,1847115.0,421.0,421.0,421.0,30,5.0,False
963.0,5000,5000.0,0.0,6000.0,3356900.0,1510635.0,1846265.0,421.5,421.5,421.5,30,5.0,False
964.0,5000,5000.0,0.0,6000.0,3355900.0,1509885.0,1846015.0,422.0,422.0,422.0,30,5.0,False
965.0,5000,5000.0,0.0,6000.0,3354900.0,1509735.0,1845165.0,422.5,422.5,422.5,30,5.0,False
966.0,5000,5000.0,0.0,6000.0,3353900.0,1508985.0,1844915.0,423.0,423.0,423.0,30,5.0,False
967.0,5000,5000.0,0.0,6000.0,3352900.0,1508835.0,1844065.0,423.5,423.5,423.5,30,5.0,False
968.0,5000,5000.0,0.0,6000.0,3351900.0,1508085.0,1843815.0,424.0,424.0,424.0,30,5.0,False
969.0,5000,5000.0,0.0,6000.0,3350900.0,1507935.0,1842965.0,424.5,424.5,424.5,30,5.0,False
970.0,5000,5000.0,0.0,6000.0,3349900.0,1507185.0,1842715.0,425.0,425.0,425.0,30,5.0,False
971.0,5000,5000.0,0.0,6000.0,3348900.0,1507035.0,1841865.0,425.5,425.5,425.5,30,5.0,False
972.0,5000,5000.0,0.0,6000.0,3347900.0,1506285.0,1841615.0,426.0,426.0,426.0,30,5.0,False
973.0,5000,5000.0,0.0,6000.0,3346900.0,1506135.0,1840765.0,426.5,426.5,426.5,30,5.0,False
974.0,5000,5000.0,0.0,6000.0,3345900.0,1505385.0,1840515.0,427.0,427.0,427.0,30,5.0,False
975.0,5000,5000.0,0.0,6000.0,3344900.0,1505235.0,1839665.0,427.5,427.5,427.5,30,5.0,False
976.0,5000,5000.0,0.0,6000.0,3343900.0,1504485.0,1839415.0,428.0,428.0,428.0,30,5.0,False
977.0,5000,5000.0,0.0,6000.0,3342900.0,1504335.0,1838565.0,428.5,428.5,428.5,30,5.0,False
978.0,5000,5000.0,0.0,6000.0,3341900.0,1503585.0,1838315.0,429.0,429.0,429.0,30,5.0,False
979.0,5000,5000.0,0.0,6000.0,3340900.0,1503435.0,1837465.0,429.5,429.5,429.5,30,5.0,False
980.0,5000,5000.0,0.0,6000.0,3339900.0,1502685.0,1837215.0,430.0,430.0,430.0,30,5.0,False
981.0,5000,5000.0,0.0,6000.0,3338900.0,1502535.0,1836365.0,430.5,430.5,430.5,30,5.0,False
982.0,5000,5000.0,0.0,6000.0,3337900.0,1501785.0,1836115.0,431.0,431.0,431.0,30,5.0,False
983.0,5000,5000.0,0.0,6000.0,3336900.0,1501635.0,1835265.0,431.5,431.5,431.5,30,5.0,False
984.0,5000,5000.0,0.0,6000.0,3335900.0,1500885.0,1835015.0,432.0,432.0,432.0,30,5.0,False
985.0,5000,5000.0,0.0,6000.0,3334900.0,1500735.0,1834165.0,432.5,432.5,432.5,30,5.0,False
986.0,5000,5000.0,0.0,6000.0,3333900.0,1499985.0,1833915.0,433.0,433.0,433.0,30,5.0,False
987.0,5000,5000.0,0.0,6000.0,3332900.0,1499835.0,1833065.0,433.5,433.5,433.5,30,5.0,False
988.0,5000,5000.0,0.0,6000.0,3331900.0,1499085.0,1832815.0,434.0,434.0,434.0,30,5.0,False
989.0,5000,5000.0,0.0,6000.0,3330900.0,1498935.0,1831965.0,434.5,434.5,434.5,30,5.0,False
990.0,5000,5000.0,0.0,6000.0,3329900.0,1498185.0,1831715.0,435.0,435.0,435.0,30,5.0,False
991.0,5000,5000.0,0.0,6000.0,3328900.0,1498035.0,1830865.0,435.5,435.5,435.5,30,5.0,False
992.0,5000,5000.0,0.0,6000.0,3327900.0,1497285.0,1830615.0,436.0,436.0,436.0,30,5.0,False
993.0,5000,5000.0,0.0,6000.0,3326900.0,1497135.0,1829765.0,436.5,436.5,436.5,30,5.0,False
994.0,5000,5000.0,0.0,6000.0,3325900.0,1496385.0,1829515.0,437.0,437.0,437.0,30,5.0,False
995.0,5000,5000.0,0.0,6000.0,3324900.0,1496235.0,1828665.0,437.5,437.5,437.5,30,5.0,False
996.0,5000,5000.0,0.0,6000.0,3323900.0,1495485.0,1828415.0,438.0,438.0,438.0,30,5.0,False
997.0,5000,5000.0,0.0,6000.0,3322900.0,1495335.0,1827565.0,438.5,438.5,438.5,30,5.0,False
998.0,5000,5000.0,0.0,6000.0,3321900.0,1494585.0,1827315.0,439.0,439.0,439.0,30,5.0,False
999.0,5000,5000.0,0.0,6000.0,3320900.0,1494435.0,1826465.0,439.5,439.5,439.5,30,5.0,False
1000.0,5000,5000.0,0.0,6000.0,3319900.0,1493685.0,1826215.0,440.0,440.0,440.0,30,5.0,False
1001.0,5000,5000.0,0.0,6000.0,3318900.0,1493535.0,1825365.0,440.5,440.5,440.5,30,5.0,False
1002.0,5000,5000.0,0.0,6000.0,3317900.0,1492785.0,1825115.0,441.0,441.0,441.0,30,5.0,False
1003.0,5000,5000.0,0.0,6000.0,3316900.0,1492635.0,1824265.0,441.5,441.5,441.5,30,5.0,False
1004.0,5000,5000.0,0.0,6000.0,3315900.0,1491885.0,1824015.0,442.0,442.0,442.0,30,5.0,False
1005.0,5000,5000.0,0.0,6000.0,3314900.0,1491735.0,1823165.0,442.5,442.5,442.5,30,5.0,False
1006.0,5000,5000.0,0.0,6000.0,3313900.0,1490985.0,1822915.0,443.0,443.0,443.0,30,5.0,False
1007.0,5000,5000.0,0.0,6000.0,3312900.0,1490835.0,1822065.0,443.5,443.5,443.5,30,5.0,False
1008.0,5000,5000.0,0.0,6000.0,3311900.0,1490085.0,1821815.0,444.0,444.0,444.0,30,5.0,False
1009.0,5000,5000.0,0.0,6000.0,3310900.0,1489935.0,1820965.0,444.5,444.5,444.5,30,5.0,False
1010.0,5000,5000.0,0.0,6000.0,3309900.0,1489185.0,1820715.0,445.0,445.0,445.0,30,5.0,False
1011.0,5000,5000.0,0.0,6000.0,3308900.0,1489035.0,1819865.0,445.5,445.5,445.5,30,5.0,False
1012.0,5000,5000.0,0.0,6000.0,3307900.0,1488285.0,1819615.0,446.0,446.0,446.0,30,5.0,False
1013.0,5000,5000.0,0.0,6000.0,3306900.0,1488135.0,1818765.0,446.5,446.5,446.5,30,5.0,False
1014.0,5000,5000.0,0.0,6000.0,3305900.0,1487385.0,1818515.0,447.0,447.0,447.0,30,5.0,False
1015.0,5000,5000.0,0.0,6000.0,3304900.0,1487235.0,1817665.0,447.5,447.5,447.5,30,5.0,False
1016.0,5000,5000.0,0.0,6000.0,3303900.0,1486485.0,1817415.0,448.0,448.0,448.0,30,5.0,False
1017.0,5000,5000.0,0.0,6000.0,3302900.0,1486335.0,1816565.0,448.5,448.5,448.5,30,5.0,False
1018.0,5000,5000.0,0.0,6000.0,3301900.0,1485585.0,1816315.0,449.0,449.0,449.0,30,5.0,False
1019.0,5000,5000.0,0.0,6000.0,3300900.0,1485435.0,1815465.0,449.5,449.5,449.5,30,5.0,False
1020.0,5000,5000.0,0.0,6000.0,3299900.0,1484685.0,1815215.0,450.0,450.0,450.0,30,5.0,False
1021.0,5000,5000.0,0.0,6000.0,3298900.0,1484535.0,1814365.0,450.5,450.5,450.5,30,5.0,False
1022.0,5000,5000.0,0.0,6000.0,3297900.0,1483785.0,1814115.0,451.0,451.0,451.0,30,5.0,False
1023.0,5000,5000.0,0.0,6000.0,3296900.0,1483635.0,1813265.0,451.5,451.5,451.5,30,5.0,False
1024.0,5000,5000.0,0.0,6000.0,3295900.0,1482885.0,1813015.0,452.0,452.0,452.0,30,5.0,False
1025.0,5000,5000.0,0.0,6000.0,3294900.0,1482735.0,1812165.0,452.5,452.5,452.5,30,5.0,False
1026.0,5000,5000.0,0.0,6000.0,3293900.0,1481985.0,1811915.0,453.0,453.0,453.0,30,5.0,False
1027.0,5000,5000.0,0.0,6000.0,3292900.0,1481835.0,1811065.0,453.5,453.5,453.5,30,5.0,False
1028.0,5000,5000.0,0.0,6000.0,3291900.0,1481085.0,1810815.0,454.0,454.0,454.0,30,5.0,False
1029.0,5000,5000.0,0.0,6000.0,3290900.0,1480935.0,1809965.0,454.5,454.5,454.5,30,5.0,False
1030.0,5000,5000.0,0.0,6000.0,3289900.0,1480185.0,1809715.0,455.0,455.0,455.0,30,5.0,False
1031.0,5000,5000.0,0.0,6000.0,3288900.0,1480035.0,1808865.0,455.5,455.5,455.5,30,5.0,False
1032.0,5000,5000.0,0.0,6000.0,3287900.0,1479285.0,1808615.0,456.0,456.0,456.0,30,5.0,False
1033.0,5000,5000.0,0.0,6000.0,3286900.0,1479135.0,1807765.0,456.5,456.5,456.5,30,5.0,False
1034.0,5000,5000.0,0.0,6000.0,3285900.0,1478385.0,1807515.0,457.0,457.0,457.0,30,5.0,False
1035.0,5000,5000.0,0.0,6000.0,3284900.0,1478235.0,1806665.0,457.5,457.5,457.5,30,5.0,False
1036.0,5000,5000.0,0.0,6000.0,3283900.0,1477485.0,1806415.0,458.0,458.0,458.0,30,5.0,False
1037.0,5000,5000.0,0.0,6000.0,3282900.0,1477335.0,1805565.0,458.5,458.5,458.5,30,5.0,False
1038.0,5000,5000.0,0.0,6000.0,3281900.0,1476585.0,1805315.0,459.0,459.0,459.0,30,5.0,False
1039.0,5000,5000.0,0.0,6000.0,3280900.0,1476435.0,1804465.0,459.5,459.5,459.5,30,5.0,False
1040.0,5000,5000.0,0.0,6000.0,3279900.0,1475685.0,1804215.0,460.0,460.0,460.0,30,5.0,False
1041.0,5000,5000.0,0.0,6000.0,3278900.0,1475535.0,1803365.0,460.5,460.5,460.5,30,5.0,False
1042.0,5000,5000.0,0.0,6000.0,3277900.0,1474785.0,1803115.0,461.0,461.0,461.0,30,5.0,False
1043.0,5000,5000.0,0.0,6000.0,3276900.0,1474635.0,1802265.0,461.5,461.5,461.5,30,5.0,False
1044.0,5000,5000.0,0.0,6000.0,3275900.0,1473885.0,1802015.0,462.0,462.0,462.0,30,5.0,False
1045.0,5000,5000.0,0.0,6000.0,3274900.0,1473735.0,1801165.0,462.5,462.5,462.5,30,5.0,False
1046.0,5000,5000.0,0.0,6000.0,3273900.0,1472985.0,1800915.0,463.0,463.0,463.0,30,5.0,False
1047.0,5000,5000.0,0.0,6000.0,3272900.0,1472835.0,1800065.0,463.5,463.5,463.5,30,5.0,False
1048.0,5000,5000.0,0.0,6000.0,3271900.0,1472085.0,1799815.0,464.0,464.0,464.0,30,5.0,False
1049.0,5000,5000.0,0.0,6000.0,3270900.0,1471935.0,1798965.0,464.5,464.5,464.5,30,5.0,False
1050.0,5000,5000.0,0.0,6000.0,3269900.0,1471185.0,1798715.0,465.0,465.0,465.0,30,5.0,False
1051.0,5000,5000.0,0.0,6000.0,3268900.0,1471035.0,1797865.0,465.5,465.5,465.5,30,5.0,False
1052.0,5000,5000.0,0.0,6000.0,3267900.0,1470285.0,1797615.0,466.0,466.0,466.0,30,5.0,False
1053.0,5000,5000.0,0.0,6000.0,3266900.0,1470135.0,1796765.0,466.5,466.5,466.5,30,5.0,False
1054.0,5000,5000.0,0.0,6000.0,3265900.0,1469385.0,1796515.0,467.0,467.0,467.0,30,5.0,False
1055.0,5000,5000.0,0.0,6000.0,3264900.0,1469235.0,1795665.0,467.5,467.5,467.5,30,5.0,False
1056.0,5000,5000.0,0.0,6000.0,3263900.0,1468485.0,1795415.0,468.0,468.0,468.0,30,5.0,False
1057.0,5000,5000.0,0.0,6000.0,3262900.0,1468335.0,1794565.0,468.5,468.5,468.5,30,5.0,False
1058.0,5000,5000.0,0.0,6000.0,3261900.0,1467585.0,1794315.0,469.0,469.0,469.0,30,5.0,False
1059.0,5000,5000.0,0.0,6000.0,3260900.0,1467435.0,1793465.0,469.5,469.5,469.5,30,5.0,False
1060.0,5000,5000.0,0.0,6000.0,3259900.0,1466685.0,1793215.0,470.0,470.0,470.0,30,5.0,False
1061.0,5000,5000.0,0.0,6000.0,3258900.0,1466535.0,1792365.0,470.5,470.5,470.5,30,5.0,False
1062.0,5000,5000.0,0.0,6000.0,3257900.0,1465785.0,1792115.0,471.0,471.0,471.0,30,5.0,False
1063.0,5000,5000.0,0.0,6000.0,3256900.0,1465635.0,1791265.0,471.5,471.5,471.5,30,5.0,False
1064.0,5000,5000.0,0.0,6000.0,3255900.0,1464885.0,1791015.0,472.0,472.0,472.0,30,5.0,False
1065.0,5000,5000.0,0.0,6000.0,3254900.0,1464735.0,1790165.0,472.5,472.5,472.5,30,5.0,False
1066.0,5000,5000.0,0.0,6000.0,3253900.0,1463985.0,1789915.0,473.0,473.0,473.0,30,5.0,False
1067.0,5000,5000.0,0.0,6000.0,3252900.0,1463835.0,1789065.0,473.5,473.5,473.5,30,5.0,False
1068.0,5000,5000.0,0.0,6000.0,3251900.0,1463085.0,1788815.0,474.0,474.0,474.0,30,5.0,False
1069.0,5000,5000.0,0.0,6000.0,3250900.0,1462935.0,1787965.0,474.5,474.5,474.5,30,5.0,False
1070.0,5000,5000.0,0.0,6000.0,3249900.0,1462185.0,1787715.0,475.0,475.0,475.0,30,5.0,False
1071.0,5000,5000.0,0.0,6000.0,3248900.0,1462035.0,1786865.0,475.5,475.5,475.5,30,5.0,False
1072.0,5000,5000.0,0.0,6000.0,3247900.0,1461285.0,1786615.0,476.0,476.0,476.0,30,5.0,False
1073.0,5000,5000.0,0.0,6000.0,3246900.0,1461135.0,1785765.0,476.5,476.5,476.5,30,5.0,False
1074.0,5000,5000.0,0.0,6000.0,3245900.0,1460385.0,1785515.0,477.0,477.0,477.0,30,5.0,False
1075.0,5000,5000.0,0.0,6000.0,3244900.0,1460235.0,1784665.0,477.5,477.5,477.5,30,5.0,False
1076.0,5000,5000.0,0.0,6000.0,3243900.0,1459485.0,1784415.0,478.0,478.0,478.0,30,5.0,False
1077.0,5000,5000.0,0.0,6000.0,3242900.0,1459335.0,1783565.0,478.5,478.5,478.5,30,5.0,False
1078.0,5000,5000.0,0.0,6000.0,3241900.0,1458585.0,1783315.0,479.0,479.0,479.0,30,5.0,False
1079.0,5000,5000.0,0.0,6000.0,3240900.0,1458435.0,1782465.0,479.5,479.5,479.5,30,5.0,False
1080.0,5000,5000.0,0.0,6000.0,3239900.0,1457685.0,1782215.0,480.0,480.0,480.0,30,5.0,False
1081.0,5000,5000.0,0.0,6000.0,3238900.0,1457535.0,1781365.0,480.5,480.5,480.5,30,5.0,False
1082.0,5000,5000.0,0.0,6000.0,3237900.0,1456785.0,1781115.0,481.0,481.0,481.0,30,5.0,False
1083.0,5000,5000.0,0.0,6000.0,3236900.0,1456635.0,1780265.0,481.5,481.5,481.5,30,5.0,False
1084.0,5000,5000.0,0.0,6000.0,3235900.0,1455885.0,1780015.0,482.0,482.0,482.0,30,5.0,False
1085.0,5000,5000.0,0.0,6000.0,3234900.0,1455735.0,1779165.0,482.5,482.5,482.5,30,5.0,False
1086.0,5000,5000.0,0.0,6000.0,3233900.0,1454985.0,1778915.0,483.0,483.0,483.0,30,5.0,False
1087.0,5000,5000.0,0.0,6000.0,3232900.0,1454835.0,1778065.0,483.5,483.5,483.5,30,5.0,False
1088.0,5000,5000.0,0.0,6000.0,3231900.0,1454085.0,1777815.0,484.0,484.0,484.0,30,5.0,False
1089.0,5000,5000.0,0.0,6000.0,3230900.0,1453935.0,1776965.0,484.5,484.5,484.5,30,5.0,False
1090.0,5000,5000.0,0.0,6000.0,3229900.0,1453185.0,1776715.0,485.0,485.0,485.0,30,5.0,False
1091.0,5000,5000.0,0.0,6000.0,3228900.0,1453035.0,1775865.0,485.5,485.5,485.5,30,5.0,False
1092.0,5000,5000.0,0.0,6000.0,3227900.0,1452285.0,1775615.0,486.0,486.0,486.0,30,5.0,False
1093.0,5000,5000.0,0.0,6000.0,3226900.0,1452135.0,1774765.0,486.5,486.5,486.5,30,5.0,False
1094.0,5000,5000.0,0.0,6000.0,3225900.0,1451385.0,1774515.0,487.0,487.0,487.0,30,5.0,False
1095.0,5000,5000.0,0.0,6000.0,3224900.0,1451235.0,1773665.0,487.5,487.5,487.5,30,5.0,False
1096.0,5000,5000.0,0.0,6000.0,3223900.0,1450485.0,1773415.0,488.0,488.0,488.0,30,5.0,False
1097.0,5000,5000.0,0.0,6000.0,3222900.0,1450335.0,1772565.0,488.5,488.5,488.5,30,5.0,False
1098.0,5000,5000.0,0.0,6000.0,3221900.0,1449585.0,1772315.0,489.0,489.0,489.0,30,5.0,False
1099.0,5000,5000.0,0.0,6000.0,3220900.0,1449435.0,1771465.0,489.5,489.5,489.5,30,5.0,False
1100.0,5000,5000.0,0.0,6000.0,3219900.0,1448685.0,1771215.0,490.0,490.0,490.0,30,5.0,False
1101.0,5000,5000.0,0.0,6000.0,3218900.0,1448535.0,1770365.0,490.5,490.5,490.5,30,5.0,False
1102.0,5000,5000.0,0.0,6000.0,3217900.0,1447785.0,1770115.0,491.0,491.0,491.0,30,5.0,False
1103.0,5000,5000.0,0.0,6000.0,3216900.0,1447635.0,1769265.0,491.5,491.5,491.5,30,5.0,False
1104.0,5000,5000.0,0.0,6000.0,3215900.0,1446885.0,1769015.0,492.0,492.0,492.0,30,5.0,False
1105.0,5000,5000.0,0.0,6000.0,3214900.0,1446735.0,1768165.0,492.5,492.5,492.5,30,5.0,False
1106.0,5000,5000.0,0.0,6000.0,3213900.0,1445985.0,1767915.0,493.0,493.0,493.0,30,5.0,False
1107.0,5000,5000.0,0.0,6000.0,3212900.0,1445835.0,1767065.0,493.5,493.5,493.5,30,5.0,False
1108.0,5000,5000.0,0.0,6000.0,3211900.0,1445085.0,1766815.0,494.0,494.0,494.0,30,5.0,False
1109.0,5000,5000.0,0.0,6000.0,3210900.0,1444935.0,1765965.0,494.5,494.5,494.5,30,5.0,False
1110.0,5000,5000.0,0.0,6000.0,3209900.0,1444185.0,1765715.0,495.0,495.0,495.0,30,5.0,False
1111.0,5000,5000.0,0.0,6000.0,3208900.0,1444035.0,1764865.0,495.5,495.5,495.5,30,5.0,False
1112.0,5000,5000.0,0.0,6000.0,3207900.0,1443285.0,1764615.0,496.0,496.0,496.0,30,5.0,False
1113.0,5000,5000.0,0.0,6000.0,3206900.0,1443135.0,1763765.0,496.5,496.5,496.5,30,5.0,False
1114.0,5000,5000.0,0.0,6000.0,3205900.0,1442385.0,1763515.0,497.0,497.0,497.0,30,5.0,False
1115.0,5000,5000.0,0.0,6000.0,3204900.0,1442235.0,1762665.0,497.5,497.5,497.5,30,5.0,False
1116.0,5000,5000.0,0.0,6000.0,3203900.0,1441485.0,1762415.0,498.0,498.0,498.0,30,5.0,False
1117.0,5000,5000.0,0.0,6000.0,3202900.0,1441335.0,1761565.0,498.5,498.5,498.5,30,5.0,False
1118.0,5000,5000.0,0.0,6000.0,3201900.0,1440585.0,1761315.0,499.0,499.0,499.0,30,5.0,False
1119.0,5000,5000.0,0.0,6000.0,3200900.0,1440435.0,1760465.0,499.5,499.5,499.5,30,5.0,False
1120.0,5000,5000.0,0.0,6000.0,3199900.0,1439685.0,1760215.0,500.0,500.0,500.0,30,5.0,False
1121.0,5000,5000.0,0.0,6000.0,3198900.0,1439535.0,1759365.0,500.5,500.5,500.5,30,5.0,False
1122.0,5000,5000.0,0.0,6000.0,3197900.0,1438785.0,1759115.0,501.0,501.0,501.0,30,5.0,False
1123.0,5000,5000.0,0.0,6000.0,3196900.0,1438635.0,1758265.0,501.5,501.5,501.5,30,5.0,False
1124.0,5000,5000.0,0.0,6000.0,3195900.0,1437885.0,1758015.0,502.0,502.0,502.0,30,5.0,False
1125.0,5000,5000.0,0.0,6000.0,3194900.0,1437735.0,1757165.0,502.5,502.5,502.5,30,5.0,False
1126.0,5000,5000.0,0.0,6000.0,3193900.0,1436985.0,1756915.0,503.0,503.0,503.0,30,5.0,False
1127.0,5000,5000.0,0.0,6000.0,3192900.0,1436835.0,1756065.0,503.5,503.5,503.5,30,5.0,False
1128.0,5000,5000.0,0.0,6000.0,3191900.0,1436085.0,1755815.0,504.0,504.0,504.0,30,5.0,False
1129.0,5000,5000.0,0.0,6000.0,3190900.0,1435935.0,1754965.0,504.5,504.5,504.5,30,5.0,False
1130.0,5000,5000.0,0.0,6000.0,3189900.0,1435185.0,1754715.0,505.0,505.0,505.0,30,5.0,False
1131.0,5000,5000.0,0.0,6000.0,3188900.0,1435035.0,1753865.0,505.5,505.5,505.5,30,5.0,False
1132.0,5000,5000.0,0.0,6000.0,3187900.0,1434285.0,1753615.0,506.0,506.0,506.0,30,5.0,False
1133.0,5000,5000.0,0.0,6000.0,3186900.0,1434135.0,1752765.0,506.5,506.5,506.5,30,5.0,False
1134.0,5000,5000.0,0.0,6000.0,3185900.0,1433385.0,1752515.0,507.0,507.0,507.0,30,5.0,False
1135.0,5000,5000.0,0.0,6000.0,3184900.0,1433235.0,1751665.0,507.5,507.5,507.5,30,5.0,False
1136.0,5000,5000.0,0.0,6000.0,3183900.0,1432485.0,1751415.0,508.0,508.0,508.0,30,5.0,False
1137.0,5000,5000.0,0.0,6000.0,3182900.0,1432335.0,1750565.0,508.5,508.5,508.5,30,5.0,False
1138.0,5000,5000.0,0.0,6000.0,3181900.0,1431585.0,1750315.0,509.0,509.0,509.0,30,5.0,False
1139.0,5000,5000.0,0.0,6000.0,3180900.0,1431435.0,1749465.0,509.5,509.5,509.5,30,5.0,False
1140.0,5000,5000.0,0.0,6000.0,3179900.0,1430685.0,1749215.0,510.0,510.0,510.0,30,5.0,False
1141.0,5000,5000.0,0.0,6000.0,3178900.0,1430535.0,1748365.0,510.5,510.5,510.5,30,5.0,False
1142.0,5000,5000.0,0.0,6000.0,3177900.0,1429785.0,1748115.0,511.0,511.0,511.0,30,5.0,False
1143.0,5000,5000.0,0.0,6000.0,3176900.0,1429635.0,1747265.0,511.5,511.5,511.5,30,5.0,False
1144.0,5000,5000.0,0.0,6000.0,3175900.0,1428885.0,1747015.0,512.0,512.0,512.0,30,5.0,False
1145.0,5000,5000.0,0.0,6000.0,3174900.0,1428735.0,1746165.0,512.5,512.5,512.5,30,5.0,False
1146.0,5000,5000.0,0.0,6000.0,3173900.0,1427985.0,1745915.0,513.0,513.0,513.0,30,5.0,False
1147.0,5000,5000.0,0.0,6000.0,3172900.0,1427835.0,1745065.0,513.5,513.5,513.5,30,5.0,False
1148.0,5000,5000.0,0.0,6000.0,3171900.0,1427085.0,1744815.0,514.0,514.0,514.0,30,5.0,False
1149.0,5000,5000.0,0.0,6000.0,3170900.0,1426935.0,1743965.0,514.5,514.5,514.5,30,5.0,False
1150.0,5000,5000.0,0.0,6000.0,3169900.0,1426185.0,1743715.0,515.0,515.0,515.0,30,5.0,False
1151.0,5000,5000.0,0.0,6000.0,3168900.0,1426035.0,1742865.0,515.5,515.5,515.5,30,5.0,False
1152.0,5000,5000.0,0.0,6000.0,3167900.0,1425285.0,1742615.0,516.0,516.0,516.0,30,5.0,False
1153.0,5000,5000.0,0.0,6000.0,3166900.0,1425135.0,1741765.0,516.5,516.5,516.5,30,5.0,False
1154.0,5000,5000.0,0.0,6000.0,3165900.0,1424385.0,1741515.0,517.0,517.0,517.0,30,5.0,False
1155.0,5000,5000.0,0.0,6000.0,3164900.0,1424235.0,1740665.0,517.5,517.5,517.5,30,5.0,False
1156.0,5000,5000.0,0.0,6000.0,3163900.0,1423485.0,1740415.0,518.0,518.0,518.0,30,5.0,False
1157.0,5000,5000.0,0.0,6000.0,3162900.0,1423335.0,1739565.0,518.5,518.5,518.5,30,5.0,False
1158.0,5000,5000.0,0.0,6000.0,3161900.0,1422585.0,1739315.0,519.0,519.0,519.0,30,5.0,False
1159.0,5000,5000.0,0.0,6000.0,3160900.0,1422435.0,1738465.0,519.5,519.5,519.5,30,5.0,False
1160.0,5000,5000.0,0.0,6000.0,3159900.0,1421685.0,1738215.0,520.0,520.0,520.0,30,5.0,False
1161.0,5000,5000.0,0.0,6000.0,3158900.0,1421535.0,1737365.0,520.5,520.5,520.5,30,5.0,False
1162.0,5000,5000.0,0.0,6000.0,3157900.0,1420785.0,1737115.0,521.0,521.0,521.0,30,5.0,False
1163.0,5000,5000.0,0.0,6000.0,3156900.0,1420635.0,1736265.0,521.5,521.5,521.5,30,5.0,False
1164.0,5000,5000.0,0.0,6000.0,3155900.0,1419885.0,1736015.0,522.0,522.0,522.0,30,5.0,False
1165.0,5000,5000.0,0.0,6000.0,3154900.0,1419735.0,1735165.0,522.5,522.5,522.5,30,5.0,False
1166.0,5000,5000.0,0.0,6000.0,3153900.0,1418985.0,1734915.0,523.0,523.0,523.0,30,5.0,False
1167.0,5000,5000.0,0.0,6000.0,3152900.0,1418835.0,1734065.0,523.5,523.5,523.5,30,5.0,False
1168.0,5000,5000.0,0.0,6000.0,3151900.0,1418085.0,1733815.0,524.0,524.0,524.0,30,5.0,False
1169.0,5000,5000.0,0.0,6000.0,3150900.0,1417935.0,1732965.0,524.5,524.5,524.5,30,5.0,False
1170.0,5000,5000.0,0.0,6000.0,3149900.0,1417185.0,1732715.0,525.0,525.0,525.0,30,5.0,False
1171.0,5000,5000.0,0.0,6000.0,3148900.0,1417035.0,1731865.0,525.5,525.5,525.5,30,5.0,False
1172.0,5000,5000.0,0.0,6000.0,3147900.0,1416285.0,1731615.0,526.0,526.0,526.0,30,5.0,False
1173.0,5000,5000.0,0.0,6000.0,3146900.0,1416135.0,1730765.0,526.5,526.5,526.5,30,5.0,False
1174.0,5000,5000.0,0.0,6000.0,3145900.0,1415385.0,1730515.0,527.0,527.0,527.0,30,5.0,False
1175.0,5000,5000.0,0.0,6000.0,3144900.0,1415235.0,1729665.0,527.5,527.5,527.5,30,5.0,False
1176.0,5000,5000.0,0.0,6000.0,3143900.0,1414485.0,1729415.0,528.0,528.0,528.0,30,5.0,False
1177.0,5000,5000.0,0.0,6000.0,3142900.0,1414335.0,1728565.0,528.5,528.5,528.5,30,5.0,False
1178.0,5000,5000.0,0.0,6000.0,3141900.0,1413585.0,1728315.0,529.0,529.0,529.0,30,5.0,False
1179.0,5000,5000.0,0.0,6000.0,3140900.0,1413435.0,1727465.0,529.5,529.5,529.5,30,5.0,False
1180.0,5000,5000.0,0.0,6000.0,3139900.0,1412685.0,1727215.0,530.0,530.0,530.0,30,5.0,False
1181.0,5000,5000.0,0.0,6000.0,3138900.0,1412535.0,1726365.0,530.5,530.5,530.5,30,5.0,False
1182.0,5000,5000.0,0.0,6000.0,3137900.0,1411785.0,1726115.0,531.0,531.0,531.0,30,5.0,False
1183.0,5000,5000.0,0.0,6000.0,3136900.0,1411635.0,1725265.0,531.5,531.5,531.5,30,5.0,False
1184.0,5000,5000.0,0.0,6000.0,3135900.0,1410885.0,1725015.0,532.0,532.0,532.0,30,5.0,False
1185.0,5000,5000.0,0.0,6000.0,3134900.0,1410735.0,1724165.0,532.5,532.5,532.5,30,5.0,False
1186.0,5000,5000.0,0.0,6000.0,3133900.0,1409985.0,1723915.0,533.0,533.0,533.0,30,5.0,False
1187.0,5000,5000.0,0.0,6000.0,3132900.0,1409835.0,1723065.0,533.5,533.5,533.5,30,5.0,False
1188.0,5000,5000.0,0.0,6000.0,3131900.0,1409085.0,1722815.0,534.0,534.0,534.0,30,5.0,False
1189.0,5000,5000.0,0.0,6000.0,3130900.0,1408935.0,1721965.0,534.5,534.5,534.5,30,5.0,False
1190.0,5000,5000.0,0.0,6000.0,3129900.0,1408185.0,1721715.0,535.0,535.0,535.0,30,5.0,False
1191.0,5000,5000.0,0.0,6000.0,3128900.0,1408035.0,1720865.0,535.5,535.5,535.5,30,5.0,False
1192.0,5000,5000.0,0.0,6000.0,3127900.0,1407285.0,1720615.0,536.0,536.0,536.0,30,5.0,False
1193.0,5000,5000.0,0.0,6000.0,3126900.0,1407135.0,1719765.0,536.5,536.5,536.5,30,5.0,False
1194.0,5000,5000.0,0.0,6000.0,3125900.0,1406385.0,1719515.0,537.0,537.0,537.0,30,5.0,False
1195.0,5000,5000.0,0.0,6000.0,3124900.0,1406235.0,1718665.0,537.5,537.5,537.5,30,5.0,False
1196.0,5000,5000.0,0.0,6000.0,3123900.0,1405485.0,1718415.0,538.0,538.0,538.0,30,5.0,False
1197.0,5000,5000.0,0.0,6000.0,3122900.0,1405335.0,1717565.0,538.5,538.5,538.5,30,5.0,False
1198.0,5000,5000.0,0.0,6000.0,3121900.0,1404585.0,1717315.0,539.0,539.0,539.0,30,5.0,False
1199.0,5000,5000.0,0.0,6000.0,3120900.0,1404435.0,1716465.0,539.5,539.5,539.5,30,5.0,False
1200.0,5000,5000.0,0.0,6000.0,3119900.0,1403685.0,1716215.0,540.0,540.0,540.0,30,5.0,False
1201.0,5000,5000.0,0.0,6000.0,3118900.0,1403535.0,1715365.0,540.5,540.5,540.5,30,5.0,False
1202.0,5000,5000.0,0.0,6000.0,3117900.0,1402785.0,1715115.0,541.0,541.0,541.0,30,5.0,False
1203.0,5000,5000.0,0.0,6000.0,3116900.0,1402635.0,1714265.0,541.5,541.5,541.5,30,5.0,False
1204.0,5000,5000.0,0.0,6000.0,3115900.0,1401885.0,1714015.0,542.0,542.0,542.0,30,5.0,False
1205.0,5000,5000.0,0.0,6000.0,3114900.0,1401735.0,1713165.0,542.5,542.5,542.5,30,5.0,False
1206.0,5000,5000.0,0.0,6000.0,3113900.0,1400985.0,1712915.0,543.0,543.0,543.0,30,5.0,False
1207.0,5000,5000.0,0.0,6000.0,3112900.0,1400835.0,1712065.0,543.5,543.5,543.5,30,5.0,False
1208.0,5000,5000.0,0.0,6000.0,3111900.0,1400085.0,1711815.0,544.0,544.0,544.0,30,5.0,False
1209.0,5000,5000.0,0.0,6000.0,3110900.0,1399935.0,1710965.0,544.5,544.5,544.5,30,5.0,False
1210.0,5000,5000.0,0.0,6000.0,3109900.0,1399185.0,1710715.0,545.0,545.0,545.0,30,5.0,False
1211.0,5000,5000.0,0.0,6000.0,3108900.0,1399035.0,1709865.0,545.5,545.5,545.5,30,5.0,False
1212.0,5000,5000.0,0.0,6000.0,3107900.0,1398285.0,1709615.0,546.0,546.0,546.0,30,5.0,False
1213.0,5000,5000.0,0.0,6000.0,3106900.0,1398135.0,1708765.0,546.5,546.5,546.5,30,5.0,False
1214.0,5000,5000.0,0.0,6000.0,3105900.0,1397385.0,1708515.0,547.0,547.0,547.0,30,5.0,False
1215.0,5000,5000.0,0.0,6000.0,3104900.0,1397235.0,1707665.0,547.5,547.5,547.5,30,5.0,False
1216.0,5000,5000.0,0.0,6000.0,3103900.0,1396485.0,1707415.0,548.0,548.0,548.0,30,5.0,False
1217.0,5000,5000.0,0.0,6000.0,3102900.0,1396335.0,1706565.0,548.5,548.5,548.5,30,5.0,False
1218.0,5000,5000.0,0.0,6000.0,3101900.0,1395585.0,1706315.0,549.0,549.0,549.0,30,5.0,False
1219.0,5000,5000.0,0.0,6000.0,3100900.0,1395435.0,1705465.0,549.5,549.5,549.5,30,5.0,False
1220.0,5000,5000.0,0.0,6000.0,3099900.0,1394685.0,1705215.0,550.0,550.0,550.0,30,5.0,False
1221.0,5000,5000.0,0.0,6000.0,3098900.0,1394535.0,1704365.0,550.5,550.5,550.5,30,5.0,False
1222.0,5000,5000.0,0.0,6000.0,3097900.0,1393785.0,1704115.0,551.0,551.0,551.0,30,5.0,False
1223.0,5000,5000.0,0.0,6000.0,3096900.0,1393635.0,1703265.0,551.5,551.5,551.5,30,5.0,False
1224.0,5000,5000.0,0.0,6000.0,3095900.0,1392885.0,1703015.0,552.0,552.0,552.0,30,5.0,False
1225.0,5000,5000.0,0.0,6000.0,3094900.0,1392735.0,1702165.0,552.5,552.5,552.5,30,5.0,False
1226.0,5000,5000.0,0.0,6000.0,3093900.0,1391985.0,1701915.0,553.0,553.0,553.0,30,5.0,False
1227.0,5000,5000.0,0.0,6000.0,3092900.0,1391835.0,1701065.0,553.5,553.5,553.5,30,5.0,False
1228.0,5000,5000.0,0.0,6000.0,3091900.0,1391085.0,1700815.0,554.0,554.0,554.0,30,5.0,False
1229.0,5000,5000.0,0.0,6000.0,3090900.0,1390935.0,1699965.0,554.5,554.5,554.5,30,5.0,False
1230.0,5000,5000.0,0.0,6000.0,3089900.0,1390185.0,1699715.0,555.0,555.0,555.0,30,5.0,False
1231.0,5000,5000.0,0.0,6000.0,3088900.0,1390035.0,1698865.0,555.5,555.5,555.5,30,5.0,False
1232.0,5000,5000.0,0.0,6000.0,3087900.0,1389285.0,1698615.0,556.0,556.0,556.0,30,5.0,False
1233.0,5000,5000.0,0.0,6000.0,3086900.0,1389135.0,1697765.0,556.5,556.5,556.5,30,5.0,False
1234.0,5000,5000.0,0.0,6000.0,3085900.0,1388385.0,1697515.0,557.0,557.0,557.0,30,5.0,False
1235.0,5000,5000.0,0.0,6000.0,3084900.0,1388235.0,1696665.0,557.5,557.5,557.5,30,5.0,False
1236.0,5000,5000.0,0.0,6000.0,3083900.0,1387485.0,1696415.0,558.0,558.0,558.0,30,5.0,False
1237.0,5000,5000.0,0.0,6000.0,3082900.0,1387335.0,1695565.0,558.5,558.5,558.5,30,5.0,False
1238.0,5000,5000.0,0.0,6000.0,3081900.0,1386585.0,1695315.0,559.0,559.0,559.0,30,5.0,False
1239.0,5000,5000.0,0.0,6000.0,3080900.0,1386435.0,1694465.0,559.5,559.5,559.5,30,5.0,False
1240.0,5000,5000.0,0.0,6000.0,3079900.0,1385685.0,1694215.0,560.0,560.0,560.0,30,5.0,False
1241.0,5000,5000.0,0.0,6000.0,3078900.0,1385535.0,1693365.0,560.5,560.5,560.5,30,5.0,False
1242.0,5000,5000.0,0.0,6000.0,3077900.0,1384785.0,1693115.0,561.0,561.0,561.0,30,5.0,False
1243.0,5000,5000.0,0.0,6000.0,3076900.0,1384635.0,1692265.0,561.5,561.5,561.5,30,5.0,False
1244.0,5000,5000.0,0.0,6000.0,3075900.0,1383885.0,1692015.0,562.0,562.0,562.0,30,5.0,False
1245.0,5000,5000.0,0.0,6000.0,3074900.0,1383735.0,1691165.0,562.5,562.5,562.5,30,5.0,False
1246.0,5000,5000.0,0.0,6000.0,3073900.0,1382985.0,1690915.0,563.0,563.0,563.0,30,5.0,False
1247.0,5000,5000.0,0.0,6000.0,3072900.0,1382835.0,1690065.0,563.5,563.5,563.5,30,5.0,False
1248.0,5000,5000.0,0.0,6000.0,3071900.0,1382085.0,1689815.0,564.0,564.0,564.0,30,5.0,False
1249.0,5000,5000.0,0.0,6000.0,3070900.0,1381935.0,1688965.0,564.5,564.5,564.5,30,5.0,False
1250.0,5000,5000.0,0.0,6000.0,3069900.0,1381185.0,1688715.0,565.0,565.0,565.0,30,5.0,False
1251.0,5000,5000.0,0.0,6000.0,3068900.0,1381035.0,1687865.0,565.5,565.5,565.5,30,5.0,False
1252.0,5000,5000.0,0.0,6000.0,3067900.0,1380285.0,1687615.0,566.0,566.0,566.0,30,5.0,False
1253.0,5000,5000.0,0.0,6000.0,3066900.0,1380135.0,1686765.0,566.5,566.5,566.5,30,5.0,False
1254.0,5000,5000.0,0.0,6000.0,3065900.0,1379385.0,1686515.0,567.0,567.0,567.0,30,5.0,False
1255.0,5000,5000.0,0.0,6000.0,3064900.0,1379235.0,1685665.0,567.5,567.5,567.5,30,5.0,False
1256.0,5000,5000.0,0.0,6000.0,3063900.0,1378485.0,1685415.0,568.0,568.0,568.0,30,5.0,False
1257.0,5000,5000.0,0.0,6000.0,3062900.0,1378335.0,1684565.0,568.5,568.5,568.5,30,5.0,False
1258.0,5000,5000.0,0.0,6000.0,3061900.0,1377585.0,1684315.0,569.0,569.0,569.0,30,5.0,False
1259.0,5000,5000.0,0.0,6000.0,3060900.0,1377435.0,1683465.0,569.5,569.5,569.5,30,5.0,False
1260.0,5000,5000.0,0.0,6000.0,3059900.0,1376685.0,1683215.0,570.0,570.0,570.0,30,5.0,False
1261.0,5000,5000.0,0.0,6000.0,3058900.0,1376535.0,1682365.0,570.5,570.5,570.5,30,5.0,False
1262.0,5000,5000.0,0.0,6000.0,3057900.0,1375785.0,1682115.0,571.0,571.0,571.0,30,5.0,False
1263.0,5000,5000.0,0.0,6000.0,3056900.0,1375635.0,1681265.0,571.5,571.5,571.5,30,5.0,False
1264.0,5000,5000.0,0.0,6000.0,3055900.0,1374885.0,1681015.0,572.0,572.0,572.0,30,5.0,False
1265.0,5000,5000.0,0.0,6000.0,3054900.0,1374735.0,1680165.0,572.5,572.5,572.5,30,5.0,False
1266.0,5000,5000.0,0.0,6000.0,3053900.0,1373985.0,1679915.0,573.0,573.0,573.0,30,5.0,False
1267.0,5000,5000.0,0.0,6000.0,3052900.0,1373835.0,1679065.0,573.5,573.5,573.5,30,5.0,False
1268.0,5000,5000.0,0.0,6000.0,3051900.0,1373085.0,1678815.0,574.0,574.0,574.0,30,5.0,False
1269.0,5000,5000.0,0.0,6000.0,3050900.0,1372935.0,1677965.0,574.5,574.5,574.5,30,5.0,False
1270.0,5000,5000.0,0.0,6000.0,3049900.0,1372185.0,1677715.0,575.0,575.0,575.0,30,5.0,False
1271.0,5000,5000.0,0.0,6000.0,3048900.0,1372035.0,1676865.0,575.5,575.5,575.5,30,5.0,False
1272.0,5000,5000.0,0.0,6000.0,3047900.0,1371285.0,1676615.0,576.0,576.0,576.0,30,5.0,False
1273.0,5000,5000.0,0.0,6000.0,3046900.0,1371135.0,1675765.0,576.5,576.5,576.5,30,5.0,False
1274.0,5000,5000.0,0.0,6000.0,3045900.0,1370385.0,1675515.0,577.0,577.0,577.0,30,5.0,False
1275.0,5000,5000.0,0.0,6000.0,3044900.0,1370235.0,1674665.0,577.5,577.5,577.5,30,5.0,False
1276.0,5000,5000.0,0.0,6000.0,3043900.0,1369485.0,1674415.0,578.0,578.0,578.0,30,5.0,False
1277.0,5000,5000.0,0.0,6000.0,3042900.0,1369335.0,1673565.0,578.5,578.5,578.5,30,5.0,False
1278.0,5000,5000.0,0.0,6000.0,3041900.0,1368585.0,1673315.0,579.0,579.0,579.0,30,5.0,False
1279.0,5000,5000.0,0.0,6000.0,3040900.0,1368435.0,1672465.0,579.5,579.5,579.5,30,5.0,False
1280.0,5000,5000.0,0.0,6000.0,3039900.0,1367685.0,1672215.0,580.0,580.0,580.0,30,5.0,False
1281.0,5000,5000.0,0.0,6000.0,3038900.0,1367535.0,1671365.0,580.5,580.5,580.5,30,5.0,False
1282.0,5000,5000.0,0.0,6000.0,3037900.0,1366785.0,1671115.0,581.0,581.0,581.0,30,5.0,False
1283.0,5000,5000.0,0.0,6000.0,3036900.0,1366635.0,1670265.0,581.5,581.5,581.5,30,5.0,False
1284.0,5000,5000.0,0.0,6000.0,3035900.0,1365885.0,1670015.0,582.0,582.0,582.0,30,5.0,False
1285.0,5000,5000.0,0.0,6000.0,3034900.0,1365735.0,1669165.0,582.5,582.5,582.5,30,5.0,False
1286.0,5000,5000.0,0.0,6000.0,3033900.0,1364985.0,1668915.0,583.0,583.0,583.0,30,5.0,False
1287.0,5000,5000.0,0.0,6000.0,3032900.0,1364835.0,1668065.0,583.5,583.5,583.5,30,5.0,False
1288.0,5000,5000.0,0.0,6000.0,3031900.0,1364085.0,1667815.0,584.0,584.0,584.0,30,5.0,False
1289.0,5000,5000.0,0.0,6000.0,3030900.0,1363935.0,1666965.0,584.5,584.5,584.5,30,5.0,False
1290.0,5000,5000.0,0.0,6000.0,3029900.0,1363185.0,1666715.0,585.0,585.0,585.0,30,5.0,False
1291.0,5000,5000.0,0.0,6000.0,3028900.0,1363035.0,1665865.0,585.5,585.5,585.5,30,5.0,False
1292.0,5000,5000.0,0.0,6000.0,3027900.0,1362285.0,1665615.0,586.0,586.0,586.0,30,5.0,False
1293.0,5000,5000.0,0.0,6000.0,3026900.0,1362135.0,1664765.0,586.5,586.5,586.5,30,5.0,False
1294.0,5000,5000.0,0.0,6000.0,3025900.0,1361385.0,1664515.0,587.0,587.0,587.0,30,5.0,False
1295.0,5000,5000.0,0.0,6000.0,3024900.0,1361235.0,1663665.0,587.5,587.5,587.5,30,5.0,False
1296.0,5000,5000.0,0.0,6000.0,3023900.0,1360485.0,1663415.0,588.0,588.0,588.0,30,5.0,False
1297.0,5000,5000.0,0.0,6000.0,3022900.0,1360335.0,1662565.0,588.5,588.5,588.5,30,5.0,False
1298.0,5000,5000.0,0.0,6000.0,3021900.0,1359585.0,1662315.0,589.0,589.0,589.0,30,5.0,False
1299.0,5000,5000.0,0.0,6000.0,3020900.0,1359435.0,1661465.0,589.5,589.5,589.5,30,5.0,False
1300.0,5000,5000.0,0.0,6000.0,3019900.0,1358685.0,1661215.0,590.0,590.0,590.0,30,5.0,False
1301.0,5000,5000.0,0.0,6000.0,3018900.0,1358535.0,1660365.0,590.5,590.5,590.5,30,5.0,False
1302.0,5000,5000.0,0.0,6000.0,3017900.0,1357785.0,1660115.0,591.0,591.0,591.0,30,5.0,False
1303.0,5000,5000.0,0.0,6000.0,3016900.0,1357635.0,1659265.0,591.5,591.5,591.5,30,5.0,False
1304.0,5000,5000.0,0.0,6000.0,3015900.0,1356885.0,1659015.0,592.0,592.0,592.0,30,5.0,False
1305.0,5000,5000.0,0.0,6000.0,3014900.0,1356735.0,1658165.0,592.5,592.5,592.5,30,5.0,False
1306.0,5000,5000.0,0.0,6000.0,3013900.0,1355985.0,1657915.0,593.0,593.0,593.0,30,5.0,False
1307.0,5000,5000.0,0.0,6000.0,3012900.0,1355835.0,1657065.0,593.5,593.5,593.5,30,5.0,False
1308.0,5000,5000.0,0.0,6000.0,3011900.0,1355085.0,1656815.0,594.0,594.0,594.0,30,5.0,False
1309.0,5000,5000.0,0.0,6000.0,3010900.0,1354935.0,1655965.0,594.5,594.5,594.5,30,5.0,False
1310.0,5000,5000.0,0.0,6000.0,3009900.0,1354185.0,1655715.0,595.0,595.0,595.0,30,5.0,False
1311.0,5000,5000.0,0.0,6000.0,3008900.0,1354035.0,1654865.0,595.5,595.5,595.5,30,5.0,False
1312.0,5000,5000.0,0.0,6000.0,3007900.0,1353285.0,1654615.0,596.0,596.0,596.0,30,5.0,False
1313.0,5000,5000.0,0.0,6000.0,3006900.0,1353135.0,1653765.0,596.5,596.5,596.5,30,5.0,False
1314.0,5000,5000.0,0.0,6000.0,3005900.0,1352385.0,1653515.0,597.0,597.0,597.0,30,5.0,False
1315.0,5000,5000.0,0.0,6000.0,3004900.0,1352235.0,1652665.0,597.5,597.5,597.5,30,5.0,False
1316.0,5000,5000.0,0.0,6000.0,3003900.0,1351485.0,1652415.0,598.0,598.0,598.0,30,5.0,False
1317.0,5000,5000.0,0.0,6000.0,3002900.0,1351335.0,1651565.0,598.5,598.5,598.5,30,5.0,False
1318.0,5000,5000.0,0.0,6000.0,3001900.0,1350585.0,1651315.0,599.0,599.0,599.0,30,5.0,False
1319.0,5000,5000.0,0.0,6000.0,3000900.0,1350435.0,1650465.0,599.5,599.5,599.5,30,5.0,False
1320.0,5000,5000.0,0.0,6000.0,2999900.0,1349685.0,1650215.0,600.0,599.8,600.0,30,5.0,False
1321.0,5000,5000.0,0.0,6000.0,2998900.0,1349535.0,1649365.0,599.7,599.7,599.7,30,5.0,False
1322.0,5000,5000.0,0.0,6000.0,2997900.0,1348785.0,1649115.0,599.6,599.4,599.6,30,5.0,False
1323.0,5000,5000.0,0.0,6000.0,2996900.0,1348635.0,1648265.0,599.3,599.3,599.3,30,5.0,False
1324.0,5000,5000.0,0.0,6000.0,2995900.0,1347885.0,1648015.0,599.2,599.0,599.2,30,5.0,False
1325.0,5000,5000.0,0.0,6000.0,2994900.0,1347735.0,1647165.0,598.9,598.9,598.9,30,5.0,False
1326.0,5000,5000.0,0.0,6000.0,2993900.0,1346985.0,1646915.0,598.8,598.6,598.8,30,5.0,False
1327.0,5000,5000.0,0.0,6000.0,2992900.0,1346835.0,1646065.0,598.5,598.5,598.5,30,5.0,False
1328.0,5000,5000.0,0.0,6000.0,2991900.0,1346085.0,1645815.0,598.4,598.2,598.4,30,5.0,False
1329.0,5000,5000.0,0.0,6000.0,2990900.0,1345935.0,1644965.0,598.1,598.1,598.1,30,5.0,False
1330.0,5000,5000.0,0.0,6000.0,2989900.0,1345185.0,1644715.0,598.0,597.8,598.0,30,5.0,False
1331.0,5000,5000.0,0.0,6000.0,2988900.0,1345035.0,1643865.0,597.7,597.7,597.7,30,5.0,False
1332.0,5000,5000.0,0.0,6000.0,2987900.0,1344285.0,1643615.0,597.6,597.4,597.6,30,5.0,False
1333.0,5000,5000.0,0.0,6000.0,2986900.0,1344135.0,1642765.0,597.3,597.3,597.3,30,5.0,False
1334.0,5000,5000.0,0.0,6000.0,2985900.0,1343385.0,1642515.0,597.2,597.0,597.2,30,5.0,False
1335.0,5000,5000.0,0.0,6000.0,2984900.0,1343235.0,1641665.0,596.9,596.9,596.9,30,5.0,False
1336.0,5000,5000.0,0.0,6000.0,2983900.0,1342485.0,1641415.0,596.8,596.6,596.8,30,5.0,False
1337.0,5000,5000.0,0.0,6000.0,2982900.0,1342335.0,1640565.0,596.5,596.5,596.5,30,5.0,False
1338.0,5000,5000.0,0.0,6000.0,2981900.0,1341585.0,1640315.0,596.4,596.2,596.4,30,5.0,False
1339.0,5000,5000.0,0.0,6000.0,2980900.0,1341435.0,1639465.0,596.1,596.1,596.1,30,5.0,False
1340.0,5000,5000.0,0.0,6000.0,2979900.0,1340685.0,1639215.0,596.0,595.8,596.0,30,5.0,False
1341.0,5000,5000.0,0.0,6000.0,2978900.0,1340535.0,1638365.0,595.7,595.7,595.7,30,5.0,False
1342.0,5000,5000.0,0.0,6000.0,2977900.0,1339785.0,1638115.0,595.6,595.4,595.6,30,5.0,False
1343.0,5000,5000.0,0.0,6000.0,2976900.0,1339635.0,1637265.0,595.3,595.3,595.3,30,5.0,False
1344.0,5000,5000.0,0.0,6000.0,2975900.0,1338885.0,1637015.0,595.2,595.0,595.2,30,5.0,False
1345.0,5000,5000.0,0.0,6000.0,2974900.0,1338735.0,1636165.0,594.9,594.9,594.9,30,5.0,False
1346.0,5000,5000.0,0.0,6000.0,2973900.0,1337985.0,1635915.0,594.8,594.6,594.8,30,5.0,False
1347.0,5000,5000.0,0.0,6000.0,2972900.0,1337835.0,1635065.0,594.5,594.5,594.5,30,5.0,False
1348.0,5000,5000.0,0.0,6000.0,2971900.0,1337085.0,1634815.0,594.4,594.2,594.4,30,5.0,False
1349.0,5000,5000.0,0.0,6000.0,2970900.0,1336935.0,1633965.0,594.1,594.1,594.1,30,5.0,False
1350.0,5000,5000.0,0.0,6000.0,2969900.0,1336185.0,1633715.0,594.0,593.8,594.0,30,5.0,False
1351.0,5000,5000.0,0.0,6000.0,2968900.0,1336035.0,1632865.0,593.7,593.7,593.7,30,5.0,False
1352.0,5000,5000.0,0.0,6000.0,2967900.0,1335285.0,1632615.0,593.6,593.4,593.6,30,5.0,False
1353.0,5000,5000.0,0.0,6000.0,2966900.0,1335135.0,1631765.0,593.3,593.3,593.3,30,5.0,False
1354.0,5000,5000.0,0.0,6000.0,2965900.0,1334385.0,1631515.0,593.2,593.0,593.2,30,5.0,False
1355.0,5000,5000.0,0.0,6000.0,2964900.0,1334235.0,1630665.0,592.9,592.9,592.9,30,5.0,False
1356.0,5000,5000.0,0.0,6000.0,2963900.0,1333485.0,1630415.0,592.8,592.6,592.8,30,5.0,False
1357.0,5000,5000.0,0.0,6000.0,2962900.0,1333335.0,1629565.0,592.5,592.5,592.5,30,5.0,False
1358.0,5000,5000.0,0.0,6000.0,2961900.0,1332585.0,1629315.0,592.4,592.2,592.4,30,5.0,False
1359.0,5000,5000.0,0.0,6000.0,2960900.0,1332435.0,1628465.0,592.1,592.1,592.1,30,5.0,False
1360.0,5000,5000.0,0.0,6000.0,2959900.0,1331685.0,1628215.0,592.0,591.8,592.0,30,5.0,False
1361.0,5000,5000.0,0.0,6000.0,2958900.0,1331535.0,1627365.0,591.7,591.7,591.7,30,5.0,False
1362.0,5000,5000.0,0.0,6000.0,2957900.0,1330785.0,1627115.0,591.6,591.4,591.6,30,5.0,False
1363.0,5000,5000.0,0.0,6000.0,2956900.0,1330635.0,1626265.0,591.3,591.3,591.3,30,5.0,False
1364.0,5000,5000.0,0.0,6000.0,2955900.0,1329885.0,1626015.0,591.2,591.0,591.2,30,5.0,False
1365.0,5000,5000.0,0.0,6000.0,2954900.0,1329735.0,1625165.0,590.9,590.9,590.9,30,5.0,False
1366.0,5000,5000.0,0.0,6000.0,2953900.0,1328985.0,1624915.0,590.8,590.6,590.8,30,5.0,False
1367.0,5000,5000.0,0.0,6000.0,2952900.0,1328835.0,1624065.0,590.5,590.5,590.5,30,5.0,False
1368.0,5000,5000.0,0.0,6000.0,2951900.0,1328085.0,1623815.0,590.4,590.2,590.4,30,5.0,False
1369.0,5000,5000.0,0.0,6000.0,2950900.0,1327935.0,1622965.0,590.1,590.1,590.1,30,5.0,False
1370.0,5000,5000.0,0.0,6000.0,2949900.0,1327185.0,1622715.0,590.0,589.8,590.0,30,5.0,False
1371.0,5000,5000.0,0.0,6000.0,2948900.0,1327035.0,1621865.0,589.7,589.7,589.7,30,5.0,False
1372.0,5000,5000.0,0.0,6000.0,2947900.0,1326285.0,1621615.0,589.6,589.4,589.6,30,5.0,False
1373.0,5000,5000.0,0.0,6000.0,2946900.0,1326135.0,1620765.0,589.3,589.3,589.3,30,5.0,False
1374.0,5000,5000.0,0.0,6000.0,2945900.0,1325385.0,1620515.0,589.2,589.0,589.2,30,5.0,False
1375.0,5000,5000.0,0.0,6000.0,2944900.0,1325235.0,1619665.0,588.9,588.9,588.9,30,5.0,False
1376.0,5000,5000.0,0.0,6000.0,2943900.0,1324485.0,1619415.0,588.8,588.6,588.8,30,5.0,False
1377.0,5000,5000.0,0.0,6000.0,2942900.0,1324335.0,1618565.0,588.5,588.5,588.5,30,5.0,False
1378.0,5000,5000.0,0.0,6000.0,2941900.0,1323585.0,1618315.0,588.4,588.2,588.4,30,5.0,False
1379.0,5000,5000.0,0.0,6000.0,2940900.0,1323435.0,1617465.0,588.1,588.1,588.1,30,5.0,False
1380.0,5000,5000.0,0.0,6000.0,2939900.0,1322685.0,1617215.0,588.0,587.8,588.0,30,5.0,False
1381.0,5000,5000.0,0.0,6000.0,2938900.0,1322535.0,1616365.0,587.7,587.7,587.7,30,5.0,False
1382.0,5000,5000.0,0.0,6000.0,2937900.0,1321785.0,1616115.0,587.6,587.4,587.6,30,5.0,False
1383.0,5000,5000.0,0.0,6000.0,2936900.0,1321635.0,1615265.0,587.3,587.3,587.3,30,5.0,False
1384.0,5000,5000.0,0.0,6000.0,2935900.0,1320885.0,1615015.0,587.2,587.0,587.2,30,5.0,False
1385.0,5000,5000.0,0.0,6000.0,2934900.0,1320735.0,1614165.0,586.9,586.9,586.9,30,5.0,False
1386.0,5000,5000.0,0.0,6000.0,2933900.0,1319985.0,1613915.0,586.8,586.6,586.8,30,5.0,False
1387.0,5000,5000.0,0.0,6000.0,2932900.0,1319835.0,1613065.0,586.5,586.5,586.5,30,5.0,False
1388.0,5000,5000.0,0.0,6000.0,2931900.0,1319085.0,1612815.0,586.4,586.2,586.4,30,5.0,False
1389.0,5000,5000.0,0.0,6000.0,2930900.0,1318935.0,1611965.0,586.1,586.1,586.1,30,5.0,False
1390.0,5000,5000.0,0.0,6000.0,2929900.0,1318185.0,1611715.0,586.0,585.8,586.0,30,5.0,False
1391.0,5000,5000.0,0.0,6000.0,2928900.0,1318035.0,1610865.0,585.7,585.7,585.7,30,5.0,False
1392.0,5000,5000.0,0.0,6000.0,2927900.0,1317285.0,1610615.0,585.6,585.4,585.6,30,5.0,False
1393.0,5000,5000.0,0.0,6000.0,2926900.0,1317135.0,1609765.0,585.3,585.3,585.3,30,5.0,False
1394.0,5000,5000.0,0.0,6000.0,2925900.0,1316385.0,1609515.0,585.2,585.0,585.2,30,5.0,False
1395.0,5000,5000.0,0.0,6000.0,2924900.0,1316235.0,1608665.0,584.9,584.9,584.9,30,5.0,False
1396.0,5000,5000.0,0.0,6000.0,2923900.0,1315485.0,1608415.0,584.8,584.6,584.8,30,5.0,False
1397.0,5000,5000.0,0.0,6000.0,2922900.0,1315335.0,1607565.0,584.5,584.5,584.5,30,5.0,False
1398.0,5000,5000.0,0.0,6000.0,2921900.0,1314585.0,1607315.0,584.4,584.2,584.4,30,5.0,False
1399.0,5000,5000.0,0.0,6000.0,2920900.0,1314435.0,1606465.0,584.1,584.1,584.1,30,5.0,False
1400.0,5000,5000.0,0.0,6000.0,2919900.0,1313685.0,1606215.0,584.0,583.8,584.0,30,5.0,False
1401.0,5000,5000.0,0.0,6000.0,2918900.0,1313535.0,1605365.0,583.7,583.7,583.7,30,5.0,False
1402.0,5000,5000.0,0.0,6000.0,2917900.0,1312785.0,1605115.0,583.6,583.4,583.6,30,5.0,False
1403.0,5000,5000.0,0.0,6000.0,2916900.0,1312635.0,1604265.0,583.3,583.3,583.3,30,5.0,False
1404.0,5000,5000.0,0.0,6000.0,2915900.0,1311885.0,1604015.0,583.2,583.0,583.2,30,5.0,False
1405.0,5000,5000.0,0.0,6000.0,2914900.0,1311735.0,1603165.0,582.9,582.9,582.9,30,5.0,False
1406.0,5000,5000.0,0.0,6000.0,2913900.0,1310985.0,1602915.0,582.8,582.6,582.8,30,5.0,False
1407.0,5000,5000.0,0.0,6000.0,2912900.0,1310835.0,1602065.0,582.5,582.5,582.5,30,5.0,False
1408.0,5000,5000.0,0.0,6000.0,2911900.0,1310085.0,1601815.0,582.4,582.2,582.4,30,5.0,False
1409.0,5000,5000.0,0.0,6000.0,2910900.0,1309935.0,1600965.0,582.1,582.1,582.1,30,5.0,False
1410.0,5000,5000.0,0.0,6000.0,2909900.0,1309185.0,1600715.0,582.0,581.8,582.0,30,5.0,False
1411.0,5000,5000.0,0.0,6000.0,2908900.0,1309035.0,1599865.0,581.7,581.7,581.7,30,5.0,False
1412.0,5000,5000.0,0.0,6000.0,2907900.0,1308285.0,1599615.0,581.6,581.4,581.6,30,5.0,False
1413.0,5000,5000.0,0.0,6000.0,2906900.0,1308135.0,1598765.0,581.3,581.3,581.3,30,5.0,False
1414.0,5000,5000.0,0.0,6000.0,2905900.0,1307385.0,1598515.0,581.2,581.0,581.2,30,5.0,False
1415.0,5000,5000.0,0.0,6000.0,2904900.0,1307235.0,1597665.0,580.9,580.9,580.9,30,5.0,False
1416.0,5000,5000.0,0.0,6000.0,2903900.0,1306485.0,1597415.0,580.8,580.6,580.8,30,5.0,False
1417.0,5000,5000.0,0.0,6000.0,2902900.0,1306335.0,1596565.0,580.5,580.5,580.5,30,5.0,False
1418.0,5000,5000.0,0.0,6000.0,2901900.0,1305585.0,1596315.0,580.4,580.2,580.4,30,5.0,False
1419.0,5000,5000.0,0.0,6000.0,2900900.0,1305435.0,1595465.0,580.1,580.1,580.1,30,5.0,False
1420.0,5000,5000.0,0.0,6000.0,2899900.0,1304685.0,1595215.0,580.0,579.8,580.0,30,5.0,False
1421.0,5000,5000.0,0.0,6000.0,2898900.0,1304535.0,1594365.0,579.7,579.7,579.7,30,5.0,False
1422.0,5000,5000.0,0.0,6000.0,2897900.0,1303785.0,1594115.0,579.6,579.4,579.6,30,5.0,False
1423.0,5000,5000.0,0.0,6000.0,2896900.0,1303635.0,1593265.0,579.3,579.3,579.3,30,5.0,False
1424.0,5000,5000.0,0.0,6000.0,2895900.0,1302885.0,1593015.0,579.2,579.0,579.2,30,5.0,False
1425.0,5000,5000.0,0.0,6000.0,2894900.0,1302735.0,1592165.0,578.9,578.9,578.9,30,5.0,False
1426.0,5000,5000.0,0.0,6000.0,2893900.0,1301985.0,1591915.0,578.8,578.6,578.8,30,5.0,False
1427.0,5000,5000.0,0.0,6000.0,2892900.0,1301835.0,1591065.0,578.5,578.5,578.5,30,5.0,False
1428.0,5000,5000.0,0.0,6000.0,2891900.0,1301085.0,1590815.0,578.4,578.2,578.4,30,5.0,False
1429.0,5000,5000.0,0.0,6000.0,2890900.0,1300935.0,1589965.0,578.1,578.1,578.1,30,5.0,False
1430.0,5000,5000.0,0.0,6000.0,2889900.0,1300185.0,1589715.0,578.0,577.8,578.0,30,5.0,False
1431.0,5000,5000.0,0.0,6000.0,2888900.0,1300035.0,1588865.0,577.7,577.7,577.7,30,5.0,False
1432.0,5000,5000.0,0.0,6000.0,2887900.0,1299285.0,1588615.0,577.6,577.4,577.6,30,5.0,False
1433.0,5000,5000.0,0.0,6000.0,2886900.0,1299135.0,1587765.0,577.3,577.3,577.3,30,5.0,False
1434.0,5000,5000.0,0.0,6000.0,2885900.0,1298385.0,1587515.0,577.2,577.0,577.2,30,5.0,False
1435.0,5000,5000.0,0.0,6000.0,2884900.0,1298235.0,1586665.0,576.9,576.9,576.9,30,5.0,False
1436.0,5000,5000.0,0.0,6000.0,2883900.0,1297485.0,1586415.0,576.8,576.6,576.8,30,5.0,False
1437.0,5000,5000.0,0.0,6000.0,2882900.0,1297335.0,1585565.0,576.5,576.5,576.5,30,5.0,False
1438.0,5000,5000.0,0.0,6000.0,2881900.0,1296585.0,1585315.0,576.4,576.2,576.4,30,5.0,False
1439.0,5000,5000.0,0.0,6000.0,2880900.0,1296435.0,1584465.0,576.1,576.1,576.1,30,5.0,False
1440.0,5000,5000.0,0.0,6000.0,2879900.0,1295685.0,1584215.0,576.0,575.8,576.0,30,5.0,False
1441.0,5000,5000.0,0.0,6000.0,2878900.0,1295535.0,1583365.0,575.7,575.7,575.7,30,5.0,False
1442.0,5000,5000.0,0.0,6000.0,2877900.0,1294785.0,1583115.0,575.6,575.4,575.6,30,5.0,False
1443.0,5000,5000.0,0.0,6000.0,2876900.0,1294635.0,1582265.0,575.3,575.3,575.3,30,5.0,False
1444.0,5000,5000.0,0.0,6000.0,2875900.0,1293885.0,1582015.0,575.2,575.0,575.2,30,5.0,False
1445.0,5000,5000.0,0.0,6000.0,2874900.0,1293735.0,1581165.0,574.9,574.9,574.9,30,5.0,False
1446.0,5000,5000.0,0.0,6000.0,2873900.0,1292985.0,1580915.0,574.8,574.6,574.8,30,5.0,False
1447.0,5000,5000.0,0.0,6000.0,2872900.0,1292835.0,1580065.0,574.5,574.5,574.5,30,5.0,False
1448.0,5000,5000.0,0.0,6000.0,2871900.0,1292085.0,1579815.0,574.4,574.2,574.4,30,5.0,False
1449.0,5000,5000.0,0.0,6000.0,2870900.0,1291935.0,1578965.0,574.1,574.1,574.1,30,5.0,False
1450.0,5000,5000.0,0.0,6000.0,2869900.0,1291185.0,1578715.0,574.0,573.8,574.0,30,5.0,False
1451.0,5000,5000.0,0.0,6000.0,2868900.0,1291035.0,1577865.0,573.7,573.7,573.7,30,5.0,False
1452.0,5000,5000.0,0.0,6000.0,2867900.0,1290285.0,1577615.0,573.6,573.4,573.6,30,5.0,False
1453.0,5000,5000.0,0.0,6000.0,2866900.0,1290135.0,1576765.0,573.3,573.3,573.3,30,5.0,False
1454.0,5000,5000.0,0.0,6000.0,2865900.0,1289385.0,1576515.0,573.2,573.0,573.2,30,5.0,False
1455.0,5000,5000.0,0.0,6000.0,2864900.0,1289235.0,1575665.0,572.9,572.9,572.9,30,5.0,False
1456.0,5000,5000.0,0.0,6000.0,2863900.0,1288485.0,1575415.0,572.8,572.6,572.8,30,5.0,False
1457.0,5000,5000.0,0.0,6000.0,2862900.0,1288335.0,1574565.0,572.5,572.5,572.5,30,5.0,False
1458.0,5000,5000.0,0.0,6000.0,2861900.0,1287585.0,1574315.0,572.4,572.2,572.4,30,5.0,False
1459.0,5000,5000.0,0.0,6000.0,2860900.0,1287435.0,1573465.0,572.1,572.1,572.1,30,5.0,False
1460.0,5000,5000.0,0.0,6000.0,2859900.0,1286685.0,1573215.0,572.0,571.8,572.0,30,5.0,False
1461.0,5000,5000.0,0.0,6000.0,2858900.0,1286535.0,1572365.0,571.7,571.7,571.7,30,5.0,False
1462.0,5000,5000.0,0.0,6000.0,2857900.0,1285785.0,1572115.0,571.6,571.4,571.6,30,5.0,False
1463.0,5000,5000.0,0.0,6000.0,2856900.0,1285635.0,1571265.0,571.3,571.3,571.3,30,5.0,False
1464.0,5000,5000.0,0.0,6000.0,2855900.0,1284885.0,1571015.0,571.2,571.0,571.2,30,5.0,False
1465.0,5000,5000.0,0.0,6000.0,2854900.0,1284735.0,1570165.0,570.9,570.9,570.9,30,5.0,False
1466.0,5000,5000.0,0.0,6000.0,2853900.0,1283985.0,1569915.0,570.8,570.6,570.8,30,5.0,False
1467.0,5000,5000.0,0.0,6000.0,2852900.0,1283835.0,1569065.0,570.5,570.5,570.5,30,5.0,False
1468.0,5000,5000.0,0.0,6000.0,2851900.0,1283085.0,1568815.0,570.4,570.2,570.4,30,5.0,False
1469.0,5000,5000.0,0.0,6000.0,2850900.0,1282935.0,1567965.0,570.1,570.1,570.1,30,5.0,False
1470.0,5000,5000.0,0.0,6000.0,2849900.0,1282185.0,1567715.0,570.0,569.8,570.0,30,5.0,False
1471.0,5000,5000.0,0.0,6000.0,2848900.0,1282035.0,1566865.0,569.7,569.7,569.7,30,5.0,False
1472.0,5000,5000.0,0.0,6000.0,2847900.0,1281285.0,1566615.0,569.6,569.4,569.6,30,5.0,False
1473.0,5000,5000.0,0.0,6000.0,2846900.0,1281135.0,1565765.0,569.3,569.3,569.3,30,5.0,False
1474.0,5000,5000.0,0.0,6000.0,2845900.0,1280385.0,1565515.0,569.2,569.0,569.2,30,5.0,False
1475.0,5000,5000.0,0.0,6000.0,2844900.0,1280235.0,1564665.0,568.9,568.9,568.9,30,5.0,False
1476.0,5000,5000.0,0.0,6000.0,2843900.0,1279485.0,1564415.0,568.8,568.6,568.8,30,5.0,False
1477.0,5000,5000.0,0.0,6000.0,2842900.0,1279335.0,1563565.0,568.5,568.5,568.5,30,5.0,False
1478.0,5000,5000.0,0.0,6000.0,2841900.0,1278585.0,1563315.0,568.4,568.2,568.4,30,5.0,False
1479.0,5000,5000.0,0.0,6000.0,2840900.0,1278435.0,1562465.0,568.1,568.1,568.1,30,5.0,False
1480.0,5000,5000.0,0.0,6000.0,2839900.0,1277685.0,1562215.0,568.0,567.8,568.0,30,5.0,False
1481.0,5000,5000.0,0.0,6000.0,2838900.0,1277535.0,1561365.0,567.7,567.7,567.7,30,5.0,False
1482.0,5000,5000.0,0.0,6000.0,2837900.0,1276785.0,1561115.0,567.6,567.4,567.6,30,5.0,False
1483.0,5000,5000.0,0.0,6000.0,2836900.0,1276635.0,1560265.0,567.3,567.3,567.3,30,5.0,False
1484.0,5000,5000.0,0.0,6000.0,2835900.0,1275885.0,1560015.0,567.2,567.0,567.2,30,5.0,False
1485.0,5000,5000.0,0.0,6000.0,2834900.0,1275735.0,1559165.0,566.9,566.9,566.9,30,5.0,False
1486.0,5000,5000.0,0.0,6000.0,2833900.0,1274985.0,1558915.0,566.8,566.6,566.8,30,5.0,False
1487.0,5000,5000.0,0.0,6000.0,2832900.0,1274835.0,1558065.0,566.5,566.5,566.5,30,5.0,False
1488.0,5000,5000.0,0.0,6000.0,2831900.0,1274085.0,1557815.0,566.4,566.2,566.4,30,5.0,False
1489.0,5000,5000.0,0.0,6000.0,2830900.0,1273935.0,1556965.0,566.1,566.1,566.1,30,5.0,False
1490.0,5000,5000.0,0.0,6000.0,2829900.0,1273185.0,1556715.0,566.0,565.8,566.0,30,5.0,False
1491.0,5000,5000.0,0.0,6000.0,2828900.0,1273035.0,1555865.0,565.7,565.7,565.7,30,5.0,False
1492.0,5000,5000.0,0.0,6000.0,2827900.0,1272285.0,1555615.0,565.6,565.4,565.6,30,5.0,False
1493.0,5000,5000.0,0.0,6000.0,2826900.0,1272135.0,1554765.0,565.3,565.3,565.3,30,5.0,False
1494.0,5000,5000.0,0.0,6000.0,2825900.0,1271385.0,1554515.0,565.2,565.0,565.2,30,5.0,False
1495.0,5000,5000.0,0.0,6000.0,2824900.0,1271235.0,1553665.0,564.9,564.9,564.9,30,5.0,False
1496.0,5000,5000.0,0.0,6000.0,2823900.0,1270485.0,1553415.0,564.8,564.6,564.8,30,5.0,False
1497.0,5000,5000.0,0.0,6000.0,2822900.0,1270335.0,1552565.0,564.5,564.5,564.5,30,5.0,False
1498.0,5000,5000.0,0.0,6000.0,2821900.0,1269585.0,1552315.0,564.4,564.2,564.4,30,5.0,False
1499.0,5000,5000.0,0.0,6000.0,2820900.0,1269435.0,1551465.0,564.1,564.1,564.1,30,5.0,False
1500.0,5000,5000.0,0.0,6000.0,2819900.0,1268685.0,1551215.0,564.0,563.8,564.0,30,5.0,False
1501.0,5000,5000.0,0.0,6000.0,2818900.0,1268535.0,1550365.0,563.7,563.7,563.7,30,5.0,False
1502.0,5000,5000.0,0.0,6000.0,2817900.0,1267785.0,1550115.0,563.6,563.4,563.6,30,5.0,False
1503.0,5000,5000.0,0.0,6000.0,2816900.0,1267635.0,1549265.0,563.3,563.3,563.3,30,5.0,False
1504.0,5000,5000.0,0.0,6000.0,2815900.0,1266885.0,1549015.0,563.2,563.0,563.2,30,5.0,False
1505.0,5000,5000.0,0.0,6000.0,2814900.0,1266735.0,1548165.0,562.9,562.9,562.9,30,5.0,False
1506.0,5000,5000.0,0.0,6000.0,2813900.0,1265985.0,1547915.0,562.8,562.6,562.8,30,5.0,False
1507.0,5000,5000.0,0.0,6000.0,2812900.0,1265835.0,1547065.0,562.5,562.5,562.5,30,5.0,False
1508.0,5000,5000.0,0.0,6000.0,2811900.0,1265085.0,1546815.0,562.4,562.2,562.4,30,5.0,False
1509.0,5000,5000.0,0.0,6000.0,2810900.0,1264935.0,1545965.0,562.1,562.1,562.1,30,5.0,False
1510.0,5000,5000.0,0.0,6000.0,2809900.0,1264185.0,1545715.0,562.0,561.8,562.0,30,5.0,False
1511.0,5000,5000.0,0.0,6000.0,2808900.0,1264035.0,1544865.0,561.7,561.7,561.7,30,5.0,False
1512.0,5000,5000.0,0.0,6000.0,2807900.0,1263285.0,1544615.0,561.6,561.4,561.6,30,5.0,False
1513.0,5000,5000.0,0.0,6000.0,2806900.0,1263135.0,1543765.0,561.3,561.3,561.3,30,5.0,False
1514.0,5000,5000.0,0.0,6000.0,2805900.0,1262385.0,1543515.0,561.2,561.0,561.2,30,5.0,False
1515.0,5000,5000.0,0.0,6000.0,2804900.0,1262235.0,1542665.0,560.9,560.9,560.9,30,5.0,False
1516.0,5000,5000.0,0.0,6000.0,2803900.0,1261485.0,1542415.0,560.8,560.6,560.8,30,5.0,False
1517.0,5000,5000.0,0.0,6000.0,2802900.0,1261335.0,1541565.0,560.5,560.5,560.5,30,5.0,False
1518.0,5000,5000.0,0.0,6000.0,2801900.0,1260585.0,1541315.0,560.4,560.2,560.4,30,5.0,False
1519.0,5000,5000.0,0.0,6000.0,2800900.0,1260435.0,1540465.0,560.1,560.1,560.1,30,5.0,False
1520.0,5000,5000.0,0.0,6000.0,2799900.0,1259685.0,1540215.0,560.0,559.8,560.0,30,5.0,False
1521.0,5000,5000.0,0.0,6000.0,2798900.0,1259535.0,1539365.0,559.7,559.7,559.7,30,5.0,False
1522.0,5000,5000.0,0.0,6000.0,2797900.0,1258785.0,1539115.0,559.6,559.4,559.6,30,5.0,False
1523.0,5000,5000.0,0.0,6000.0,2796900.0,1258635.0,1538265.0,559.3,559.3,559.3,30,5.0,False
1524.0,5000,5000.0,0.0,6000.0,2795900.0,1257885.0,1538015.0,559.2,559.0,559.2,30,5.0,False
1525.0,5000,5000.0,0.0,6000.0,2794900.0,1257735.0,1537165.0,558.9,558.9,558.9,30,5.0,False
1526.0,5000,5000.0,0.0,6000.0,2793900.0,1256985.0,1536915.0,558.8,558.6,558.8,30,5.0,False
1527.0,5000,5000.0,0.0,6000.0,2792900.0,1256835.0,1536065.0,558.5,558.5,558.5,30,5.0,False
1528.0,5000,5000.0,0.0,6000.0,2791900.0,1256085.0,1535815.0,558.4,558.2,558.4,30,5.0,False
1529.0,5000,5000.0,0.0,6000.0,2790900.0,1255935.0,1534965.0,558.1,558.1,558.1,30,5.0,False
1530.0,5000,5000.0,0.0,6000.0,2789900.0,1255185.0,1534715.0,558.0,557.8,558.0,30,5.0,False
1531.0,5000,5000.0,0.0,6000.0,2788900.0,1255035.0,1533865.0,557.7,557.7,557.7,30,5.0,False
1532.0,5000,5000.0,0.0,6000.0,2787900.0,1254285.0,1533615.0,557.6,557.4,557.6,30,5.0,False
1533.0,5000,5000.0,0.0,6000.0,2786900.0,1254135.0,1532765.0,557.3,557.3,557.3,30,5.0,False
1534.0,5000,5000.0,0.0,6000.0,2785900.0,1253385.0,1532515.0,557.2,557.0,557.2,30,5.0,False
1535.0,5000,5000.0,0.0,6000.0,2784900.0,1253235.0,1531665.0,556.9,556.9,556.9,30,5.0,False
1536.0,5000,5000.0,0.0,6000.0,2783900.0,1252485.0,1531415.0,556.8,556.6,556.8,30,5.0,False
1537.0,5000,5000.0,0.0,6000.0,2782900.0,1252335.0,1530565.0,556.5,556.5,556.5,30,5.0,False
1538.0,5000,5000.0,0.0,6000.0,2781900.0,1251585.0,1530315.0,556.4,556.2,556.4,30,5.0,False
1539.0,5000,5000.0,0.0,6000.0,2780900.0,1251435.0,1529465.0,556.1,556.1,556.1,30,5.0,False
1540.0,5000,5000.0,0.0,6000.0,2779900.0,1250685.0,1529215.0,556.0,555.8,556.0,30,5.0,False
1541.0,5000,5000.0,0.0,6000.0,2778900.0,1250535.0,1528365.0,555.7,555.7,555.7,30,5.0,False
1542.0,5000,5000.0,0.0,6000.0,2777900.0,1249785.0,1528115.0,555.6,555.4,555.6,30,5.0,False
1543.0,5000,5000.0,0.0,6000.0,2776900.0,1249635.0,1527265.0,555.3,555.3,555.3,30,5.0,False
1544.0,5000,5000.0,0.0,6000.0,2775900.0,1248885.0,1527015.0,555.2,555.0,555.2,30,5.0,False
1545.0,5000,5000.0,0.0,6000.0,2774900.0,1248735.0,1526165.0,554.9,554.9,554.9,30,5.0,False
1546.0,5000,5000.0,0.0,6000.0,2773900.0,1247985.0,1525915.0,554.8,554.6,554.8,30,5.0,False
1547.0,5000,5000.0,0.0,6000.0,2772900.0,1247835.0,1525065.0,554.5,554.5,554.5,30,5.0,False
1548.0,5000,5000.0,0.0,6000.0,2771900.0,1247085.0,1524815.0,554.4,554.2,554.4,30,5.0,False
1549.0,5000,5000.0,0.0,6000.0,2770900.0,1246935.0,1523965.0,554.1,554.1,554.1,30,5.0,False
1550.0,5000,5000.0,0.0,6000.0,2769900.0,1246185.0,1523715.0,554.0,553.8,554.0,30,5.0,False
1551.0,5000,5000.0,0.0,6000.0,2768900.0,1246035.0,1522865.0,553.7,553.7,553.7,30,5.0,False
1552.0,5000,5000.0,0.0,6000.0,2767900.0,1245285.0,1522615.0,553.6,553.4,553.6,30,5.0,False
1553.0,5000,5000.0,0.0,6000.0,2766900.0,1245135.0,1521765.0,553.3,553.3,553.3,30,5.0,False
1554.0,5000,5000.0,0.0,6000.0,2765900.0,1244385.0,1521515.0,553.2,553.0,553.2,30,5.0,False
1555.0,5000,5000.0,0.0,6000.0,2764900.0,1244235.0,1520665.0,552.9,552.9,552.9,30,5.0,False
1556.0,5000,5000.0,0.0,6000.0,2763900.0,1243485.0,1520415.0,552.8,552.6,552.8,30,5.0,False
1557.0,5000,5000.0,0.0,6000.0,2762900.0,1243335.0,1519565.0,552.5,552.5,552.5,30,5.0,False
1558.0,5000,5000.0,0.0,6000.0,2761900.0,1242585.0,1519315.0,552.4,552.2,552.4,30,5.0,False
1559.0,5000,5000.0,0.0,6000.0,2760900.0,1242435.0,1518465.0,552.1,552.1,552.1,30,5.0,False
1560.0,5000,5000.0,0.0,6000.0,2759900.0,1241685.0,1518215.0,552.0,551.8,552.0,30,5.0,False
1561.0,5000,5000.0,0.0,6000.0,2758900.0,1241535.0,1517365.0,551.7,551.7,551.7,30,5.0,False
1562.0,5000,5000.0,0.0,6000.0,2757900.0,1240785.0,1517115.0,551.6,551.4,551.6,30,5.0,False
1563.0,5000,5000.0,0.0,6000.0,2756900.0,1240635.0,1516265.0,551.3,551.3,551.3,30,5.0,False
1564.0,5000,5000.0,0.0,6000.0,2755900.0,1239885.0,1516015.0,551.2,551.0,551.2,30,5.0,False
1565.0,5000,5000.0,0.0,6000.0,2754900.0,1239735.0,1515165.0,550.9,550.9,550.9,30,5.0,False
1566.0,5000,5000.0,0.0,6000.0,2753900.0,1238985.0,1514915.0,550.8,550.6,550.8,30,5.0,False
1567.0,5000,5000.0,0.0,6000.0,2752900.0,1238835.0,1514065.0,550.5,550.5,550.5,30,5.0,False
1568.0,5000,5000.0,0.0,6000.0,2751900.0,1238085.0,1513815.0,550.4,550.2,550.4,30,5.0,False
1569.0,5000,5000.0,0.0,6000.0,2750900.0,1237935.0,1512965.0,550.1,550.1,550.1,30,5.0,False
1570.0,5000,5000.0,0.0,6000.0,2749900.0,1237185.0,1512715.0,550.0,549.8,550.0,30,5.0,False
1571.0,5000,5000.0,0.0,6000.0,2748900.0,1237035.0,1511865.0,549.7,549.7,549.7,30,5.0,False
1572.0,5000,5000.0,0.0,6000.0,2747900.0,1236285.0,1511615.0,549.6,549.4,549.6,30,5.0,False
1573.0,5000,5000.0,0.0,6000.0,2746900.0,1236135.0,1510765.0,549.3,549.3,549.3,30,5.0,False
1574.0,5000,5000.0,0.0,6000.0,2745900.0,1235385.0,1510515.0,549.2,549.0,549.2,30,5.0,False
1575.0,5000,5000.0,0.0,6000.0,2744900.0,1235235.0,1509665.0,548.9,548.9,548.9,30,5.0,False
1576.0,5000,5000.0,0.0,6000.0,2743900.0,1234485.0,1509415.0,548.8,548.6,548.8,30,5.0,False
1577.0,5000,5000.0,0.0,6000.0,2742900.0,1234335.0,1508565.0,548.5,548.5,548.5,30,5.0,False
1578.0,5000,5000.0,0.0,6000.0,2741900.0,1233585.0,1508315.0,548.4,548.2,548.4,30,5.0,False
1579.0,5000,5000.0,0.0,6000.0,2740900.0,1233435.0,1507465.0,548.1,548.1,548.1,30,5.0,False
1580.0,5000,5000.0,0.0,6000.0,2739900.0,1232685.0,1507215.0,548.0,547.8,548.0,30,5.0,False
1581.0,5000,5000.0,0.0,6000.0,2738900.0,1232535.0,1506365.0,547.7,547.7,547.7,30,5.0,False
1582.0,5000,5000.0,0.0,6000.0,2737900.0,1231785.0,1506115.0,547.6,547.4,547.6,30,5.0,False
1583.0,5000,5000.0,0.0,6000.0,2736900.0,1231635.0,1505265.0,547.3,547.3,547.3,30,5.0,False
1584.0,5000,5000.0,0.0,6000.0,2735900.0,1230885.0,1505015.0,547.2,547.0,547.2,30,5.0,False
1585.0,5000,5000.0,0.0,6000.0,2734900.0,1230735.0,1504165.0,546.9,546.9,546.9,30,5.0,False
1586.0,5000,5000.0,0.0,6000.0,2733900.0,1229985.0,1503915.0,546.8,546.6,546.8,30,5.0,False
1587.0,5000,5000.0,0.0,6000.0,2732900.0,1229835.0,1503065.0,546.5,546.5,546.5,30,5.0,False
1588.0,5000,5000.0,0.0,6000.0,2731900.0,1229085.0,1502815.0,546.4,546.2,546.4,30,5.0,False
1589.0,5000,5000.0,0.0,6000.0,2730900.0,1228935.0,1501965.0,546.1,546.1,546.1,30,5.0,False
1590.0,5000,5000.0,0.0,6000.0,2729900.0,1228185.0,1501715.0,546.0,545.8,546.0,30,5.0,False
1591.0,5000,5000.0,0.0,6000.0,2728900.0,1228035.0,1500865.0,545.7,545.7,545.7,30,5.0,False
1592.0,5000,5000.0,0.0,6000.0,2727900.0,1227285.0,1500615.0,545.6,545.4,545.6,30,5.0,False
1593.0,5000,5000.0,0.0,6000.0,2726900.0,1227135.0,1499765.0,545.3,545.3,545.3,30,5.0,False
1594.0,5000,5000.0,0.0,6000.0,2725900.0,1226385.0,1499515.0,545.2,545.0,545.2,30,5.0,False
1595.0,5000,5000.0,0.0,6000.0,2724900.0,1226235.0,1498665.0,544.9,544.9,544.9,30,5.0,False
1596.0,5000,5000.0,0.0,6000.0,2723900.0,1225485.0,1498415.0,544.8,544.6,544.8,30,5.0,False
1597.0,5000,5000.0,0.0,6000.0,2722900.0,1225335.0,1497565.0,544.5,544.5,544.5,30,5.0,False
1598.0,5000,5000.0,0.0,6000.0,2721900.0,1224585.0,1497315.0,544.4,544.2,544.4,30,5.0,False
1599.0,5000,5000.0,0.0,6000.0,2720900.0,1224435.0,1496465.0,544.1,544.1,544.1,30,5.0,False
1600.0,5000,5000.0,0.0,6000.0,2719900.0,1223685.0,1496215.0,544.0,543.8,544.0,30,5.0,False
1601.0,5000,5000.0,0.0,6000.0,2718900.0,1223535.0,1495365.0,543.7,543.7,543.7,30,5.0,False
1602.0,5000,5000.0,0.0,6000.0,2717900.0,1222785.0,1495115.0,543.6,543.4,543.6,30,5.0,False
1603.0,5000,5000.0,0.0,6000.0,2716900.0,1222635.0,1494265.0,543.3,543.3,543.3,30,5.0,False
1604.0,5000,5000.0,0.0,6000.0,2715900.0,1221885.0,1494015.0,543.2,543.0,543.2,30,5.0,False
1605.0,5000,5000.0,0.0,6000.0,2714900.0,1221735.0,1493165.0,542.9,542.9,542.9,30,5.0,False
1606.0,5000,5000.0,0.0,6000.0,2713900.0,1220985.0,1492915.0,542.8,542.6,542.8,30,5.0,False
1607.0,5000,5000.0,0.0,6000.0,2712900.0,1220835.0,1492065.0,542.5,542.5,542.5,30,5.0,False
1608.0,5000,5000.0,0.0,6000.0,2711900.0,1220085.0,1491815.0,542.4,542.2,542.4,30,5.0,False
1609.0,5000,5000.0,0.0,6000.0,2710900.0,1219935.0,1490965.0,542.1,542.1,542.1,30,5.0,False
1610.0,5000,5000.0,0.0,6000.0,2709900.0,1219185.0,1490715.0,542.0,541.8,542.0,30,5.0,False
1611.0,5000,5000.0,0.0,6000.0,2708900.0,1219035.0,1489865.0,541.7,541.7,541.7,30,5.0,False
1612.0,5000,5000.0,0.0,6000.0,2707900.0,1218285.0,1489615.0,541.6,541.4,541.6,30,5.0,False
1613.0,5000,5000.0,0.0,6000.0,2706900.0,1218135.0,1488765.0,541.3,541.3,541.3,30,5.0,False
1614.0,5000,5000.0,0.0,6000.0,2705900.0,1217385.0,1488515.0,541.2,541.0,541.2,30,5.0,False
1615.0,5000,5000.0,0.0,6000.0,2704900.0,1217235.0,1487665.0,540.9,540.9,540.9,30,5.0,False
1616.0,5000,5000.0,0.0,6000.0,2703900.0,1216485.0,1487415.0,540.8,540.6,540.8,30,5.0,False
1617.0,5000,5000.0,0.0,6000.0,2702900.0,1216335.0,1486565.0,540.5,540.5,540.5,30,5.0,False
1618.0,5000,5000.0,0.0,6000.0,2701900.0,1215585.0,1486315.0,540.4,540.2,540.4,30,5.0,False
1619.0,5000,5000.0,0.0,6000.0,2700900.0,1215435.0,1485465.0,540.1,540.1,540.1,30,5.0,False
1620.0,5000,5000.0,0.0,6000.0,2699900.0,1214685.0,1485215.0,540.0,539.8,540.0,30,5.0,False
1621.0,5000,5000.0,0.0,6000.0,2698900.0,1214535.0,1484365.0,539.7,539.7,539.7,30,5.0,False
1622.0,5000,5000.0,0.0,6000.0,2697900.0,1213785.0,1484115.0,539.6,539.4,539.6,30,5.0,False
1623.0,5000,5000.0,0.0,6000.0,2696900.0,1213635.0,1483265.0,539.3,539.3,539.3,30,5.0,False
1624.0,5000,5000.0,0.0,6000.0,2695900.0,1212885.0,1483015.0,539.2,539.0,539.2,30,5.0,False
1625.0,5000,5000.0,0.0,6000.0,2694900.0,1212735.0,1482165.0,538.9,538.9,538.9,30,5.0,False
1626.0,5000,5000.0,0.0,6000.0,2693900.0,1211985.0,1481915.0,538.8,538.6,538.8,30,5.0,False
1627.0,5000,5000.0,0.0,6000.0,2692900.0,1211835.0,1481065.0,538.5,538.5,538.5,30,5.0,False
1628.0,5000,5000.0,0.0,6000.0,2691900.0,1211085.0,1480815.0,538.4,538.2,538.4,30,5.0,False
1629.0,5000,5000.0,0.0,6000.0,2690900.0,1210935.0,1479965.0,538.1,538.1,538.1,30,5.0,False
1630.0,5000,5000.0,0.0,6000.0,2689900.0,1210185.0,1479715.0,538.0,537.8,538.0,30,5.0,False
1631.0,5000,5000.0,0.0,6000.0,2688900.0,1210035.0,1478865.0,537.7,537.7,537.7,30,5.0,False
1632.0,5000,5000.0,0.0,6000.0,2687900.0,1209285.0,1478615.0,537.6,537.4,537.6,30,5.0,False
1633.0,5000,5000.0,0.0,6000.0,2686900.0,1209135.0,1477765.0,537.3,537.3,537.3,30,5.0,False
1634.0,5000,5000.0,0.0,6000.0,2685900.0,1208385.0,1477515.0,537.2,537.0,537.2,30,5.0,False
1635.0,5000,5000.0,0.0,6000.0,2684900.0,1208235.0,1476665.0,536.9,536.9,536.9,30,5.0,False
1636.0,5000,5000.0,0.0,6000.0,2683900.0,1207485.0,1476415.0,536.8,536.6,536.8,30,5.0,False
1637.0,5000,5000.0,0.0,6000.0,2682900.0,1207335.0,1475565.0,536.5,536.5,536.5,30,5.0,False
1638.0,5000,5000.0,0.0,6000.0,2681900.0,1206585.0,1475315.0,536.4,536.2,536.4,30,5.0,False
1639.0,5000,5000.0,0.0,6000.0,2680900.0,1206435.0,1474465.0,536.1,536.1,536.1,30,5.0,False
1640.0,5000,5000.0,0.0,6000.0,2679900.0,1205685.0,1474215.0,536.0,535.8,536.0,30,5.0,False
1641.0,5000,5000.0,0.0,6000.0,2678900.0,1205535.0,1473365.0,535.7,535.7,535.7,30,5.0,False
1642.0,5000,5000.0,0.0,6000.0,2677900.0,1204785.0,1473115.0,535.6,535.4,535.6,30,5.0,False
1643.0,5000,5000.0,0.0,6000.0,2676900.0,1204635.0,1472265.0,535.3,535.3,535.3,30,5.0,False
1644.0,5000,5000.0,0.0,6000.0,2675900.0,1203885.0,1472015.0,535.2,535.0,535.2,30,5.0,False
1645.0,5000,5000.0,0.0,6000.0,2674900.0,1203735.0,1471165.0,534.9,534.9,534.9,30,5.0,False
1646.0,5000,5000.0,0.0,6000.0,2673900.0,1202985.0,1470915.0,534.8,534.6,534.8,30,5.0,False
1647.0,5000,5000.0,0.0,6000.0,2672900.0,1202835.0,1470065.0,534.5,534.5,534.5,30,5.0,False
1648.0,5000,5000.0,0.0,6000.0,2671900.0,1202085.0,1469815.0,534.4,534.2,534.4,30,5.0,False
1649.0,5000,5000.0,0.0,6000.0,2670900.0,1201935.0,1468965.0,534.1,534.1,534.1,30,5.0,False
1650.0,5000,5000.0,0.0,6000.0,2669900.0,1201185.0,1468715.0,534.0,533.8,534.0,30,5.0,False
1651.0,5000,5000.0,0.0,6000.0,2668900.0,1201035.0,1467865.0,533.7,533.7,533.7,30,5.0,False
1652.0,5000,5000.0,0.0,6000.0,2667900.0,1200285.0,1467615.0,533.6,533.4,533.6,30,5.0,False
1653.0,5000,5000.0,0.0,6000.0,2666900.0,1200135.0,1466765.0,533.3,533.3,533.3,30,5.0,False
1654.0,5000,5000.0,0.0,6000.0,2665900.0,1199385.0,1466515.0,533.2,533.0,533.2,30,5.0,False
1655.0,5000,5000.0,0.0,6000.0,2664900.0,1199235.0,1465665.0,532.9,532.9,532.9,30,5.0,False
1656.0,5000,5000.0,0.0,6000.0,2663900.0,1198485.0,1465415.0,532.8,532.6,532.8,30,5.0,False
1657.0,5000,5000.0,0.0,6000.0,2662900.0,1198335.0,1464565.0,532.5,532.5,532.5,30,5.0,False
1658.0,5000,5000.0,0.0,6000.0,2661900.0,1197585.0,1464315.0,532.4,532.2,532.4,30,5.0,False
1659.0,5000,5000.0,0.0,6000.0,2660900.0,1197435.0,1463465.0,532.1,532.1,532.1,30,5.0,False
1660.0,5000,5000.0,0.0,6000.0,2659900.0,1196685.0,1463215.0,532.0,531.8,532.0,30,5.0,False
1661.0,5000,5000.0,0.0,6000.0,2658900.0,1196535.0,1462365.0,531.7,531.7,531.7,30,5.0,False
1662.0,5000,5000.0,0.0,6000.0,2657900.0,1195785.0,1462115.0,531.6,531.4,531.6,30,5.0,False
1663.0,5000,5000.0,0.0,6000.0,2656900.0,1195635.0,1461265.0,531.3,531.3,531.3,30,5.0,False
1664.0,5000,5000.0,0.0,6000.0,2655900.0,1194885.0,1461015.0,531.2,531.0,531.2,30,5.0,False
1665.0,5000,5000.0,0.0,6000.0,2654900.0,1194735.0,1460165.0,530.9,530.9,530.9,30,5.0,False
1666.0,5000,5000.0,0.0,6000.0,2653900.0,1193985.0,1459915.0,530.8,530.6,530.8,30,5.0,False
1667.0,5000,5000.0,0.0,6000.0,2652900.0,1193835.0,1459065.0,530.5,530.5,530.5,30,5.0,False
1668.0,5000,5000.0,0.0,6000.0,2651900.0,1193085.0,1458815.0,530.4,530.2,530.4,30,5.0,False
1669.0,5000,5000.0,0.0,6000.0,2650900.0,1192935.0,1457965.0,530.1,530.1,530.1,30,5.0,False
1670.0,5000,5000.0,0.0,6000.0,2649900.0,1192185.0,1457715.0,530.0,529.8,530.0,30,5.0,False
1671.0,5000,5000.0,0.0,6000.0,2648900.0,1192035.0,1456865.0,529.7,529.7,529.7,30,5.0,False
1672.0,5000,5000.0,0.0,6000.0,2647900.0,1191285.0,1456615.0,529.6,529.4,529.6,30,5.0,False
1673.0,5000,5000.0,0.0,6000.0,2646900.0,1191135.0,1455765.0,529.3,529.3,529.3,30,5.0,False
1674.0,5000,5000.0,0.0,6000.0,2645900.0,1190385.0,1455515.0,529.2,529.0,529.2,30,5.0,False
1675.0,5000,5000.0,0.0,6000.0,2644900.0,1190235.0,1454665.0,528.9,528.9,528.9,30,5.0,False
1676.0,5000,5000.0,0.0,6000.0,2643900.0,1189485.0,1454415.0,528.8,528.6,528.8,30,5.0,False
1677.0,5000,5000.0,0.0,6000.0,2642900.0,1189335.0,1453565.0,528.5,528.5,528.5,30,5.0,False
1678.0,5000,5000.0,0.0,6000.0,2641900.0,1188585.0,1453315.0,528.4,528.2,528.4,30,5.0,False
1679.0,5000,5000.0,0.0,6000.0,2640900.0,1188435.0,1452465.0,528.1,528.1,528.1,30,5.0,False
1680.0,5000,5000.0,0.0,6000.0,2639900.0,1187685.0,1452215.0,528.0,527.8,528.0,30,5.0,False
1681.0,5000,5000.0,0.0,6000.0,2638900.0,1187535.0,1451365.0,527.7,527.7,527.7,30,5.0,False
1682.0,5000,5000.0,0.0,6000.0,2637900.0,1186785.0,1451115.0,527.6,527.4,527.6,30,5.0,False
1683.0,5000,5000.0,0.0,6000.0,2636900.0,1186635.0,1450265.0,527.3,527.3,527.3,30,5.0,False
1684.0,5000,5000.0,0.0,6000.0,2635900.0,1185885.0,1450015.0,527.2,527.0,527.2,30,5.0,False
1685.0,5000,5000.0,0.0,6000.0,2634900.0,1185735.0,1449165.0,526.9,526.9,526.9,30,5.0,False
1686.0,5000,5000.0,0.0,6000.0,2633900.0,1184985.0,1448915.0,526.8,526.6,526.8,30,5.0,False
1687.0,5000,5000.0,0.0,6000.0,2632900.0,1184835.0,1448065.0,526.5,526.5,526.5,30,5.0,False
1688.0,5000,5000.0,0.0,6000.0,2631900.0,1184085.0,1447815.0,526.4,526.2,526.4,30,5.0,False
1689.0,5000,5000.0,0.0,6000.0,2630900.0,1183935.0,1446965.0,526.1,526.1,526.1,30,5.0,False
1690.0,5000,5000.0,0.0,6000.0,2629900.0,1183185.0,1446715.0,526.0,525.8,526.0,30,5.0,False
1691.0,5000,5000.0,0.0,6000.0,2628900.0,1183035.0,1445865.0,525.7,525.7,525.7,30,5.0,False
1692.0,5000,5000.0,0.0,6000.0,2627900.0,1182285.0,1445615.0,525.6,525.4,525.6,30,5.0,False
1693.0,5000,5000.0,0.0,6000.0,2626900.0,1182135.0,1444765.0,525.3,525.3,525.3,30,5.0,False
1694.0,5000,5000.0,0.0,6000.0,2625900.0,1181385.0,1444515.0,525.2,525.0,525.2,30,5.0,False
1695.0,5000,5000.0,0.0,6000.0,2624900.0,1181235.0,1443665.0,524.9,524.9,524.9,30,5.0,False
1696.0,5000,5000.0,0.0,6000.0,2623900.0,1180485.0,1443415.0,524.8,524.6,524.8,30,5.0,False
1697.0,5000,5000.0,0.0,6000.0,2622900.0,1180335.0,1442565.0,524.5,524.5,524.5,30,5.0,False
1698.0,5000,5000.0,0.0,6000.0,2621900.0,1179585.0,1442315.0,524.4,524.2,524.4,30,5.0,False
1699.0,5000,5000.0,0.0,6000.0,2620900.0,1179435.0,1441465.0,524.1,524.1,524.1,30,5.0,False
1700.0,5000,5000.0,0.0,6000.0,2619900.0,1178685.0,1441215.0,524.0,523.8,524.0,30,5.0,False
1701.0,5000,5000.0,0.0,6000.0,2618900.0,1178535.0,1440365.0,523.7,523.7,523.7,30,5.0,False
1702.0,5000,5000.0,0.0,6000.0,2617900.0,1177785.0,1440115.0,523.6,523.4,523.6,30,5.0,False
1703.0,5000,5000.0,0.0,6000.0,2616900.0,1177635.0,1439265.0,523.3,523.3,523.3,30,5.0,False
1704.0,5000,5000.0,0.0,6000.0,2615900.0,1176885.0,1439015.0,523.2,523.0,523.2,30,5.0,False
1705.0,5000,5000.0,0.0,6000.0,2614900.0,1176735.0,1438165.0,522.9,522.9,522.9,30,5.0,False
1706.0,5000,5000.0,0.0,6000.0,2613900.0,1175985.0,1437915.0,522.8,522.6,522.8,30,5.0,False
1707.0,5000,5000.0,0.0,6000.0,2612900.0,1175835.0,1437065.0,522.5,522.5,522.5,30,5.0,False
1708.0,5000,5000.0,0.0,6000.0,2611900.0,1175085.0,1436815.0,522.4,522.2,522.4,30,5.0,False
1709.0,5000,5000.0,0.0,6000.0,2610900.0,1174935.0,1435965.0,522.1,522.1,522.1,30,5.0,False
1710.0,5000,5000.0,0.0,6000.0,2609900.0,1174185.0,1435715.0,522.0,521.8,522.0,30,5.0,False
1711.0,5000,5000.0,0.0,6000.0,2608900.0,1174035.0,1434865.0,521.7,521.7,521.7,30,5.0,False
1712.0,5000,5000.0,0.0,6000.0,2607900.0,1173285.0,1434615.0,521.6,521.4,521.6,30,5.0,False
1713.0,5000,5000.0,0.0,6000.0,2606900.0,1173135.0,1433765.0,521.3,521.3,521.3,30,5.0,False
1714.0,5000,5000.0,0.0,6000.0,2605900.0,1172385.0,1433515.0,521.2,521.0,521.2,30,5.0,False
1715.0,5000,5000.0,0.0,6000.0,2604900.0,1172235.0,1432665.0,520.9,520.9,520.9,30,5.0,False
1716.0,5000,5000.0,0.0,6000.0,2603900.0,1171485.0,1432415.0,520.8,520.6,520.8,30,5.0,False
1717.0,5000,5000.0,0.0,6000.0,2602900.0,1171335.0,1431565.0,520.5,520.5,520.5,30,5.0,False
1718.0,5000,5000.0,0.0,6000.0,2601900.0,1170585.0,1431315.0,520.4,520.2,520.4,30,5.0,False
1719.0,5000,5000.0,0.0,6000.0,2600900.0,1170435.0,1430465.0,520.1,520.1,520.1,30,5.0,False
1720.0,5000,5000.0,0.0,6000.0,2599900.0,1169685.0,1430215.0,520.0,519.8,520.0,30,5.0,False
1721.0,5000,5000.0,0.0,6000.0,2598900.0,1169535.0,1429365.0,519.7,519.7,519.7,30,5.0,False
1722.0,5000,5000.0,0.0,6000.0,2597900.0,1168785.0,1429115.0,519.6,519.4,519.6,30,5.0,False
1723.0,5000,5000.0,0.0,6000.0,2596900.0,1168635.0,1428265.0,519.3,519.3,519.3,30,5.0,False
1724.0,5000,5000.0,0.0,6000.0,2595900.0,1167885.0,1428015.0,519.2,519.0,519.2,30,5.0,False
1725.0,5000,5000.0,0.0,6000.0,2594900.0,1167735.0,1427165.0,518.9,518.9,518.9,30,5.0,False
1726.0,5000,5000.0,0.0,6000.0,2593900.0,1166985.0,1426915.0,518.8,518.6,518.8,30,5.0,False
1727.0,5000,5000.0,0.0,6000.0,2592900.0,1166835.0,1426065.0,518.5,518.5,518.5,30,5.0,False
1728.0,5000,5000.0,0.0,6000.0,2591900.0,1166085.0,1425815.0,518.4,518.2,518.4,30,5.0,False
1729.0,5000,5000.0,0.0,6000.0,2590900.0,1165935.0,1424965.0,518.1,518.1,518.1,30,5.0,False
1730.0,5000,5000.0,0.0,6000.0,2589900.0,1165185.0,1424715.0,518.0,517.8,518.0,30,5.0,False
1731.0,5000,5000.0,0.0,6000.0,2588900.0,1165035.0,1423865.0,517.7,517.7,517.7,30,5.0,False
1732.0,5000,5000.0,0.0,6000.0,2587900.0,1164285.0,1423615.0,517.6,517.4,517.6,30,5.0,False
1733.0,5000,5000.0,0.0,6000.0,2586900.0,1164135.0,1422765.0,517.3,517.3,517.3,30,5.0,False
1734.0,5000,5000.0,0.0,6000.0,2585900.0,1163385.0,1422515.0,517.2,517.0,517.2,30,5.0,False
1735.0,5000,5000.0,0.0,6000.0,2584900.0,1163235.0,1421665.0,516.9,516.9,516.9,30,5.0,False
1736.0,5000,5000.0,0.0,6000.0,2583900.0,1162485.0,1421415.0,516.8,516.6,516.8,30,5.0,False
1737.0,5000,5000.0,0.0,6000.0,2582900.0,1162335.0,1420565.0,516.5,516.5,516.5,30,5.0,False
1738.0,5000,5000.0,0.0,6000.0,2581900.0,1161585.0,1420315.0,516.4,516.2,516.4,30,5.0,False
1739.0,5000,5000.0,0.0,6000.0,2580900.0,1161435.0,1419465.0,516.1,516.1,516.1,30,5.0,False
1740.0,5000,5000.0,0.0,6000.0,2579900.0,1160685.0,1419215.0,516.0,515.8,516.0,30,5.0,False
1741.0,5000,5000.0,0.0,6000.0,2578900.0,1160535.0,1418365.0,515.7,515.7,515.7,30,5.0,False
1742.0,5000,5000.0,0.0,6000.0,2577900.0,1159785.0,1418115.0,515.6,515.4,515.6,30,5.0,False
1743.0,5000,5000.0,0.0,6000.0,2576900.0,1159635.0,1417265.0,515.3,515.3,515.3,30,5.0,False
1744.0,5000,5000.0,0.0,6000.0,2575900.0,1158885.0,1417015.0,515.2,515.0,515.2,30,5.0,False
1745.0,5000,5000.0,0.0,6000.0,2574900.0,1158735.0,1416165.0,514.9,514.9,514.9,30,5.0,False
1746.0,5000,5000.0,0.0,6000.0,2573900.0,1157985.0,1415915.0,514.8,514.6,514.8,30,5.0,False
1747.0,5000,5000.0,0.0,6000.0,2572900.0,1157835.0,1415065.0,514.5,514.5,514.5,30,5.0,False
1748.0,5000,5000.0,0.0,6000.0,2571900.0,1157085.0,1414815.0,514.4,514.2,514.4,30,5.0,False
1749.0,5000,5000.0,0.0,6000.0,2570900.0,1156935.0,1413965.0,514.1,514.1,514.1,30,5.0,False
1750.0,5000,5000.0,0.0,6000.0,2569900.0,1156185.0,1413715.0,514.0,513.8,514.0,30,5.0,False
1751.0,5000,5000.0,0.0,6000.0,2568900.0,1156035.0,1412865.0,513.7,513.7,513.7,30,5.0,False
1752.0,5000,5000.0,0.0,6000.0,2567900.0,1155285.0,1412615.0,513.6,513.4,513.6,30,5.0,False
1753.0,5000,5000.0,0.0,6000.0,2566900.0,1155135.0,1411765.0,513.3,513.3,513.3,30,5.0,False
1754.0,5000,5000.0,0.0,6000.0,2565900.0,1154385.0,1411515.0,513.2,513.0,513.2,30,5.0,False
1755.0,5000,5000.0,0.0,6000.0,2564900.0,1154235.0,1410665.0,512.9,512.9,512.9,30,5.0,False
1756.0,5000,5000.0,0.0,6000.0,2563900.0,1153485.0,1410415.0,512.8,512.6,512.8,30,5.0,False
1757.0,5000,5000.0,0.0,6000.0,2562900.0,1153335.0,1409565.0,512.5,512.5,512.5,30,5.0,False
1758.0,5000,5000.0,0.0,6000.0,2561900.0,1152585.0,1409315.0,512.4,512.2,512.4,30,5.0,False
1759.0,5000,5000.0,0.0,6000.0,2560900.0,1152435.0,1408465.0,512.1,512.1,512.1,30,5.0,False
1760.0,5000,5000.0,0.0,6000.0,2559900.0,1151685.0,1408215.0,512.0,511.8,512.0,30,5.0,False
1761.0,5000,5000.0,0.0,6000.0,2558900.0,1151535.0,1407365.0,511.7,511.7,511.7,30,5.0,False
1762.0,5000,5000.0,0.0,6000.0,2557900.0,1150785.0,1407115.0,511.6,511.4,511.6,30,5.0,False
1763.0,5000,5000.0,0.0,6000.0,2556900.0,1150635.0,1406265.0,511.3,511.3,511.3,30,5.0,False
1764.0,5000,5000.0,0.0,6000.0,2555900.0,1149885.0,1406015.0,511.2,511.0,511.2,30,5.0,False
1765.0,5000,5000.0,0.0,6000.0,2554900.0,1149735.0,1405165.0,510.9,510.9,510.9,30,5.0,False
1766.0,5000,5000.0,0.0,6000.0,2553900.0,1148985.0,1404915.0,510.8,510.6,510.8,30,5.0,False
1767.0,5000,5000.0,0.0,6000.0,2552900.0,1148835.0,1404065.0,510.5,510.5,510.5,30,5.0,False
1768.0,5000,5000.0,0.0,6000.0,2551900.0,1148085.0,1403815.0,510.4,510.2,510.4,30,5.0,False
1769.0,5000,5000.0,0.0,6000.0,2550900.0,1147935.0,1402965.0,510.1,510.1,510.1,30,5.0,False
1770.0,5000,5000.0,0.0,6000.0,2549900.0,1147185.0,1402715.0,510.0,509.8,510.0,30,5.0,False
1771.0,5000,5000.0,0.0,6000.0,2548900.0,1147035.0,1401865.0,509.7,509.7,509.7,30,5.0,False
1772.0,5000,5000.0,0.0,6000.0,2547900.0,1146285.0,1401615.0,509.6,509.4,509.6,30,5.0,False
1773.0,5000,5000.0,0.0,6000.0,2546900.0,1146135.0,1400765.0,509.3,509.3,509.3,30,5.0,False
1774.0,5000,5000.0,0.0,6000.0,2545900.0,1145385.0,1400515.0,509.2,509.0,509.2,30,5.0,False
1775.0,5000,5000.0,0.0,6000.0,2544900.0,1145235.0,1399665.0,508.9,508.9,508.9,30,5.0,False
1776.0,5000,5000.0,0.0,6000.0,2543900.0,1144485.0,1399415.0,508.8,508.6,508.8,30,5.0,False
1777.0,5000,5000.0,0.0,6000.0,2542900.0,1144335.0,1398565.0,508.5,508.5,508.5,30,5.0,False
1778.0,5000,5000.0,0.0,6000.0,2541900.0,1143585.0,1398315.0,508.4,508.2,508.4,30,5.0,False
1779.0,5000,5000.0,0.0,6000.0,2540900.0,1143435.0,1397465.0,508.1,508.1,508.1,30,5.0,False
1780.0,5000,5000.0,0.0,6000.0,2539900.0,1142685.0,1397215.0,508.0,507.8,508.0,30,5.0,False
1781.0,5000,5000.0,0.0,6000.0,2538900.0,1142535.0,1396365.0,507.7,507.7,507.7,30,5.0,False
1782.0,5000,5000.0,0.0,6000.0,2537900.0,1141785.0,1396115.0,507.6,507.4,507.6,30,5.0,False
1783.0,5000,5000.0,0.0,6000.0,2536900.0,1141635.0,1395265.0,507.3,507.3,507.3,30,5.0,False
1784.0,5000,5000.0,0.0,6000.0,2535900.0,1140885.0,1395015.0,507.2,507.0,507.2,30,5.0,False
1785.0,5000,5000.0,0.0,6000.0,2534900.0,1140735.0,1394165.0,506.9,506.9,506.9,30,5.0,False
1786.0,5000,5000.0,0.0,6000.0,2533900.0,1139985.0,1393915.0,506.8,506.6,506.8,30,5.0,False
1787.0,5000,5000.0,0.0,6000.0,2532900.0,1139835.0,1393065.0,506.5,506.5,506.5,30,5.0,False
1788.0,5000,5000.0,0.0,6000.0,2531900.0,1139085.0,1392815.0,506.4,506.2,506.4,30,5.0,False
1789.0,5000,5000.0,0.0,6000.0,2530900.0,1138935.0,1391965.0,506.1,506.1,506.1,30,5.0,False
1790.0,5000,5000.0,0.0,6000.0,2529900.0,1138185.0,1391715.0,506.0,505.8,506.0,30,5.0,False
1791.0,5000,5000.0,0.0,6000.0,2528900.0,1138035.0,1390865.0,505.7,505.7,505.7,30,5.0,False
1792.0,5000,5000.0,0.0,6000.0,2527900.0,1137285.0,1390615.0,505.6,505.4,505.6,30,5.0,False
1793.0,5000,5000.0,0.0,6000.0,2526900.0,1137135.0,1389765.0,505.3,505.3,505.3,30,5.0,False
1794.0,5000,5000.0,0.0,6000.0,2525900.0,1136385.0,1389515.0,505.2,505.0,505.2,30,5.0,False
1795.0,5000,5000.0,0.0,6000.0,2524900.0,1136235.0,1388665.0,504.9,504.9,504.9,30,5.0,False
1796.0,5000,5000.0,0.0,6000.0,2523900.0,1135485.0,1388415.0,504.8,504.6,504.8,30,5.0,False
1797.0,5000,5000.0,0.0,6000.0,2522900.0,1135335.0,1387565.0,504.5,504.5,504.5,30,5.0,False
1798.0,5000,5000.0,0.0,6000.0,2521900.0,1134585.0,1387315.0,504.4,504.2,504.4,30,5.0,False
1799.0,5000,5000.0,0.0,6000.0,2520900.0,1134435.0,1386465.0,504.1,504.1,504.1,30,5.0,False
1800.0,5000,5000.0,0.0,6000.0,2519900.0,1133685.0,1386215.0,504.0,503.8,504.0,30,5.0,False
1801.0,5000,5000.0,0.0,6000.0,2518900.0,1133535.0,1385365.0,503.7,503.7,503.7,30,5.0,False
1802.0,5000,5000.0,0.0,6000.0,2517900.0,1132785.0,1385115.0,503.6,503.4,503.6,30,5.0,False
1803.0,5000,5000.0,0.0,6000.0,2516900.0,1132635.0,1384265.0,503.3,503.3,503.3,30,5.0,False
1804.0,5000,5000.0,0.0,6000.0,2515900.0,1131885.0,1384015.0,503.2,503.0,503.2,30,5.0,False
1805.0,5000,5000.0,0.0,6000.0,2514900.0,1131735.0,1383165.0,502.9,502.9,502.9,30,5.0,False
1806.0,5000,5000.0,0.0,6000.0,2513900.0,1130985.0,1382915.0,502.8,502.6,502.8,30,5.0,False
1807.0,5000,5000.0,0.0,6000.0,2512900.0,1130835.0,1382065.0,502.5,502.5,502.5,30,5.0,False
1808.0,5000,5000.0,0.0,6000.0,2511900.0,1130085.0,1381815.0,502.4,502.2,502.4,30,5.0,False
1809.0,5000,5000.0,0.0,6000.0,2510900.0,1129935.0,1380965.0,502.1,502.1,502.1,30,5.0,False
1810.0,5000,5000.0,0.0,6000.0,2509900.0,1129185.0,1380715.0,502.0,501.8,502.0,30,5.0,False
1811.0,5000,5000.0,0.0,6000.0,2508900.0,1129035.0,1379865.0,501.7,501.7,501.7,30,5.0,False
1812.0,5000,5000.0,0.0,6000.0,2507900.0,1128285.0,1379615.0,501.6,501.4,501.6,30,5.0,False
1813.0,5000,5000.0,0.0,6000.0,2506900.0,1128135.0,1378765.0,501.3,501.3,501.3,30,5.0,False
1814.0,5000,5000.0,0.0,6000.0,2505900.0,1127385.0,1378515.0,501.2,501.0,501.2,30,5.0,False
1815.0,5000,5000.0,0.0,6000.0,2504900.0,1127235.0,1377665.0,500.9,500.9,500.9,30,5.0,False
1816.0,5000,5000.0,0.0,6000.0,2503900.0,1126485.0,1377415.0,500.8,500.6,500.8,30,5.0,False
1817.0,5000,5000.0,0.0,6000.0,2502900.0,1126335.0,1376565.0,500.5,500.5,500.5,30,5.0,False
1818.0,5000,5000.0,0.0,6000.0,2501900.0,1125585.0,1376315.0,500.4,500.2,500.4,30,5.0,False
1819.0,5000,5000.0,0.0,6000.0,2500900.0,1125435.0,1375465.0,500.1,500.1,500.1,30,5.0,False
1820.0,5000,5000.0,0.0,6000.0,2499900.0,1124685.0,1375215.0,500.0,499.8,500.0,30,5.0,False
1821.0,5000,5000.0,0.0,6000.0,2498900.0,1124535.0,1374365.0,499.7,499.7,499.7,30,5.0,False
1822.0,5000,5000.0,0.0,6000.0,2497900.0,1123785.0,1374115.0,499.6,499.4,499.6,30,5.0,False
1823.0,5000,5000.0,0.0,6000.0,2496900.0,1123635.0,1373265.0,499.3,499.3,499.3,30,5.0,False
1824.0,5000,5000.0,0.0,6000.0,2495900.0,1122885.0,1373015.0,499.2,499.0,499.2,30,5.0,False
1825.0,5000,5000.0,0.0,6000.0,2494900.0,1122735.0,1372165.0,498.9,498.9,498.9,30,5.0,False
1826.0,5000,5000.0,0.0,6000.0,2493900.0,1121985.0,1371915.0,498.8,498.6,498.8,30,5.0,False
1827.0,5000,5000.0,0.0,6000.0,2492900.0,1121835.0,1371065.0,498.5,498.5,498.5,30,5.0,False
1828.0,5000,5000.0,0.0,6000.0,2491900.0,1121085.0,1370815.0,498.4,498.2,498.4,30,5.0,False
1829.0,5000,5000.0,0.0,6000.0,2490900.0,1120935.0,1369965.0,498.1,498.1,498.1,30,5.0,False
1830.0,5000,5000.0,0.0,6000.0,2489900.0,1120185.0,1369715.0,498.0,497.8,498.0,30,5.0,False
1831.0,5000,5000.0,0.0,6000.0,2488900.0,1120035.0,1368865.0,497.7,497.7,497.7,30,5.0,False
1832.0,5000,5000.0,0.0,6000.0,2487900.0,1119285.0,1368615.0,497.6,497.4,497.6,30,5.0,False
1833.0,5000,5000.0,0.0,6000.0,2486900.0,1119135.0,1367765.0,497.3,497.3,497.3,30,5.0,False
1834.0,5000,5000.0,0.0,6000.0,2485900.0,1118385.0,1367515.0,497.2,497.0,497.2,30,5.0,False
1835.0,5000,5000.0,0.0,6000.0,2484900.0,1118235.0,1366665.0,496.9,496.9,496.9,30,5.0,False
1836.0,5000,5000.0,0.0,6000.0,2483900.0,1117485.0,1366415.0,496.8,496.6,496.8,30,5.0,False
1837.0,5000,5000.0,0.0,6000.0,2482900.0,1117335.0,1365565.0,496.5,496.5,496.5,30,5.0,False
1838.0,5000,5000.0,0.0,6000.0,2481900.0,1116585.0,1365315.0,496.4,496.2,496.4,30,5.0,False
1839.0,5000,5000.0,0.0,6000.0,2480900.0,1116435.0,1364465.0,496.1,496.1,496.1,30,5.0,False
1840.0,5000,5000.0,0.0,6000.0,2479900.0,1115685.0,1364215.0,496.0,495.8,496.0,30,5.0,False
1841.0,5000,5000.0,0.0,6000.0,2478900.0,1115535.0,1363365.0,495.7,495.7,495.7,30,5.0,False
1842.0,5000,5000.0,0.0,6000.0,2477900.0,1114785.0,1363115.0,495.6,495.4,495.6,30,5.0,False
1843.0,5000,5000.0,0.0,6000.0,2476900.0,1114635.0,1362265.0,495.3,495.3,495.3,30,5.0,False
1844.0,5000,5000.0,0.0,6000.0,2475900.0,1113885.0,1362015.0,495.2,495.0,495.2,30,5.0,False
1845.0,5000,5000.0,0.0,6000.0,2474900.0,1113735.0,1361165.0,494.9,494.9,494.9,30,5.0,False
1846.0,5000,5000.0,0.0,6000.0,2473900.0,1112985.0,1360915.0,494.8,494.6,494.8,30,5.0,False
1847.0,5000,5000.0,0.0,6000.0,2472900.0,1112835.0,1360065.0,494.5,494.5,494.5,30,5.0,False
1848.0,5000,5000.0,0.0,6000.0,2471900.0,1112085.0,1359815.0,494.4,494.2,494.4,30,5.0,False
1849.0,5000,5000.0,0.0,6000.0,2470900.0,1111935.0,1358965.0,494.1,494.1,494.1,30,5.0,False
1850.0,5000,5000.0,0.0,6000.0,2469900.0,1111185.0,1358715.0,494.0,493.8,494.0,30,5.0,False
1851.0,5000,5000.0,0.0,6000.0,2468900.0,1111035.0,1357865.0,493.7,493.7,493.7,30,5.0,False
1852.0,5000,5000.0,0.0,6000.0,2467900.0,1110285.0,1357615.0,493.6,493.4,493.6,30,5.0,False
1853.0,5000,5000.0,0.0,6000.0,2466900.0,1110135.0,1356765.0,493.3,493.3,493.3,30,5.0,False
1854.0,5000,5000.0,0.0,6000.0,2465900.0,1109385.0,1356515.0,493.2,493.0,493.2,30,5.0,False
1855.0,5000,5000.0,0.0,6000.0,2464900.0,1109235.0,1355665.0,492.9,492.9,492.9,30,5.0,False
1856.0,5000,5000.0,0.0,6000.0,2463900.0,1108485.0,1355415.0,492.8,492.6,492.8,30,5.0,False
1857.0,5000,5000.0,0.0,6000.0,2462900.0,1108335.0,1354565.0,492.5,492.5,492.5,30,5.0,False
1858.0,5000,5000.0,0.0,6000.0,2461900.0,1107585.0,1354315.0,492.4,492.2,492.4,30,5.0,False
1859.0,5000,5000.0,0.0,6000.0,2460900.0,1107435.0,1353465.0,492.1,492.1,492.1,30,5.0,False
1860.0,5000,5000.0,0.0,6000.0,2459900.0,1106685.0,1353215.0,492.0,491.8,492.0,30,5.0,False
1861.0,5000,5000.0,0.0,6000.0,2458900.0,1106535.0,1352365.0,491.7,491.7,491.7,30,5.0,False
1862.0,5000,5000.0,0.0,6000.0,2457900.0,1105785.0,1352115.0,491.6,491.4,491.6,30,5.0,False
1863.0,5000,5000.0,0.0,6000.0,2456900.0,1105635.0,1351265.0,491.3,491.3,491.3,30,5.0,False
1864.0,5000,5000.0,0.0,6000.0,2455900.0,1104885.0,1351015.0,491.2,491.0,491.2,30,5.0,False
1865.0,5000,5000.0,0.0,6000.0,2454900.0,1104735.0,1350165.0,490.9,490.9,490.9,30,5.0,False
1866.0,5000,5000.0,0.0,6000.0,2453900.0,1103985.0,1349915.0,490.8,490.6,490.8,30,5.0,False
1867.0,5000,5000.0,0.0,6000.0,2452900.0,1103835.0,1349065.0,490.5,490.5,490.5,30,5.0,False
1868.0,5000,5000.0,0.0,6000.0,2451900.0,1103085.0,1348815.0,490.4,490.2,490.4,30,5.0,False
1869.0,5000,5000.0,0.0,6000.0,2450900.0,1102935.0,1347965.0,490.1,490.1,490.1,30,5.0,False
1870.0,5000,5000.0,0.0,6000.0,2449900.0,1102185.0,1347715.0,490.0,489.8,490.0,30,5.0,False
1871.0,5000,5000.0,0.0,6000.0,2448900.0,1102035.0,1346865.0,489.7,489.7,489.7,30,5.0,False
1872.0,5000,5000.0,0.0,6000.0,2447900.0,1101285.0,1346615.0,489.6,489.4,489.6,30,5.0,False
1873.0,5000,5000.0,0.0,6000.0,2446900.0,1101135.0,1345765.0,489.3,489.3,489.3,30,5.0,False
1874.0,5000,5000.0,0.0,6000.0,2445900.0,1100385.0,1345515.0,489.2,489.0,489.2,30,5.0,False
1875.0,5000,5000.0,0.0,6000.0,2444900.0,1100235.0,1344665.0,488.9,488.9,488.9,30,5.0,False
1876.0,5000,5000.0,0.0,6000.0,2443900.0,1099485.0,1344415.0,488.8,488.6,488.8,30,5.0,False
1877.0,5000,5000.0,0.0,6000.0,2442900.0,1099335.0,1343565.0,488.5,488.5,488.5,30,5.0,False
1878.0,5000,5000.0,0.0,6000.0,2441900.0,1098585.0,1343315.0,488.4,488.2,488.4,30,5.0,False
1879.0,5000,5000.0,0.0,6000.0,2440900.0,1098435.0,1342465.0,488.1,488.1,488.1,30,5.0,False
1880.0,5000,5000.0,0.0,6000.0,2439900.0,1097685.0,1342215.0,488.0,487.8,488.0,30,5.0,False
1881.0,5000,5000.0,0.0,6000.0,2438900.0,1097535.0,1341365.0,487.7,487.7,487.7,30,5.0,False
1882.0,5000,5000.0,0.0,6000.0,2437900.0,1096785.0,1341115.0,487.6,487.4,487.6,30,5.0,False
1883.0,5000,5000.0,0.0,6000.0,2436900.0,1096635.0,1340265.0,487.3,487.3,487.3,30,5.0,False
1884.0,5000,5000.0,0.0,6000.0,2435900.0,1095885.0,1340015.0,487.2,487.0,487.2,30,5.0,False
1885.0,5000,5000.0,0.0,6000.0,2434900.0,1095735.0,1339165.0,486.9,486.9,486.9,30,5.0,False
1886.0,5000,5000.0,0.0,6000.0,2433900.0,1094985.0,1338915.0,486.8,486.6,486.8,30,5.0,False
1887.0,5000,5000.0,0.0,6000.0,2432900.0,1094835.0,1338065.0,486.5,486.5,486.5,30,5.0,False
1888.0,5000,5000.0,0.0,6000.0,2431900.0,1094085.0,1337815.0,486.4,486.2,486.4,30,5.0,False
1889.0,5000,5000.0,0.0,6000.0,2430900.0,1093935.0,1336965.0,486.1,486.1,486.1,30,5.0,False
1890.0,5000,5000.0,0.0,6000.0,2429900.0,1093185.0,1336715.0,486.0,485.8,486.0,30,5.0,False
1891.0,5000,5000.0,0.0,6000.0,2428900.0,1093035.0,1335865.0,485.7,485.7,485.7,30,5.0,False
1892.0,5000,5000.0,0.0,6000.0,2427900.0,1092285.0,1335615.0,485.6,485.4,485.6,30,5.0,False
1893.0,5000,5000.0,0.0,6000.0,2426900.0,1092135.0,1334765.0,485.3,485.3,485.3,30,5.0,False
1894.0,5000,5000.0,0.0,6000.0,2425900.0,1091385.0,1334515.0,485.2,485.0,485.2,30,5.0,False
1895.0,5000,5000.0,0.0,6000.0,2424900.0,1091235.0,1333665.0,484.9,484.9,484.9,30,5.0,False
1896.0,5000,5000.0,0.0,6000.0,2423900.0,1090485.0,1333415.0,484.8,484.6,484.8,30,5.0,False
1897.0,5000,5000.0,0.0,6000.0,2422900.0,1090335.0,1332565.0,484.5,484.5,484.5,30,5.0,False
1898.0,5000,5000.0,0.0,6000.0,2421900.0,1089585.0,1332315.0,484.4,484.2,484.4,30,5.0,False
1899.0,5000,5000.0,0.0,6000.0,2420900.0,1089435.0,1331465.0,484.1,484.1,484.1,30,5.0,False
1900.0,5000,5000.0,0.0,6000.0,2419900.0,1088685.0,1331215.0,484.0,483.8,484.0,30,5.0,False
1901.0,5000,5000.0,0.0,6000.0,2418900.0,1088535.0,1330365.0,483.7,483.7,483.7,30,5.0,False
1902.0,5000,5000.0,0.0,6000.0,2417900.0,1087785.0,1330115.0,483.6,483.4,483.6,30,5.0,False
1903.0,5000,5000.0,0.0,6000.0,2416900.0,1087635.0,1329265.0,483.3,483.3,483.3,30,5.0,False
1904.0,5000,5000.0,0.0,6000.0,2415900.0,1086885.0,1329015.0,483.2,483.0,483.2,30,5.0,False
1905.0,5000,5000.0,0.0,6000.0,2414900.0,1086735.0,1328165.0,482.9,482.9,482.9,30,5.0,False
1906.0,5000,5000.0,0.0,6000.0,2413900.0,1085985.0,1327915.0,482.8,482.6,482.8,30,5.0,False
1907.0,5000,5000.0,0.0,6000.0,2412900.0,1085835.0,1327065.0,482.5,482.5,482.5,30,5.0,False
1908.0,5000,5000.0,0.0,6000.0,2411900.0,1085085.0,1326815.0,482.4,482.2,482.4,30,5.0,False
1909.0,5000,5000.0,0.0,6000.0,2410900.0,1084935.0,1325965.0,482.1,482.1,482.1,30,5.0,False
1910.0,5000,5000.0,0.0,6000.0,2409900.0,1084185.0,1325715.0,482.0,481.8,482.0,30,5.0,False
1911.0,5000,5000.0,0.0,6000.0,2408900.0,1084035.0,1324865.0,481.7,481.7,481.7,30,5.0,False
1912.0,5000,5000.0,0.0,6000.0,2407900.0,1083285.0,1324615.0,481.6,481.4,481.6,30,5.0,False
1913.0,5000,5000.0,0.0,6000.0,2406900.0,1083135.0,1323765.0,481.3,481.3,481.3,30,5.0,False
1914.0,5000,5000.0,0.0,6000.0,2405900.0,1082385.0,1323515.0,481.2,481.0,481.2,30,5.0,False
1915.0,5000,5000.0,0.0,6000.0,2404900.0,1082235.0,1322665.0,480.9,480.9,480.9,30,5.0,False
1916.0,5000,5000.0,0.0,6000.0,2403900.0,1081485.0,1322415.0,480.8,480.6,480.8,30,5.0,False
1917.0,5000,5000.0,0.0,6000.0,2402900.0,1081335.0,1321565.0,480.5,480.5,480.5,30,5.0,False
1918.0,5000,5000.0,0.0,6000.0,2401900.0,1080585.0,1321315.0,480.4,480.2,480.4,30,5.0,False
1919.0,5000,5000.0,0.0,6000.0,2400900.0,1080435.0,1320465.0,480.1,480.1,480.1,30,5.0,False
1920.0,5000,5000.0,0.0,6000.0,2399900.0,1079685.0,1320215.0,480.0,479.8,480.0,30,5.0,False
1921.0,5000,5000.0,0.0,6000.0,2398900.0,1079535.0,1319365.0,479.7,479.7,479.7,30,5.0,False
1922.0,5000,5000.0,0.0,6000.0,2397900.0,1078785.0,1319115.0,479.6,479.4,479.6,30,5.0,False
1923.0,5000,5000.0,0.0,6000.0,2396900.0,1078635.0,1318265.0,479.3,479.3,479.3,30,5.0,False
1924.0,5000,5000.0,0.0,6000.0,2395900.0,1077885.0,1318015.0,479.2,479.0,479.2,30,5.0,False
1925.0,5000,5000.0,0.0,6000.0,2394900.0,1077735.0,1317165.0,478.9,478.9,478.9,30,5.0,False
1926.0,5000,5000.0,0.0,6000.0,2393900.0,1076985.0,1316915.0,478.8,478.6,478.8,30,5.0,False
1927.0,5000,5000.0,0.0,6000.0,2392900.0,1076835.0,1316065.0,478.5,478.5,478.5,30,5.0,False
1928.0,5000,5000.0,0.0,6000.0,2391900.0,1076085.0,1315815.0,478.4,478.2,478.4,30,5.0,False
1929.0,5000,5000.0,0.0,6000.0,2390900.0,1075935.0,1314965.0,478.1,478.1,478.1,30,5.0,False
1930.0,5000,5000.0,0.0,6000.0,2389900.0,1075185.0,1314715.0,478.0,477.8,478.0,30,5.0,False
1931.0,5000,5000.0,0.0,6000.0,2388900.0,1075035.0,1313865.0,477.7,477.7,477.7,30,5.0,False
1932.0,5000,5000.0,0.0,6000.0,2387900.0,1074285.0,1313615.0,477.6,477.4,477.6,30,5.0,False
1933.0,5000,5000.0,0.0,6000.0,2386900.0,1074135.0,1312765.0,477.3,477.3,477.3,30,5.0,False
1934.0,5000,5000.0,0.0,6000.0,2385900.0,1073385.0,1312515.0,477.2,477.0,477.2,30,5.0,False
1935.0,5000,5000.0,0.0,6000.0,2384900.0,1073235.0,1311665.0,476.9,476.9,476.9,30,5.0,False
1936.0,5000,5000.0,0.0,6000.0,2383900.0,1072485.0,1311415.0,476.8,476.6,476.8,30,5.0,False
1937.0,5000,5000.0,0.0,6000.0,2382900.0,1072335.0,1310565.0,476.5,476.5,476.5,30,5.0,False
1938.0,5000,5000.0,0.0,6000.0,2381900.0,1071585.0,1310315.0,476.4,476.2,476.4,30,5.0,False
1939.0,5000,5000.0,0.0,6000.0,2380900.0,1071435.0,1309465.0,476.1,476.1,476.1,30,5.0,False
1940.0,5000,5000.0,0.0,6000.0,2379900.0,1070685.0,1309215.0,476.0,475.8,476.0,30,5.0,False
1941.0,5000,5000.0,0.0,6000.0,2378900.0,1070535.0,1308365.0,475.7,475.7,475.7,30,5.0,False
1942.0,5000,5000.0,0.0,6000.0,2377900.0,1069785.0,1308115.0,475.6,475.4,475.6,30,5.0,False
1943.0,5000,5000.0,0.0,6000.0,2376900.0,1069635.0,1307265.0,475.3,475.3,475.3,30,5.0,False
1944.0,5000,5000.0,0.0,6000.0,2375900.0,1068885.0,1307015.0,475.2,475.0,475.2,30,5.0,False
1945.0,5000,5000.0,0.0,6000.0,2374900.0,1068735.0,1306165.0,474.9,474.9,474.9,30,5.0,False
1946.0,5000,5000.0,0.0,6000.0,2373900.0,1067985.0,1305915.0,474.8,474.6,474.8,30,5.0,False
1947.0,5000,5000.0,0.0,6000.0,2372900.0,1067835.0,1305065.0,474.5,474.5,474.5,30,5.0,False
1948.0,5000,5000.0,0.0,6000.0,2371900.0,1067085.0,1304815.0,474.4,474.2,474.4,30,5.0,False
1949.0,5000,5000.0,0.0,6000.0,2370900.0,1066935.0,1303965.0,474.1,474.1,474.1,30,5.0,False
1950.0,5000,5000.0,0.0,6000.0,2369900.0,1066185.0,1303715.0,474.0,473.8,474.0,30,5.0,False
1951.0,5000,5000.0,0.0,6000.0,2368900.0,1066035.0,1302865.0,473.7,473.7,473.7,30,5.0,False
1952.0,5000,5000.0,0.0,6000.0,2367900.0,1065285.0,1302615.0,473.6,473.4,473.6,30,5.0,False
1953.0,5000,5000.0,0.0,6000.0,2366900.0,1065135.0,1301765.0,473.3,473.3,473.3,30,5.0,False
1954.0,5000,5000.0,0.0,6000.0,2365900.0,1064385.0,1301515.0,473.2,473.0,473.2,30,5.0,False
1955.0,5000,5000.0,0.0,6000.0,2364900.0,1064235.0,1300665.0,472.9,472.9,472.9,30,5.0,False
1956.0,5000,5000.0,0.0,6000.0,2363900.0,1063485.0,1300415.0,472.8,472.6,472.8,30,5.0,False
1957.0,5000,5000.0,0.0,6000.0,2362900.0,1063335.0,1299565.0,472.5,472.5,472.5,30,5.0,False
1958.0,5000,5000.0,0.0,6000.0,2361900.0,1062585.0,1299315.0,472.4,472.2,472.4,30,5.0,False
1959.0,5000,5000.0,0.0,6000.0,2360900.0,1062435.0,1298465.0,472.1,472.1,472.1,30,5.0,False
1960.0,5000,5000.0,0.0,6000.0,2359900.0,1061685.0,1298215.0,472.0,471.8,472.0,30,5.0,False
1961.0,5000,5000.0,0.0,6000.0,2358900.0,1061535.0,1297365.0,471.7,471.7,471.7,30,5.0,False
1962.0,5000,5000.0,0.0,6000.0,2357900.0,1060785.0,1297115.0,471.6,471.4,471.6,30,5.0,False
1963.0,5000,5000.0,0.0,6000.0,2356900.0,1060635.0,1296265.0,471.3,471.3,471.3,30,5.0,False
1964.0,5000,5000.0,0.0,6000.0,2355900.0,1059885.0,1296015.0,471.2,471.0,471.2,30,5.0,False
1965.0,5000,5000.0,0.0,6000.0,2354900.0,1059735.0,1295165.0,470.9,470.9,470.9,30,5.0,False
1966.0,5000,5000.0,0.0,6000.0,2353900.0,1058985.0,1294915.0,470.8,470.6,470.8,30,5.0,False
1967.0,5000,5000.0,0.0,6000.0,2352900.0,1058835.0,1294065.0,470.5,470.5,470.5,30,5.0,False
1968.0,5000,5000.0,0.0,6000.0,2351900.0,1058085.0,1293815.0,470.4,470.2,470.4,30,5.0,False
1969.0,5000,5000.0,0.0,6000.0,2350900.0,1057935.0,1292965.0,470.1,470.1,470.1,30,5.0,False
1970.0,5000,5000.0,0.0,6000.0,2349900.0,1057185.0,1292715.0,470.0,469.8,470.0,30,5.0,False
1971.0,5000,5000.0,0.0,6000.0,2348900.0,1057035.0,1291865.0,469.7,469.7,469.7,30,5.0,False
1972.0,5000,5000.0,0.0,6000.0,2347900.0,1056285.0,1291615.0,469.6,469.4,469.6,30,5.0,False
1973.0,5000,5000.0,0.0,6000.0,2346900.0,1056135.0,1290765.0,469.3,469.3,469.3,30,5.0,False
1974.0,5000,5000.0,0.0,6000.0,2345900.0,1055385.0,1290515.0,469.2,469.0,469.2,30,5.0,False
1975.0,5000,5000.0,0.0,6000.0,2344900.0,1055235.0,1289665.0,468.9,468.9,468.9,30,5.0,False
1976.0,5000,5000.0,0.0,6000.0,2343900.0,1054485.0,1289415.0,468.8,468.6,468.8,30,5.0,False
1977.0,5000,5000.0,0.0,6000.0,2342900.0,1054335.0,1288565.0,468.5,468.5,468.5,30,5.0,False
1978.0,5000,5000.0,0.0,6000.0,2341900.0,1053585.0,1288315.0,468.4,468.2,468.4,30,5.0,False
1979.0,5000,5000.0,0.0,6000.0,2340900.0,1053435.0,1287465.0,468.1,468.1,468.1,30,5.0,False
1980.0,5000,5000.0,0.0,6000.0,2339900.0,1052685.0,1287215.0,468.0,467.8,468.0,30,5.0,False
1981.0,5000,5000.0,0.0,6000.0,2338900.0,1052535.0,1286365.0,467.7,467.7,467.7,30,5.0,False
1982.0,5000,5000.0,0.0,6000.0,2337900.0,1051785.0,1286115.0,467.6,467.4,467.6,30,5.0,False
1983.0,5000,5000.0,0.0,6000.0,2336900.0,1051635.0,1285265.0,467.3,467.3,467.3,30,5.0,False
1984.0,5000,5000.0,0.0,6000.0,2335900.0,1050885.0,1285015.0,467.2,467.0,467.2,30,5.0,False
1985.0,5000,5000.0,0.0,6000.0,2334900.0,1050735.0,1284165.0,466.9,466.9,466.9,30,5.0,False
1986.0,5000,5000.0,0.0,6000.0,2333900.0,1049985.0,1283915.0,466.8,466.6,466.8,30,5.0,False
1987.0,5000,5000.0,0.0,6000.0,2332900.0,1049835.0,1283065.0,466.5,466.5,466.5,30,5.0,False
1988.0,5000,5000.0,0.0,6000.0,2331900.0,1049085.0,1282815.0,466.4,466.2,466.4,30,5.0,False
1989.0,5000,5000.0,0.0,6000.0,2330900.0,1048935.0,1281965.0,466.1,466.1,466.1,30,5.0,False
1990.0,5000,5000.0,0.0,6000.0,2329900.0,1048185.0,1281715.0,466.0,465.8,466.0,30,5.0,False
1991.0,5000,5000.0,0.0,6000.0,2328900.0,1048035.0,1280865.0,465.7,465.7,465.7,30,5.0,False
1992.0,5000,5000.0,0.0,6000.0,2327900.0,1047285.0,1280615.0,465.6,465.4,465.6,30,5.0,False
1993.0,5000,5000.0,0.0,6000.0,2326900.0,1047135.0,1279765.0,465.3,465.3,465.3,30,5.0,False
1994.0,5000,5000.0,0.0,6000.0,2325900.0,1046385.0,1279515.0,465.2,465.0,465.2,30,5.0,False
1995.0,5000,5000.0,0.0,6000.0,2324900.0,1046235.0,1278665.0,464.9,464.9,464.9,30,5.0,False
1996.0,5000,5000.0,0.0,6000.0,2323900.0,1045485.0,1278415.0,464.8,464.6,464.8,30,5.0,False
1997.0,5000,5000.0,0.0,6000.0,2322900.0,1045335.0,1277565.0,464.5,464.5,464.5,30,5.0,False
1998.0,5000,5000.0,0.0,6000.0,2321900.0,1044585.0,1277315.0,464.4,464.2,464.4,30,5.0,False
1999.0,5000,5000.0,0.0,6000.0,2320900.0,1044435.0,1276465.0,464.1,464.1,464.1,30,5.0,False
2000.0,5000,5000.0,0.0,6000.0,2319900.0,1043685.0,1276215.0,464.0,463.8,464.0,30,5.0,False
2001.0,5000,5000.0,0.0,6000.0,2318900.0,1043535.0,1275365.0,463.7,463.7,463.7,30,5.0,False
2002.0,5000,5000.0,0.0,6000.0,2317900.0,1042785.0,1275115.0,463.6,463.4,463.6,30,5.0,False
2003.0,5000,5000.0,0.0,6000.0,2316900.0,1042635.0,1274265.0,463.3,463.3,463.3,30,5.0,False
2004.0,5000,5000.0,0.0,6000.0,2315900.0,1041885.0,1274015.0,463.2,463.0,463.2,30,5.0,False
2005.0,5000,5000.0,0.0,6000.0,2314900.0,1041735.0,1273165.0,462.9,462.9,462.9,30,5.0,False
2006.0,5000,5000.0,0.0,6000.0,2313900.0,1040985.0,1272915.0,462.8,462.6,462.8,30,5.0,False
2007.0,5000,5000.0,0.0,6000.0,2312900.0,1040835.0,1272065.0,462.5,462.5,462.5,30,5.0,False
2008.0,5000,5000.0,0.0,6000.0,2311900.0,1040085.0,1271815.0,462.4,462.2,462.4,30,5.0,False
2009.0,5000,5000.0,0.0,6000.0,2310900.0,1039935.0,1270965.0,462.1,462.1,462.1,30,5.0,False
2010.0,5000,5000.0,0.0,6000.0,2309900.0,1039185.0,1270715.0,462.0,461.8,462.0,30,5.0,False
2011.0,5000,5000.0,0.0,6000.0,2308900.0,1039035.0,1269865.0,461.7,461.7,461.7,30,5.0,False
2012.0,5000,5000.0,0.0,6000.0,2307900.0,1038285.0,1269615.0,461.6,461.4,461.6,30,5.0,False
2013.0,5000,5000.0,0.0,6000.0,2306900.0,1038135.0,1268765.0,461.3,461.3,461.3,30,5.0,False
2014.0,5000,5000.0,0.0,6000.0,2305900.0,1037385.0,1268515.0,461.2,461.0,461.2,30,5.0,False
2015.0,5000,5000.0,0.0,6000.0,2304900.0,1037235.0,1267665.0,460.9,460.9,460.9,30,5.0,False
2016.0,5000,5000.0,0.0,6000.0,2303900.0,1036485.0,1267415.0,460.8,460.6,460.8,30,5.0,False
2017.0,5000,5000.0,0.0,6000.0,2302900.0,1036335.0,1266565.0,460.5,460.5,460.5,30,5.0,False
2018.0,5000,5000.0,0.0,6000.0,2301900.0,1035585.0,1266315.0,460.4,460.2,460.4,30,5.0,False
2019.0,5000,5000.0,0.0,6000.0,2300900.0,1035435.0,1265465.0,460.1,460.1,460.1,30,5.0,False
2020.0,5000,5000.0,0.0,6000.0,2299900.0,1034685.0,1265215.0,460.0,459.8,460.0,30,5.0,False
2021.0,5000,5000.0,0.0,6000.0,2298900.0,1034535.0,1264365.0,459.7,459.7,459.7,30,5.0,False
2022.0,5000,5000.0,0.0,6000.0,2297900.0,1033785.0,1264115.0,459.6,459.4,459.6,30,5.0,False
2023.0,5000,5000.0,0.0,6000.0,2296900.0,1033635.0,1263265.0,459.3,459.3,459.3,30,5.0,False
2024.0,5000,5000.0,0.0,6000.0,2295900.0,1032885.0,1263015.0,459.2,459.0,459.2,30,5.0,False
2025.0,5000,5000.0,0.0,6000.0,2294900.0,1032735.0,1262165.0,458.9,458.9,458.9,30,5.0,False
2026.0,5000,5000.0,0.0,6000.0,2293900.0,1031985.0,1261915.0,458.8,458.6,458.8,30,5.0,False
2027.0,5000,5000.0,0.0,6000.0,2292900.0,1031835.0,1261065.0,458.5,458.5,458.5,30,5.0,False
2028.0,5000,5000.0,0.0,6000.0,2291900.0,1031085.0,1260815.0,458.4,458.2,458.4,30,5.0,False
2029.0,5000,5000.0,0.0,6000.0,2290900.0,1030935.0,1259965.0,458.1,458.1,458.1,30,5.0,False
2030.0,5000,5000.0,0.0,6000.0,2289900.0,1030185.0,1259715.0,458.0,457.8,458.0,30,5.0,False
2031.0,5000,5000.0,0.0,6000.0,2288900.0,1030035.0,1258865.0,457.7,457.7,457.7,30,5.0,False
2032.0,5000,5000.0,0.0,6000.0,2287900.0,1029285.0,1258615.0,457.6,457.4,457.6,30,5.0,False
2033.0,5000,5000.0,0.0,6000.0,2286900.0,1029135.0,1257765.0,457.3,457.3,457.3,30,5.0,False
2034.0,5000,5000.0,0.0,6000.0,2285900.0,1028385.0,1257515.0,457.2,457.0,457.2,30,5.0,False
2035.0,5000,5000.0,0.0,6000.0,2284900.0,1028235.0,1256665.0,456.9,456.9,456.9,30,5.0,False
2036.0,5000,5000.0,0.0,6000.0,2283900.0,1027485.0,1256415.0,456.8,456.6,456.8,30,5.0,False
2037.0,5000,5000.0,0.0,6000.0,2282900.0,1027335.0,1255565.0,456.5,456.5,456.5,30,5.0,False
2038.0,5000,5000.0,0.0,6000.0,2281900.0,1026585.0,1255315.0,456.4,456.2,456.4,30,5.0,False
2039.0,5000,5000.0,0.0,6000.0,2280900.0,1026435.0,1254465.0,456.1,456.1,456.1,30,5.0,False
2040.0,5000,5000.0,0.0,6000.0,2279900.0,1025685.0,1254215.0,456.0,455.8,456.0,30,5.0,False
2041.0,5000,5000.0,0.0,6000.0,2278900.0,1025535.0,1253365.0,455.7,455.7,455.7,30,5.0,False
2042.0,5000,5000.0,0.0,6000.0,2277900.0,1024785.0,1253115.0,455.6,455.4,455.6,30,5.0,False
2043.0,5000,5000.0,0.0,6000.0,2276900.0,1024635.0,1252265.0,455.3,455.3,455.3,30,5.0,False
2044.0,5000,5000.0,0.0,6000.0,2275900.0,1023885.0,1252015.0,455.2,455.0,455.2,30,5.0,False
2045.0,5000,5000.0,0.0,6000.0,2274900.0,1023735.0,1251165.0,454.9,454.9,454.9,30,5.0,False
2046.0,5000,5000.0,0.0,6000.0,2273900.0,1022985.0,1250915.0,454.8,454.6,454.8,30,5.0,False
2047.0,5000,5000.0,0.0,6000.0,2272900.0,1022835.0,1250065.0,454.5,454.5,454.5,30,5.0,False
2048.0,5000,5000.0,0.0,6000.0,2271900.0,1022085.0,1249815.0,454.4,454.2,454.4,30,5.0,False
2049.0,5000,5000.0,0.0,6000.0,2270900.0,1021935.0,1248965.0,454.1,454.1,454.1,30,5.0,False
2050.0,5000,5000.0,0.0,6000.0,2269900.0,1021185.0,1248715.0,454.0,453.8,454.0,30,5.0,False
2051.0,5000,5000.0,0.0,6000.0,2268900.0,1021035.0,1247865.0,453.7,453.7,453.7,30,5.0,False
2052.0,5000,5000.0,0.0,6000.0,2267900.0,1020285.0,1247615.0,453.6,453.4,453.6,30,5.0,False
2053.0,5000,5000.0,0.0,6000.0,2266900.0,1020135.0,1246765.0,453.3,453.3,453.3,30,5.0,False
2054.0,5000,5000.0,0.0,6000.0,2265900.0,1019385.0,1246515.0,453.2,453.0,453.2,30,5.0,False
2055.0,5000,5000.0,0.0,6000.0,2264900.0,1019235.0,1245665.0,452.9,452.9,452.9,30,5.0,False
2056.0,5000,5000.0,0.0,6000.0,2263900.0,1018485.0,1245415.0,452.8,452.6,452.8,30,5.0,False
2057.0,5000,5000.0,0.0,6000.0,2262900.0,1018335.0,1244565.0,452.5,452.5,452.5,30,5.0,False
2058.0,5000,5000.0,0.0,6000.0,2261900.0,1017585.0,1244315.0,452.4,452.2,452.4,30,5.0,False
2059.0,5000,5000.0,0.0,6000.0,2260900.0,1017435.0,1243465.0,452.1,452.1,452.1,30,5.0,False
2060.0,5000,5000.0,0.0,6000.0,2259900.0,1016685.0,1243215.0,452.0,451.8,452.0,30,5.0,False
2061.0,5000,5000.0,0.0,6000.0,2258900.0,1016535.0,1242365.0,451.7,451.7,451.7,30,5.0,False
2062.0,5000,5000.0,0.0,6000.0,2257900.0,1015785.0,1242115.0,451.6,451.4,451.6,30,5.0,False
2063.0,5000,5000.0,0.0,6000.0,2256900.0,1015635.0,1241265.0,451.3,451.3,451.3,30,5.0,False
2064.0,5000,5000.0,0.0,6000.0,2255900.0,1014885.0,1241015.0,451.2,451.0,451.2,30,5.0,False
2065.0,5000,5000.0,0.0,6000.0,2254900.0,1014735.0,1240165.0,450.9,450.9,450.9,30,5.0,False
2066.0,5000,5000.0,0.0,6000.0,2253900.0,1013985.0,1239915.0,450.8,450.6,450.8,30,5.0,False
2067.0,5000,5000.0,0.0,6000.0,2252900.0,1013835.0,1239065.0,450.5,450.5,450.5,30,5.0,False
2068.0,5000,5000.0,0.0,6000.0,2251900.0,1013085.0,1238815.0,450.4,450.2,450.4,30,5.0,False
2069.0,5000,5000.0,0.0,6000.0,2250900.0,1012935.0,1237965.0,450.1,450.1,450.1,30,5.0,False
2070.0,5000,5000.0,0.0,6000.0,2249900.0,1012185.0,1237715.0,450.0,449.8,450.0,30,5.0,False
2071.0,5000,5000.0,0.0,6000.0,2248900.0,1012035.0,1236865.0,449.7,449.7,449.7,30,5.0,False
2072.0,5000,5000.0,0.0,6000.0,2247900.0,1011285.0,1236615.0,449.6,449.4,449.6,30,5.0,False
2073.0,5000,5000.0,0.0,6000.0,2246900.0,1011135.0,1235765.0,449.3,449.3,449.3,30,5.0,False
2074.0,5000,5000.0,0.0,6000.0,2245900.0,1010385.0,1235515.0,449.2,449.0,449.2,30,5.0,False
2075.0,5000,5000.0,0.0,6000.0,2244900.0,1010235.0,1234665.0,448.9,448.9,448.9,30,5.0,False
2076.0,5000,5000.0,0.0,6000.0,2243900.0,1009485.0,1234415.0,448.8,448.6,448.8,30,5.0,False
2077.0,5000,5000.0,0.0,6000.0,2242900.0,1009335.0,1233565.0,448.5,448.5,448.5,30,5.0,False
2078.0,5000,5000.0,0.0,6000.0,2241900.0,1008585.0,1233315.0,448.4,448.2,448.4,30,5.0,False
2079.0,5000,5000.0,0.0,6000.0,2240900.0,1008435.0,1232465.0,448.1,448.1,448.1,30,5.0,False
2080.0,5000,5000.0,0.0,6000.0,2239900.0,1007685.0,1232215.0,448.0,447.8,448.0,30,5.0,False
2081.0,5000,5000.0,0.0,6000.0,2238900.0,1007535.0,1231365.0,447.7,447.7,447.7,30,5.0,False
2082.0,5000,5000.0,0.0,6000.0,2237900.0,1006785.0,1231115.0,447.6,447.4,447.6,30,5.0,False
2083.0,5000,5000.0,0.0,6000.0,2236900.0,1006635.0,1230265.0,447.3,447.3,447.3,30,5.0,False
2084.0,5000,5000.0,0.0,6000.0,2235900.0,1005885.0,1230015.0,447.2,447.0,447.2,30,5.0,False
2085.0,5000,5000.0,0.0,6000.0,2234900.0,1005735.0,1229165.0,446.9,446.9,446.9,30,5.0,False
2086.0,5000,5000.0,0.0,6000.0,2233900.0,1004985.0,1228915.0,446.8,446.6,446.8,30,5.0,False
2087.0,5000,5000.0,0.0,6000.0,2232900.0,1004835.0,1228065.0,446.5,446.5,446.5,30,5.0,False
2088.0,5000,5000.0,0.0,6000.0,2231900.0,1004085.0,1227815.0,446.4,446.2,446.4,30,5.0,False
2089.0,5000,5000.0,0.0,6000.0,2230900.0,1003935.0,1226965.0,446.1,446.1,446.1,30,5.0,False
2090.0,5000,5000.0,0.0,6000.0,2229900.0,1003185.0,1226715.0,446.0,445.8,446.0,30,5.0,False
2091.0,5000,5000.0,0.0,6000.0,2228900.0,1003035.0,1225865.0,445.7,445.7,445.7,30,5.0,False
2092.0,5000,5000.0,0.0,6000.0,2227900.0,1002285.0,1225615.0,445.6,445.4,445.6,30,5.0,False
2093.0,5000,5000.0,0.0,6000.0,2226900.0,1002135.0,1224765.0,445.3,445.3,445.3,30,5.0,False
2094.0,5000,5000.0,0.0,6000.0,2225900.0,1001385.0,1224515.0,445.2,445.0,445.2,30,5.0,False
2095.0,5000,5000.0,0.0,6000.0,2224900.0,1001235.0,1223665.0,444.9,444.9,444.9,30,5.0,False
2096.0,5000,5000.0,0.0,6000.0,2223900.0,1000485.0,1223415.0,444.8,444.6,444.8,30,5.0,False
2097.0,5000,5000.0,0.0,6000.0,2222900.0,1000335.0,1222565.0,444.5,444.5,444.5,30,5.0,False
2098.0,5000,5000.0,0.0,6000.0,2221900.0,999585.0,1222315.0,444.4,444.2,444.4,30,5.0,False
2099.0,5000,5000.0,0.0,6000.0,2220900.0,999435.0,1221465.0,444.1,444.1,444.1,30,5.0,False
2100.0,5000,5000.0,0.0,6000.0,2219900.0,998685.0,1221215.0,444.0,443.8,444.0,30,5.0,False
2101.0,5000,5000.0,0.0,6000.0,2218900.0,998535.0,1220365.0,443.7,443.7,443.7,30,5.0,False
2102.0,5000,5000.0,0.0,6000.0,2217900.0,997785.0,1220115.0,443.6,443.4,443.6,30,5.0,False
2103.0,5000,5000.0,0.0,6000.0,2216900.0,997635.0,1219265.0,443.3,443.3,443.3,30,5.0,False
2104.0,5000,5000.0,0.0,6000.0,2215900.0,996885.0,1219015.0,443.2,443.0,443.2,30,5.0,False
2105.0,5000,5000.0,0.0,6000.0,2214900.0,996735.0,1218165.0,442.9,442.9,442.9,30,5.0,False
2106.0,5000,5000.0,0.0,6000.0,2213900.0,995985.0,1217915.0,442.8,442.6,442.8,30,5.0,False
2107.0,5000,5000.0,0.0,6000.0,2212900.0,995835.0,1217065.0,442.5,442.5,442.5,30,5.0,False
2108.0,5000,5000.0,0.0,6000.0,2211900.0,995085.0,1216815.0,442.4,442.2,442.4,30,5.0,False
2109.0,5000,5000.0,0.0,6000.0,2210900.0,994935.0,1215965.0,442.1,442.1,442.1,30,5.0,False
2110.0,5000,5000.0,0.0,6000.0,2209900.0,994185.0,1215715.0,442.0,441.8,442.0,30,5.0,False
2111.0,5000,5000.0,0.0,6000.0,2208900.0,994035.0,1214865.0,441.7,441.7,441.7,30,5.0,False
2112.0,5000,5000.0,0.0,6000.0,2207900.0,993285.0,1214615.0,441.6,441.4,441.6,30,5.0,False
2113.0,5000,5000.0,0.0,6000.0,2206900.0,993135.0,1213765.0,441.3,441.3,441.3,30,5.0,False
2114.0,5000,5000.0,0.0,6000.0,2205900.0,992385.0,1213515.0,441.2,441.0,441.2,30,5.0,False
2115.0,5000,5000.0,0.0,6000.0,2204900.0,992235.0,1212665.0,440.9,440.9,440.9,30,5.0,False
2116.0,5000,5000.0,0.0,6000.0,2203900.0,991485.0,1212415.0,440.8,440.6,440.8,30,5.0,False
2117.0,5000,5000.0,0.0,6000.0,2202900.0,991335.0,1211565.0,440.5,440.5,440.5,30,5.0,False
2118.0,5000,5000.0,0.0,6000.0,2201900.0,990585.0,1211315.0,440.4,440.2,440.4,30,5.0,False
2119.0,5000,5000.0,0.0,6000.0,2200900.0,990435.0,1210465.0,440.1,440.1,440.1,30,5.0,False
2120.0,5000,5000.0,0.0,6000.0,2199900.0,989685.0,1210215.0,440.0,439.8,440.0,30,5.0,False
2121.0,5000,5000.0,0.0,6000.0,2198900.0,989535.0,1209365.0,439.7,439.7,439.7,30,5.0,False
2122.0,5000,5000.0,0.0,6000.0,2197900.0,988785.0,1209115.0,439.6,439.4,439.6,30,5.0,False
2123.0,5000,5000.0,0.0,6000.0,2196900.0,988635.0,1208265.0,439.3,439.3,439.3,30,5.0,False
2124.0,5000,5000.0,0.0,6000.0,2195900.0,987885.0,1208015.0,439.2,439.0,439.2,30,5.0,False
2125.0,5000,5000.0,0.0,6000.0,2194900.0,987735.0,1207165.0,438.9,438.9,438.9,30,5.0,False
2126.0,5000,5000.0,0.0,6000.0,2193900.0,986985.0,1206915.0,438.8,438.6,438.8,30,5.0,False
2127.0,5000,5000.0,0.0,6000.0,2192900.0,986835.0,1206065.0,438.5,438.5,438.5,30,5.0,False
2128.0,5000,5000.0,0.0,6000.0,2191900.0,986085.0,1205815.0,438.4,438.2,438.4,30,5.0,False
2129.0,5000,5000.0,0.0,6000.0,2190900.0,985935.0,1204965.0,438.1,438.1,438.1,30,5.0,False
2130.0,5000,5000.0,0.0,6000.0,2189900.0,985185.0,1204715.0,438.0,437.8,438.0,30,5.0,False
2131.0,5000,5000.0,0.0,6000.0,2188900.0,985035.0,1203865.0,437.7,437.7,437.7,30,5.0,False
2132.0,5000,5000.0,0.0,6000.0,2187900.0,984285.0,1203615.0,437.6,437.4,437.6,30,5.0,False
2133.0,5000,5000.0,0.0,6000.0,2186900.0,984135.0,1202765.0,437.3,437.3,437.3,30,5.0,False
2134.0,5000,5000.0,0.0,6000.0,2185900.0,983385.0,1202515.0,437.2,437.0,437.2,30,5.0,False
2135.0,5000,5000.0,0.0,6000.0,2184900.0,983235.0,1201665.0,436.9,436.9,436.9,30,5.0,False
2136.0,5000,5000.0,0.0,6000.0,2183900.0,982485.0,1201415.0,436.8,436.6,436.8,30,5.0,False
2137.0,5000,5000.0,0.0,6000.0,2182900.0,982335.0,1200565.0,436.5,436.5,436.5,30,5.0,False
2138.0,5000,5000.0,0.0,6000.0,2181900.0,981585.0,1200315.0,436.4,436.2,436.4,30,5.0,False
2139.0,5000,5000.0,0.0,6000.0,2180900.0,981435.0,1199465.0,436.1,436.1,436.1,30,5.0,False
2140.0,5000,5000.0,0.0,6000.0,2179900.0,980685.0,1199215.0,436.0,435.8,436.0,30,5.0,False
2141.0,5000,5000.0,0.0,6000.0,2178900.0,980535.0,1198365.0,435.7,435.7,435.7,30,5.0,False
2142.0,5000,5000.0,0.0,6000.0,2177900.0,979785.0,1198115.0,435.6,435.4,435.6,30,5.0,False
2143.0,5000,5000.0,0.0,6000.0,2176900.0,979635.0,1197265.0,435.3,435.3,435.3,30,5.0,False
2144.0,5000,5000.0,0.0,6000.0,2175900.0,978885.0,1197015.0,435.2,435.0,435.2,30,5.0,False
2145.0,5000,5000.0,0.0,6000.0,2174900.0,978735.0,1196165.0,434.9,434.9,434.9,30,5.0,False
2146.0,5000,5000.0,0.0,6000.0,2173900.0,977985.0,1195915.0,434.8,434.6,434.8,30,5.0,False
2147.0,5000,5000.0,0.0,6000.0,2172900.0,977835.0,1195065.0,434.5,434.5,434.5,30,5.0,False
2148.0,5000,5000.0,0.0,6000.0,2171900.0,977085.0,1194815.0,434.4,434.2,434.4,30,5.0,False
2149.0,5000,5000.0,0.0,6000.0,2170900.0,976935.0,1193965.0,434.1,434.1,434.1,30,5.0,False
2150.0,5000,5000.0,0.0,6000.0,2169900.0,976185.0,1193715.0,434.0,433.8,434.0,30,5.0,False
2151.0,5000,5000.0,0.0,6000.0,2168900.0,976035.0,1192865.0,433.7,433.7,433.7,30,5.0,False
2152.0,5000,5000.0,0.0,6000.0,2167900.0,975285.0,1192615.0,433.6,433.4,433.6,30,5.0,False
2153.0,5000,5000.0,0.0,6000.0,2166900.0,975135.0,1191765.0,433.3,433.3,433.3,30,5.0,False
2154.0,5000,5000.0,0.0,6000.0,2165900.0,974385.0,1191515.0,433.2,433.0,433.2,30,5.0,False
2155.0,5000,5000.0,0.0,6000.0,2164900.0,974235.0,1190665.0,432.9,432.9,432.9,30,5.0,False
2156.0,5000,5000.0,0.0,6000.0,2163900.0,973485.0,1190415.0,432.8,432.6,432.8,30,5.0,False
2157.0,5000,5000.0,0.0,6000.0,2162900.0,973335.0,1189565.0,432.5,432.5,432.5,30,5.0,False
2158.0,5000,5000.0,0.0,6000.0,2161900.0,972585.0,1189315.0,432.4,432.2,432.4,30,5.0,False
2159.0,5000,5000.0,0.0,6000.0,2160900.0,972435.0,1188465.0,432.1,432.1,432.1,30,5.0,False
2160.0,5000,5000.0,0.0,6000.0,2159900.0,971685.0,1188215.0,432.0,431.8,432.0,30,5.0,False
2161.0,5000,5000.0,0.0,6000.0,2158900.0,971535.0,1187365.0,431.7,431.7,431.7,30,5.0,False
2162.0,5000,5000.0,0.0,6000.0,2157900.0,970785.0,1187115.0,431.6,431.4,431.6,30,5.0,False
2163.0,5000,5000.0,0.0,6000.0,2156900.0,970635.0,1186265.0,431.3,431.3,431.3,30,5.0,False
2164.0,5000,5000.0,0.0,6000.0,2155900.0,969885.0,1186015.0,431.2,431.0,431.2,30,5.0,False
2165.0,5000,5000.0,0.0,6000.0,2154900.0,969735.0,1185165.0,430.9,430.9,430.9,30,5.0,False
2166.0,5000,5000.0,0.0,6000.0,2153900.0,968985.0,1184915.0,430.8,430.6,430.8,30,5.0,False
2167.0,5000,5000.0,0.0,6000.0,2152900.0,968835.0,1184065.0,430.5,430.5,430.5,30,5.0,False
2168.0,5000,5000.0,0.0,6000.0,2151900.0,968085.0,1183815.0,430.4,430.2,430.4,30,5.0,False
2169.0,5000,5000.0,0.0,6000.0,2150900.0,967935.0,1182965.0,430.1,430.1,430.1,30,5.0,False
2170.0,5000,5000.0,0.0,6000.0,2149900.0,967185.0,1182715.0,430.0,429.8,430.0,30,5.0,False
2171.0,5000,5000.0,0.0,6000.0,2148900.0,967035.0,1181865.0,429.7,429.7,429.7,30,5.0,False
2172.0,5000,5000.0,0.0,6000.0,2147900.0,966285.0,1181615.0,429.6,429.4,429.6,30,5.0,False
2173.0,5000,5000.0,0.0,6000.0,2146900.0,966135.0,1180765.0,429.3,429.3,429.3,30,5.0,False
2174.0,5000,5000.0,0.0,6000.0,2145900.0,965385.0,1180515.0,429.2,429.0,429.2,30,5.0,False
2175.0,5000,5000.0,0.0,6000.0,2144900.0,965235.0,1179665.0,428.9,428.9,428.9,30,5.0,False
2176.0,5000,5000.0,0.0,6000.0,2143900.0,964485.0,1179415.0,428.8,428.6,428.8,30,5.0,False
2177.0,5000,5000.0,0.0,6000.0,2142900.0,964335.0,1178565.0,428.5,428.5,428.5,30,5.0,False
2178.0,5000,5000.0,0.0,6000.0,2141900.0,963585.0,1178315.0,428.4,428.2,428.4,30,5.0,False
2179.0,5000,5000.0,0.0,6000.0,2140900.0,963435.0,1177465.0,428.1,428.1,428.1,30,5.0,False
2180.0,5000,5000.0,0.0,6000.0,2139900.0,962685.0,1177215.0,428.0,427.8,428.0,30,5.0,False
2181.0,5000,5000.0,0.0,6000.0,2138900.0,962535.0,1176365.0,427.7,427.7,427.7,30,5.0,False
2182.0,5000,5000.0,0.0,6000.0,2137900.0,961785.0,1176115.0,427.6,427.4,427.6,30,5.0,False
2183.0,5000,5000.0,0.0,6000.0,2136900.0,961635.0,1175265.0,427.3,427.3,427.3,30,5.0,False
2184.0,5000,5000.0,0.0,6000.0,2135900.0,960885.0,1175015.0,427.2,427.0,427.2,30,5.0,False
2185.0,5000,5000.0,0.0,6000.0,2134900.0,960735.0,1174165.0,426.9,426.9,426.9,30,5.0,False
2186.0,5000,5000.0,0.0,6000.0,2133900.0,959985.0,1173915.0,426.8,426.6,426.8,30,5.0,False
2187.0,5000,5000.0,0.0,6000.0,2132900.0,959835.0,1173065.0,426.5,426.5,426.5,30,5.0,False
2188.0,5000,5000.0,0.0,6000.0,2131900.0,959085.0,1172815.0,426.4,426.2,426.4,30,5.0,False
2189.0,5000,5000.0,0.0,6000.0,2130900.0,958935.0,1171965.0,426.1,426.1,426.1,30,5.0,False
2190.0,5000,5000.0,0.0,6000.0,2129900.0,958185.0,1171715.0,426.0,425.8,426.0,30,5.0,False
2191.0,5000,5000.0,0.0,6000.0,2128900.0,958035.0,1170865.0,425.7,425.7,425.7,30,5.0,False
2192.0,5000,5000.0,0.0,6000.0,2127900.0,957285.0,1170615.0,425.6,425.4,425.6,30,5.0,False
2193.0,5000,5000.0,0.0,6000.0,2126900.0,957135.0,1169765.0,425.3,425.3,425.3,30,5.0,False
2194.0,5000,5000.0,0.0,6000.0,2125900.0,956385.0,1169515.0,425.2,425.0,425.2,30,5.0,False
2195.0,5000,5000.0,0.0,6000.0,2124900.0,956235.0,1168665.0,424.9,424.9,424.9,30,5.0,False
2196.0,5000,5000.0,0.0,6000.0,2123900.0,955485.0,1168415.0,424.8,424.6,424.8,30,5.0,False
2197.0,5000,5000.0,0.0,6000.0,2122900.0,955335.0,1167565.0,424.5,424.5,424.5,30,5.0,False
2198.0,5000,5000.0,0.0,6000.0,2121900.0,954585.0,1167315.0,424.4,424.2,424.4,30,5.0,False
2199.0,5000,5000.0,0.0,6000.0,2120900.0,954435.0,1166465.0,424.1,424.1,424.1,30,5.0,False
2200.0,5000,5000.0,0.0,6000.0,2119900.0,953685.0,1166215.0,424.0,423.8,424.0,30,5.0,False
2201.0,5000,5000.0,0.0,6000.0,2118900.0,953535.0,1165365.0,423.7,423.7,423.7,30,5.0,False
2202.0,5000,5000.0,0.0,6000.0,2117900.0,952785.0,1165115.0,423.6,423.4,423.6,30,5.0,False
2203.0,5000,5000.0,0.0,6000.0,2116900.0,952635.0,1164265.0,423.3,423.3,423.3,30,5.0,False
2204.0,5000,5000.0,0.0,6000.0,2115900.0,951885.0,1164015.0,423.2,423.0,423.2,30,5.0,False
2205.0,5000,5000.0,0.0,6000.0,2114900.0,951735.0,1163165.0,422.9,422.9,422.9,30,5.0,False
2206.0,5000,5000.0,0.0,6000.0,2113900.0,950985.0,1162915.0,422.8,422.6,422.8,30,5.0,False
2207.0,5000,5000.0,0.0,6000.0,2112900.0,950835.0,1162065.0,422.5,422.5,422.5,30,5.0,False
2208.0,5000,5000.0,0.0,6000.0,2111900.0,950085.0,1161815.0,422.4,422.2,422.4,30,5.0,False
2209.0,5000,5000.0,0.0,6000.0,2110900.0,949935.0,1160965.0,422.1,422.1,422.1,30,5.0,False
2210.0,5000,5000.0,0.0,6000.0,2109900.0,949185.0,1160715.0,422.0,421.8,422.0,30,5.0,False
2211.0,5000,5000.0,0.0,6000.0,2108900.0,949035.0,1159865.0,421.7,421.7,421.7,30,5.0,False
2212.0,5000,5000.0,0.0,6000.0,2107900.0,948285.0,1159615.0,421.6,421.4,421.6,30,5.0,False
2213.0,5000,5000.0,0.0,6000.0,2106900.0,948135.0,1158765.0,421.3,421.3,421.3,30,5.0,False
2214.0,5000,5000.0,0.0,6000.0,2105900.0,947385.0,1158515.0,421.2,421.0,421.2,30,5.0,False
2215.0,5000,5000.0,0.0,6000.0,2104900.0,947235.0,1157665.0,420.9,420.9,420.9,30,5.0,False
2216.0,5000,5000.0,0.0,6000.0,2103900.0,946485.0,1157415.0,420.8,420.6,420.8,30,5.0,False
2217.0,5000,5000.0,0.0,6000.0,2102900.0,946335.0,1156565.0,420.5,420.5,420.5,30,5.0,False
2218.0,5000,5000.0,0.0,6000.0,2101900.0,945585.0,1156315.0,420.4,420.2,420.4,30,5.0,False
2219.0,5000,5000.0,0.0,6000.0,2100900.0,945435.0,1155465.0,420.1,420.1,420.1,30,5.0,False
2220.0,5000,5000.0,0.0,6000.0,2099900.0,944685.0,1155215.0,420.0,419.8,420.0,30,5.0,False
2221.0,5000,5000.0,0.0,6000.0,2098900.0,944535.0,1154365.0,419.7,419.7,419.7,30,5.0,False
2222.0,5000,5000.0,0.0,6000.0,2097900.0,943785.0,1154115.0,419.6,419.4,419.6,30,5.0,False
2223.0,5000,5000.0,0.0,6000.0,2096900.0,943635.0,1153265.0,419.3,419.3,419.3,30,5.0,False
2224.0,5000,5000.0,0.0,6000.0,2095900.0,942885.0,1153015.0,419.2,419.0,419.2,30,5.0,False
2225.0,5000,5000.0,0.0,6000.0,2094900.0,942735.0,1152165.0,418.9,418.9,418.9,30,5.0,False
2226.0,5000,5000.0,0.0,6000.0,2093900.0,941985.0,1151915.0,418.8,418.6,418.8,30,5.0,False
2227.0,5000,5000.0,0.0,6000.0,2092900.0,941835.0,1151065.0,418.5,418.5,418.5,30,5.0,False
2228.0,5000,5000.0,0.0,6000.0,2091900.0,941085.0,1150815.0,418.4,418.2,418.4,30,5.0,False
2229.0,5000,5000.0,0.0,6000.0,2090900.0,940935.0,1149965.0,418.1,418.1,418.1,30,5.0,False
2230.0,5000,5000.0,0.0,6000.0,2089900.0,940185.0,1149715.0,418.0,417.8,418.0,30,5.0,False
2231.0,5000,5000.0,0.0,6000.0,2088900.0,940035.0,1148865.0,417.7,417.7,417.7,30,5.0,False
2232.0,5000,5000.0,0.0,6000.0,2087900.0,939285.0,1148615.0,417.6,417.4,417.6,30,5.0,False
2233.0,5000,5000.0,0.0,6000.0,2086900.0,939135.0,1147765.0,417.3,417.3,417.3,30,5.0,False
2234.0,5000,5000.0,0.0,6000.0,2085900.0,938385.0,1147515.0,417.2,417.0,417.2,30,5.0,False
2235.0,5000,5000.0,0.0,6000.0,2084900.0,938235.0,1146665.0,416.9,416.9,416.9,30,5.0,False
2236.0,5000,5000.0,0.0,6000.0,2083900.0,937485.0,1146415.0,416.8,416.6,416.8,30,5.0,False
2237.0,5000,5000.0,0.0,6000.0,2082900.0,937335.0,1145565.0,416.5,416.5,416.5,30,5.0,False
2238.0,5000,5000.0,0.0,6000.0,2081900.0,936585.0,1145315.0,416.4,416.2,416.4,30,5.0,False
2239.0,5000,5000.0,0.0,6000.0,2080900.0,936435.0,1144465.0,416.1,416.1,416.1,30,5.0,False
2240.0,5000,5000.0,0.0,6000.0,2079900.0,935685.0,1144215.0,416.0,415.8,416.0,30,5.0,False
2241.0,5000,5000.0,0.0,6000.0,2078900.0,935535.0,1143365.0,415.7,415.7,415.7,30,5.0,False
2242.0,5000,5000.0,0.0,6000.0,2077900.0,934785.0,1143115.0,415.6,415.4,415.6,30,5.0,False
2243.0,5000,5000.0,0.0,6000.0,2076900.0,934635.0,1142265.0,415.3,415.3,415.3,30,5.0,False
2244.0,5000,5000.0,0.0,6000.0,2075900.0,933885.0,1142015.0,415.2,415.0,415.2,30,5.0,False
2245.0,5000,5000.0,0.0,6000.0,2074900.0,933735.0,1141165.0,414.9,414.9,414.9,30,5.0,False
2246.0,5000,5000.0,0.0,6000.0,2073900.0,932985.0,1140915.0,414.8,414.6,414.8,30,5.0,False
2247.0,5000,5000.0,0.0,6000.0,2072900.0,932835.0,1140065.0,414.5,414.5,414.5,30,5.0,False
2248.0,5000,5000.0,0.0,6000.0,2071900.0,932085.0,1139815.0,414.4,414.2,414.4,30,5.0,False
2249.0,5000,5000.0,0.0,6000.0,2070900.0,931935.0,1138965.0,414.1,414.1,414.1,30,5.0,False
2250.0,5000,5000.0,0.0,6000.0,2069900.0,931185.0,1138715.0,414.0,413.8,414.0,30,5.0,False
2251.0,5000,5000.0,0.0,6000.0,2068900.0,931035.0,1137865.0,413.7,413.7,413.7,30,5.0,False
2252.0,5000,5000.0,0.0,6000.0,2067900.0,930285.0,1137615.0,413.6,413.4,413.6,30,5.0,False
2253.0,5000,5000.0,0.0,6000.0,2066900.0,930135.0,1136765.0,413.3,413.3,413.3,30,5.0,False
2254.0,5000,5000.0,0.0,6000.0,2065900.0,929385.0,1136515.0,413.2,413.0,413.2,30,5.0,False
2255.0,5000,5000.0,0.0,6000.0,2064900.0,929235.0,1135665.0,412.9,412.9,412.9,30,5.0,False
2256.0,5000,5000.0,0.0,6000.0,2063900.0,928485.0,1135415.0,412.8,412.6,412.8,30,5.0,False
2257.0,5000,5000.0,0.0,6000.0,2062900.0,928335.0,1134565.0,412.5,412.5,412.5,30,5.0,False
2258.0,5000,5000.0,0.0,6000.0,2061900.0,927585.0,1134315.0,412.4,412.2,412.4,30,5.0,False
2259.0,5000,5000.0,0.0,6000.0,2060900.0,927435.0,1133465.0,412.1,412.1,412.1,30,5.0,False
2260.0,5000,5000.0,0.0,6000.0,2059900.0,926685.0,1133215.0,412.0,411.8,412.0,30,5.0,False
2261.0,5000,5000.0,0.0,6000.0,2058900.0,926535.0,1132365.0,411.7,411.7,411.7,30,5.0,False
2262.0,5000,5000.0,0.0,6000.0,2057900.0,925785.0,1132115.0,411.6,411.4,411.6,30,5.0,False
2263.0,5000,5000.0,0.0,6000.0,2056900.0,925635.0,1131265.0,411.3,411.3,411.3,30,5.0,False
2264.0,5000,5000.0,0.0,6000.0,2055900.0,924885.0,1131015.0,411.2,411.0,411.2,30,5.0,False
2265.0,5000,5000.0,0.0,6000.0,2054900.0,924735.0,1130165.0,410.9,410.9,410.9,30,5.0,False
2266.0,5000,5000.0,0.0,6000.0,2053900.0,923985.0,1129915.0,410.8,410.6,410.8,30,5.0,False
2267.0,5000,5000.0,0.0,6000.0,2052900.0,923835.0,1129065.0,410.5,410.5,410.5,30,5.0,False
2268.0,5000,5000.0,0.0,6000.0,2051900.0,923085.0,1128815.0,410.4,410.2,410.4,30,5.0,False
2269.0,5000,5000.0,0.0,6000.0,2050900.0,922935.0,1127965.0,410.1,410.1,410.1,30,5.0,False
2270.0,5000,5000.0,0.0,6000.0,2049900.0,922185.0,1127715.0,410.0,409.8,410.0,30,5.0,False
2271.0,5000,5000.0,0.0,6000.0,2048900.0,922035.0,1126865.0,409.7,409.7,409.7,30,5.0,False
2272.0,5000,5000.0,0.0,6000.0,2047900.0,921285.0,1126615.0,409.6,409.4,409.6,30,5.0,False
2273.0,5000,5000.0,0.0,6000.0,2046900.0,921135.0,1125765.0,409.3,409.3,409.3,30,5.0,False
2274.0,5000,5000.0,0.0,6000.0,2045900.0,920385.0,1125515.0,409.2,409.0,409.2,30,5.0,False
2275.0,5000,5000.0,0.0,6000.0,2044900.0,920235.0,1124665.0,408.9,408.9,408.9,30,5.0,False
2276.0,5000,5000.0,0.0,6000.0,2043900.0,919485.0,1124415.0,408.8,408.6,408.8,30,5.0,False
2277.0,5000,5000.0,0.0,6000.0,2042900.0,919335.0,1123565.0,408.5,408.5,408.5,30,5.0,False
2278.0,5000,5000.0,0.0,6000.0,2041900.0,918585.0,1123315.0,408.4,408.2,408.4,30,5.0,False
2279.0,5000,5000.0,0.0,6000.0,2040900.0,918435.0,1122465.0,408.1,408.1,408.1,30,5.0,False
2280.0,5000,5000.0,0.0,6000.0,2039900.0,917685.0,1122215.0,408.0,407.8,408.0,30,5.0,False
2281.0,5000,5000.0,0.0,6000.0,2038900.0,917535.0,1121365.0,407.7,407.7,407.7,30,5.0,False
2282.0,5000,5000.0,0.0,6000.0,2037900.0,916785.0,1121115.0,407.6,407.4,407.6,30,5.0,False
2283.0,5000,5000.0,0.0,6000.0,2036900.0,916635.0,1120265.0,407.3,407.3,407.3,30,5.0,False
2284.0,5000,5000.0,0.0,6000.0,2035900.0,915885.0,1120015.0,407.2,407.0,407.2,30,5.0,False
2285.0,5000,5000.0,0.0,6000.0,2034900.0,915735.0,1119165.0,406.9,406.9,406.9,30,5.0,False
2286.0,5000,5000.0,0.0,6000.0,2033900.0,914985.0,1118915.0,406.8,406.6,406.8,30,5.0,False
2287.0,5000,5000.0,0.0,6000.0,2032900.0,914835.0,1118065.0,406.5,406.5,406.5,30,5.0,False
2288.0,5000,5000.0,0.0,6000.0,2031900.0,914085.0,1117815.0,406.4,406.2,406.4,30,5.0,False
2289.0,5000,5000.0,0.0,6000.0,2030900.0,913935.0,1116965.0,406.1,406.1,406.1,30,5.0,False
2290.0,5000,5000.0,0.0,6000.0,2029900.0,913185.0,1116715.0,406.0,405.8,406.0,30,5.0,False
2291.0,5000,5000.0,0.0,6000.0,2028900.0,913035.0,1115865.0,405.7,405.7,405.7,30,5.0,False
2292.0,5000,5000.0,0.0,6000.0,2027900.0,912285.0,1115615.0,405.6,405.4,405.6,30,5.0,False
2293.0,5000,5000.0,0.0,6000.0,2026900.0,912135.0,1114765.0,405.3,405.3,405.3,30,5.0,False
2294.0,5000,5000.0,0.0,6000.0,2025900.0,911385.0,1114515.0,405.2,405.0,405.2,30,5.0,False
2295.0,5000,5000.0,0.0,6000.0,2024900.0,911235.0,1113665.0,404.9,404.9,404.9,30,5.0,False
2296.0,5000,5000.0,0.0,6000.0,2023900.0,910485.0,1113415.0,404.8,404.6,404.8,30,5.0,False
2297.0,5000,5000.0,0.0,6000.0,2022900.0,910335.0,1112565.0,404.5,404.5,404.5,30,5.0,False
2298.0,5000,5000.0,0.0,6000.0,2021900.0,909585.0,1112315.0,404.4,404.2,404.4,30,5.0,False
2299.0,5000,5000.0,0.0,6000.0,2020900.0,909435.0,1111465.0,404.1,404.1,404.1,30,5.0,False
2300.0,5000,5000.0,0.0,6000.0,2019900.0,908685.0,1111215.0,404.0,403.8,404.0,30,5.0,False
2301.0,5000,5000.0,0.0,6000.0,2018900.0,908535.0,1110365.0,403.7,403.7,403.7,30,5.0,False
2302.0,5000,5000.0,0.0,6000.0,2017900.0,907785.0,1110115.0,403.6,403.4,403.6,30,5.0,False
2303.0,5000,5000.0,0.0,6000.0,2016900.0,907635.0,1109265.0,403.3,403.3,403.3,30,5.0,False
2304.0,5000,5000.0,0.0,6000.0,2015900.0,906885.0,1109015.0,403.2,403.0,403.2,30,5.0,False
2305.0,5000,5000.0,0.0,6000.0,2014900.0,906735.0,1108165.0,402.9,402.9,402.9,30,5.0,False
2306.0,5000,5000.0,0.0,6000.0,2013900.0,905985.0,1107915.0,402.8,402.6,402.8,30,5.0,False
2307.0,5000,5000.0,0.0,6000.0,2012900.0,905835.0,1107065.0,402.5,402.5,402.5,30,5.0,False
2308.0,5000,5000.0,0.0,6000.0,2011900.0,905085.0,1106815.0,402.4,402.2,402.4,30,5.0,False
2309.0,5000,5000.0,0.0,6000.0,2010900.0,904935.0,1105965.0,402.1,402.1,402.1,30,5.0,False
2310.0,5000,5000.0,0.0,6000.0,2009900.0,904185.0,1105715.0,402.0,401.8,402.0,30,5.0,False
2311.0,5000,5000.0,0.0,6000.0,2008900.0,904035.0,1104865.0,401.7,401.7,401.7,30,5.0,False
2312.0,5000,5000.0,0.0,6000.0,2007900.0,903285.0,1104615.0,401.6,401.4,401.6,30,5.0,False
2313.0,5000,5000.0,0.0,6000.0,2006900.0,903135.0,1103765.0,401.3,401.3,401.3,30,5.0,False
2314.0,5000,5000.0,0.0,6000.0,2005900.0,902385.0,1103515.0,401.2,401.0,401.2,30,5.0,False
2315.0,5000,5000.0,0.0,6000.0,2004900.0,902235.0,1102665.0,400.9,400.9,400.9,30,5.0,False
2316.0,5000,5000.0,0.0,6000.0,2003900.0,901485.0,1102415.0,400.8,400.6,400.8,30,5.0,False
2317.0,5000,5000.0,0.0,6000.0,2002900.0,901335.0,1101565.0,400.5,400.5,400.5,30,5.0,False
2318.0,5000,5000.0,0.0,6000.0,2001900.0,900585.0,1101315.0,400.4,400.2,400.4,30,5.0,False
2319.0,5000,5000.0,0.0,6000.0,2000900.0,900435.0,1100465.0,400.1,400.1,400.1,30,5.0,False
2320.0,5000,5000.0,0.0,6000.0,1999900.0,899685.0,1100215.0,400.0,399.8,400.0,30,5.0,False
2321.0,5000,5000.0,0.0,6000.0,1998900.0,899535.0,1099365.0,399.7,399.7,399.7,30,5.0,False
2322.0,5000,5000.0,0.0,6000.0,1997900.0,898785.0,1099115.0,399.6,399.4,399.6,30,5.0,False
2323.0,5000,5000.0,0.0,6000.0,1996900.0,898635.0,1098265.0,399.3,399.3,399.3,30,5.0,False
2324.0,5000,5000.0,0.0,6000.0,1995900.0,897885.0,1098015.0,399.2,399.0,399.2,30,5.0,False
2325.0,5000,5000.0,0.0,6000.0,1994900.0,897735.0,1097165.0,398.9,398.9,398.9,30,5.0,False
2326.0,5000,5000.0,0.0,6000.0,1993900.0,896985.0,1096915.0,398.8,398.6,398.8,30,5.0,False
2327.0,5000,5000.0,0.0,6000.0,1992900.0,896835.0,1096065.0,398.5,398.5,398.5,30,5.0,False
2328.0,5000,5000.0,0.0,6000.0,1991900.0,896085.0,1095815.0,398.4,398.2,398.4,30,5.0,False
2329.0,5000,5000.0,0.0,6000.0,1990900.0,895935.0,1094965.0,398.1,398.1,398.1,30,5.0,False
2330.0,5000,5000.0,0.0,6000.0,1989900.0,895185.0,1094715.0,398.0,397.8,398.0,30,5.0,False
2331.0,5000,5000.0,0.0,6000.0,1988900.0,895035.0,1093865.0,397.7,397.7,397.7,30,5.0,False
2332.0,5000,5000.0,0.0,6000.0,1987900.0,894285.0,1093615.0,397.6,397.4,397.6,30,5.0,False
2333.0,5000,5000.0,0.0,6000.0,1986900.0,894135.0,1092765.0,397.3,397.3,397.3,30,5.0,False
2334.0,5000,5000.0,0.0,6000.0,1985900.0,893385.0,1092515.0,397.2,397.0,397.2,30,5.0,False
2335.0,5000,5000.0,0.0,6000.0,1984900.0,893235.0,1091665.0,396.9,396.9,396.9,30,5.0,False
2336.0,5000,5000.0,0.0,6000.0,1983900.0,892485.0,1091415.0,396.8,396.6,396.8,30,5.0,False
2337.0,5000,5000.0,0.0,6000.0,1982900.0,892335.0,1090565.0,396.5,396.5,396.5,30,5.0,False
2338.0,5000,5000.0,0.0,6000.0,1981900.0,891585.0,1090315.0,396.4,396.2,396.4,30,5.0,False
2339.0,5000,5000.0,0.0,6000.0,1980900.0,891435.0,1089465.0,396.1,396.1,396.1,30,5.0,False
2340.0,5000,5000.0,0.0,6000.0,1979900.0,890685.0,1089215.0,396.0,395.8,396.0,30,5.0,False
2341.0,5000,5000.0,0.0,6000.0,1978900.0,890535.0,1088365.0,395.7,395.7,395.7,30,5.0,False
2342.0,5000,5000.0,0.0,6000.0,1977900.0,889785.0,1088115.0,395.6,395.4,395.6,30,5.0,False
2343.0,5000,5000.0,0.0,6000.0,1976900.0,889635.0,1087265.0,395.3,395.3,395.3,30,5.0,False
2344.0,5000,5000.0,0.0,6000.0,1975900.0,888885.0,1087015.0,395.2,395.0,395.2,30,5.0,False
2345.0,5000,5000.0,0.0,6000.0,1974900.0,888735.0,1086165.0,394.9,394.9,394.9,30,5.0,False
2346.0,5000,5000.0,0.0,6000.0,1973900.0,887985.0,1085915.0,394.8,394.6,394.8,30,5.0,False
2347.0,5000,5000.0,0.0,6000.0,1972900.0,887835.0,1085065.0,394.5,394.5,394.5,30,5.0,False
2348.0,5000,5000.0,0.0,6000.0,1971900.0,887085.0,1084815.0,394.4,394.2,394.4,30,5.0,False
2349.0,5000,5000.0,0.0,6000.0,1970900.0,886935.0,1083965.0,394.1,394.1,394.1,30,5.0,False
2350.0,5000,5000.0,0.0,6000.0,1969900.0,886185.0,1083715.0,394.0,393.8,394.0,30,5.0,False
2351.0,5000,5000.0,0.0,6000.0,1968900.0,886035.0,1082865.0,393.7,393.7,393.7,30,5.0,False
2352.0,5000,5000.0,0.0,6000.0,1967900.0,885285.0,1082615.0,393.6,393.4,393.6,30,5.0,False
2353.0,5000,5000.0,0.0,6000.0,1966900.0,885135.0,1081765.0,393.3,393.3,393.3,30,5.0,False
2354.0,5000,5000.0,0.0,6000.0,1965900.0,884385.0,1081515.0,393.2,393.0,393.2,30,5.0,False
2355.0,5000,5000.0,0.0,6000.0,1964900.0,884235.0,1080665.0,392.9,392.9,392.9,30,5.0,False
2356.0,5000,5000.0,0.0,6000.0,1963900.0,883485.0,1080415.0,392.8,392.6,392.8,30,5.0,False
2357.0,5000,5000.0,0.0,6000.0,1962900.0,883335.0,1079565.0,392.5,392.5,392.5,30,5.0,False
2358.0,5000,5000.0,0.0,6000.0,1961900.0,882585.0,1079315.0,392.4,392.2,392.4,30,5.0,False
2359.0,5000,5000.0,0.0,6000.0,1960900.0,882435.0,1078465.0,392.1,392.1,392.1,30,5.0,False
2360.0,5000,5000.0,0.0,6000.0,1959900.0,881685.0,1078215.0,392.0,391.8,392.0,30,5.0,False
2361.0,5000,5000.0,0.0,6000.0,1958900.0,881535.0,1077365.0,391.7,391.7,391.7,30,5.0,False
2362.0,5000,5000.0,0.0,6000.0,1957900.0,880785.0,1077115.0,391.6,391.4,391.6,30,5.0,False
2363.0,5000,5000.0,0.0,6000.0,1956900.0,880635.0,1076265.0,391.3,391.3,391.3,30,5.0,False
2364.0,5000,5000.0,0.0,6000.0,1955900.0,879885.0,1076015.0,391.2,391.0,391.2,30,5.0,False
2365.0,5000,5000.0,0.0,6000.0,1954900.0,879735.0,1075165.0,390.9,390.9,390.9,30,5.0,False
2366.0,5000,5000.0,0.0,6000.0,1953900.0,878985.0,1074915.0,390.8,390.6,390.8,30,5.0,False
2367.0,5000,5000.0,0.0,6000.0,1952900.0,878835.0,1074065.0,390.5,390.5,390.5,30,5.0,False
2368.0,5000,5000.0,0.0,6000.0,1951900.0,878085.0,1073815.0,390.4,390.2,390.4,30,5.0,False
2369.0,5000,5000.0,0.0,6000.0,1950900.0,877935.0,1072965.0,390.1,390.1,390.1,30,5.0,False
2370.0,5000,5000.0,0.0,6000.0,1949900.0,877185.0,1072715.0,390.0,389.8,390.0,30,5.0,False
2371.0,5000,5000.0,0.0,6000.0,1948900.0,877035.0,1071865.0,389.7,389.7,389.7,30,5.0,False
2372.0,5000,5000.0,0.0,6000.0,1947900.0,876285.0,1071615.0,389.6,389.4,389.6,30,5.0,False
2373.0,5000,5000.0,0.0,6000.0,1946900.0,876135.0,1070765.0,389.3,389.3,389.3,30,5.0,False
2374.0,5000,5000.0,0.0,6000.0,1945900.0,875385.0,1070515.0,389.2,389.0,389.2,30,5.0,False
2375.0,5000,5000.0,0.0,6000.0,1944900.0,875235.0,1069665.0,388.9,388.9,388.9,30,5.0,False
2376.0,5000,5000.0,0.0,6000.0,1943900.0,874485.0,1069415.0,388.8,388.6,388.8,30,5.0,False
2377.0,5000,5000.0,0.0,6000.0,1942900.0,874335.0,1068565.0,388.5,388.5,388.5,30,5.0,False
2378.0,5000,5000.0,0.0,6000.0,1941900.0,873585.0,1068315.0,388.4,388.2,388.4,30,5.0,False
2379.0,5000,5000.0,0.0,6000.0,1940900.0,873435.0,1067465.0,388.1,388.1,388.1,30,5.0,False
2380.0,5000,5000.0,0.0,6000.0,1939900.0,872685.0,1067215.0,388.0,387.8,388.0,30,5.0,False
2381.0,5000,5000.0,0.0,6000.0,1938900.0,872535.0,1066365.0,387.7,387.7,387.7,30,5.0,False
2382.0,5000,5000.0,0.0,6000.0,1937900.0,871785.0,1066115.0,387.6,387.4,387.6,30,5.0,False
2383.0,5000,5000.0,0.0,6000.0,1936900.0,871635.0,1065265.0,387.3,387.3,387.3,30,5.0,False
2384.0,5000,5000.0,0.0,6000.0,1935900.0,870885.0,1065015.0,387.2,387.0,387.2,30,5.0,False
2385.0,5000,5000.0,0.0,6000.0,1934900.0,870735.0,1064165.0,386.9,386.9,386.9,30,5.0,False
2386.0,5000,5000.0,0.0,6000.0,1933900.0,869985.0,1063915.0,386.8,386.6,386.8,30,5.0,False
2387.0,5000,5000.0,0.0,6000.0,1932900.0,869835.0,1063065.0,386.5,386.5,386.5,30,5.0,False
2388.0,5000,5000.0,0.0,6000.0,1931900.0,869085.0,1062815.0,386.4,386.2,386.4,30,5.0,False
2389.0,5000,5000.0,0.0,6000.0,1930900.0,868935.0,1061965.0,386.1,386.1,386.1,30,5.0,False
2390.0,5000,5000.0,0.0,6000.0,1929900.0,868185.0,1061715.0,386.0,385.8,386.0,30,5.0,False
2391.0,5000,5000.0,0.0,6000.0,1928900.0,868035.0,1060865.0,385.7,385.7,385.7,30,5.0,False
2392.0,5000,5000.0,0.0,6000.0,1927900.0,867285.0,1060615.0,385.6,385.4,385.6,30,5.0,False
2393.0,5000,5000.0,0.0,6000.0,1926900.0,867135.0,1059765.0,385.3,385.3,385.3,30,5.0,False
2394.0,5000,5000.0,0.0,6000.0,1925900.0,866385.0,1059515.0,385.2,385.0,385.2,30,5.0,False
2395.0,5000,5000.0,0.0,6000.0,1924900.0,866235.0,1058665.0,384.9,384.9,384.9,30,5.0,False
2396.0,5000,5000.0,0.0,6000.0,1923900.0,865485.0,1058415.0,384.8,384.6,384.8,30,5.0,False
2397.0,5000,5000.0,0.0,6000.0,1922900.0,865335.0,1057565.0,384.5,384.5,384.5,30,5.0,False
2398.0,5000,5000.0,0.0,6000.0,1921900.0,864585.0,1057315.0,384.4,384.2,384.4,30,5.0,False
2399.0,5000,5000.0,0.0,6000.0,1920900.0,864435.0,1056465.0,384.1,384.1,384.1,30,5.0,False
2400.0,5000,5000.0,0.0,6000.0,1919900.0,863685.0,1056215.0,384.0,383.8,384.0,30,5.0,False
2401.0,5000,5000.0,0.0,6000.0,1918900.0,863535.0,1055365.0,383.7,383.7,383.7,30,5.0,False
2402.0,5000,5000.0,0.0,6000.0,1917900.0,862785.0,1055115.0,383.6,383.4,383.6,30,5.0,False
2403.0,5000,5000.0,0.0,6000.0,1916900.0,862635.0,1054265.0,383.3,383.3,383.3,30,5.0,False
2404.0,5000,5000.0,0.0,6000.0,1915900.0,861885.0,1054015.0,383.2,383.0,383.2,30,5.0,False
2405.0,5000,5000.0,0.0,6000.0,1914900.0,861735.0,1053165.0,382.9,382.9,382.9,30,5.0,False
2406.0,5000,5000.0,0.0,6000.0,1913900.0,860985.0,1052915.0,382.8,382.6,382.8,30,5.0,False
2407.0,5000,5000.0,0.0,6000.0,1912900.0,860835.0,1052065.0,382.5,382.5,382.5,30,5.0,False
2408.0,5000,5000.0,0.0,6000.0,1911900.0,860085.0,1051815.0,382.4,382.2,382.4,30,5.0,False
2409.0,5000,5000.0,0.0,6000.0,1910900.0,859935.0,1050965.0,382.1,382.1,382.1,30,5.0,False
2410.0,5000,5000.0,0.0,6000.0,1909900.0,859185.0,1050715.0,382.0,381.8,382.0,30,5.0,False
2411.0,5000,5000.0,0.0,6000.0,1908900.0,859035.0,1049865.0,381.7,381.7,381.7,30,5.0,False
2412.0,5000,5000.0,0.0,6000.0,1907900.0,858285.0,1049615.0,381.6,381.4,381.6,30,5.0,False
2413.0,5000,5000.0,0.0,6000.0,1906900.0,858135.0,1048765.0,381.3,381.3,381.3,30,5.0,False
2414.0,5000,5000.0,0.0,6000.0,1905900.0,857385.0,1048515.0,381.2,381.0,381.2,30,5.0,False
2415.0,5000,5000.0,0.0,6000.0,1904900.0,857235.0,1047665.0,380.9,380.9,380.9,30,5.0,False
2416.0,5000,5000.0,0.0,6000.0,1903900.0,856485.0,1047415.0,380.8,380.6,380.8,30,5.0,False
2417.0,5000,5000.0,0.0,6000.0,1902900.0,856335.0,1046565.0,380.5,380.5,380.5,30,5.0,False
2418.0,5000,5000.0,0.0,6000.0,1901900.0,855585.0,1046315.0,380.4,380.2,380.4,30,5.0,False
2419.0,5000,5000.0,0.0,6000.0,1900900.0,855435.0,1045465.0,380.1,380.1,380.1,30,5.0,False
2420.0,5000,5000.0,0.0,6000.0,1899900.0,854685.0,1045215.0,380.0,379.8,380.0,30,5.0,False
2421.0,5000,5000.0,0.0,6000.0,1898900.0,854535.0,1044365.0,379.7,379.7,379.7,30,5.0,False
2422.0,5000,5000.0,0.0,6000.0,1897900.0,853785.0,1044115.0,379.6,379.4,379.6,30,5.0,False
2423.0,5000,5000.0,0.0,6000.0,1896900.0,853635.0,1043265.0,379.3,379.3,379.3,30,5.0,False
2424.0,5000,5000.0,0.0,6000.0,1895900.0,852885.0,1043015.0,379.2,379.0,379.2,30,5.0,False
2425.0,5000,5000.0,0.0,6000.0,1894900.0,852735.0,1042165.0,378.9,378.9,378.9,30,5.0,False
2426.0,5000,5000.0,0.0,6000.0,1893900.0,851985.0,1041915.0,378.8,378.6,378.8,30,5.0,False
2427.0,5000,5000.0,0.0,6000.0,1892900.0,851835.0,1041065.0,378.5,378.5,378.5,30,5.0,False
2428.0,5000,5000.0,0.0,6000.0,1891900.0,851085.0,1040815.0,378.4,378.2,378.4,30,5.0,False
2429.0,5000,5000.0,0.0,6000.0,1890900.0,850935.0,1039965.0,378.1,378.1,378.1,30,5.0,False
2430.0,5000,5000.0,0.0,6000.0,1889900.0,850185.0,1039715.0,378.0,377.8,378.0,30,5.0,False
2431.0,5000,5000.0,0.0,6000.0,1888900.0,850035.0,1038865.0,377.7,377.7,377.7,30,5.0,False
2432.0,5000,5000.0,0.0,6000.0,1887900.0,849285.0,1038615.0,377.6,377.4,377.6,30,5.0,False
2433.0,5000,5000.0,0.0,6000.0,1886900.0,849135.0,1037765.0,377.3,377.3,377.3,30,5.0,False
2434.0,5000,5000.0,0.0,6000.0,1885900.0,848385.0,1037515.0,377.2,377.0,377.2,30,5.0,False
2435.0,5000,5000.0,0.0,6000.0,1884900.0,848235.0,1036665.0,376.9,376.9,376.9,30,5.0,False
2436.0,5000,5000.0,0.0,6000.0,1883900.0,847485.0,1036415.0,376.8,376.6,376.8,30,5.0,False
2437.0,5000,5000.0,0.0,6000.0,1882900.0,847335.0,1035565.0,376.5,376.5,376.5,30,5.0,False
2438.0,5000,5000.0,0.0,6000.0,1881900.0,846585.0,1035315.0,376.4,376.2,376.4,30,5.0,False
2439.0,5000,5000.0,0.0,6000.0,1880900.0,846435.0,1034465.0,376.1,376.1,376.1,30,5.0,False
2440.0,5000,5000.0,0.0,6000.0,1879900.0,845685.0,1034215.0,376.0,375.8,376.0,30,5.0,False
2441.0,5000,5000.0,0.0,6000.0,1878900.0,845535.0,1033365.0,375.7,375.7,375.7,30,5.0,False
2442.0,5000,5000.0,0.0,6000.0,1877900.0,844785.0,1033115.0,375.6,375.4,375.6,30,5.0,False
2443.0,5000,5000.0,0.0,6000.0,1876900.0,844635.0,1032265.0,375.3,375.3,375.3,30,5.0,False
2444.0,5000,5000.0,0.0,6000.0,1875900.0,843885.0,1032015.0,375.2,375.0,375.2,30,5.0,False
2445.0,5000,5000.0,0.0,6000.0,1874900.0,843735.0,1031165.0,374.9,374.9,374.9,30,5.0,False
2446.0,5000,5000.0,0.0,6000.0,1873900.0,842985.0,1030915.0,374.8,374.6,374.8,30,5.0,False
2447.0,5000,5000.0,0.0,6000.0,1872900.0,842835.0,1030065.0,374.5,374.5,374.5,30,5.0,False
2448.0,5000,5000.0,0.0,6000.0,1871900.0,842085.0,1029815.0,374.4,374.2,374.4,30,5.0,False
2449.0,5000,5000.0,0.0,6000.0,1870900.0,841935.0,1028965.0,374.1,374.1,374.1,30,5.0,False
2450.0,5000,5000.0,0.0,6000.0,1869900.0,841185.0,1028715.0,374.0,373.8,374.0,30,5.0,False
2451.0,5000,5000.0,0.0,6000.0,1868900.0,841035.0,1027865.0,373.7,373.7,373.7,30,5.0,False
2452.0,5000,5000.0,0.0,6000.0,1867900.0,840285.0,1027615.0,373.6,373.4,373.6,30,5.0,False
2453.0,5000,5000.0,0.0,6000.0,1866900.0,840135.0,1026765.0,373.3,373.3,373.3,30,5.0,False
2454.0,5000,5000.0,0.0,6000.0,1865900.0,839385.0,1026515.0,373.2,373.0,373.2,30,5.0,False
2455.0,5000,5000.0,0.0,6000.0,1864900.0,839235.0,1025665.0,372.9,372.9,372.9,30,5.0,False
2456.0,5000,5000.0,0.0,6000.0,1863900.0,838485.0,1025415.0,372.8,372.6,372.8,30,5.0,False
2457.0,5000,5000.0,0.0,6000.0,1862900.0,838335.0,1024565.0,372.5,372.5,372.5,30,5.0,False
2458.0,5000,5000.0,0.0,6000.0,1861900.0,837585.0,1024315.0,372.4,372.2,372.4,30,5.0,False
2459.0,5000,5000.0,0.0,6000.0,1860900.0,837435.0,1023465.0,372.1,372.1,372.1,30,5.0,False
2460.0,5000,5000.0,0.0,6000.0,1859900.0,836685.0,1023215.0,372.0,371.8,372.0,30,5.0,False
2461.0,5000,5000.0,0.0,6000.0,1858900.0,836535.0,1022365.0,371.7,371.7,371.7,30,5.0,False
2462.0,5000,5000.0,0.0,6000.0,1857900.0,835785.0,1022115.0,371.6,371.4,371.6,30,5.0,False
2463.0,5000,5000.0,0.0,6000.0,1856900.0,835635.0,1021265.0,371.3,371.3,371.3,30,5.0,False
2464.0,5000,5000.0,0.0,6000.0,1855900.0,834885.0,1021015.0,371.2,371.0,371.2,30,5.0,False
2465.0,5000,5000.0,0.0,6000.0,1854900.0,834735.0,1020165.0,370.9,370.9,370.9,30,5.0,False
2466.0,5000,5000.0,0.0,6000.0,1853900.0,833985.0,1019915.0,370.8,370.6,370.8,30,5.0,False
2467.0,5000,5000.0,0.0,6000.0,1852900.0,833835.0,1019065.0,370.5,370.5,370.5,30,5.0,False
2468.0,5000,5000.0,0.0,6000.0,1851900.0,833085.0,1018815.0,370.4,370.2,370.4,30,5.0,False
2469.0,5000,5000.0,0.0,6000.0,1850900.0,832935.0,1017965.0,370.1,370.1,370.1,30,5.0,False
2470.0,5000,5000.0,0.0,6000.0,1849900.0,832185.0,1017715.0,370.0,369.8,370.0,30,5.0,False
2471.0,5000,5000.0,0.0,6000.0,1848900.0,832035.0,1016865.0,369.7,369.7,369.7,30,5.0,False
2472.0,5000,5000.0,0.0,6000.0,1847900.0,831285.0,1016615.0,369.6,369.4,369.6,30,5.0,False
2473.0,5000,5000.0,0.0,6000.0,1846900.0,831135.0,1015765.0,369.3,369.3,369.3,30,5.0,False
2474.0,5000,5000.0,0.0,6000.0,1845900.0,830385.0,1015515.0,369.2,369.0,369.2,30,5.0,False
2475.0,5000,5000.0,0.0,6000.0,1844900.0,830235.0,1014665.0,368.9,368.9,368.9,30,5.0,False
2476.0,5000,5000.0,0.0,6000.0,1843900.0,829485.0,1014415.0,368.8,368.6,368.8,30,5.0,False
2477.0,5000,5000.0,0.0,6000.0,1842900.0,829335.0,1013565.0,368.5,368.5,368.5,30,5.0,False
2478.0,5000,5000.0,0.0,6000.0,1841900.0,828585.0,1013315.0,368.4,368.2,368.4,30,5.0,False
2479.0,5000,5000.0,0.0,6000.0,1840900.0,828435.0,1012465.0,368.1,368.1,368.1,30,5.0,False
2480.0,5000,5000.0,0.0,6000.0,1839900.0,827685.0,1012215.0,368.0,367.8,368.0,30,5.0,False
2481.0,5000,5000.0,0.0,6000.0,1838900.0,827535.0,1011365.0,367.7,367.7,367.7,30,5.0,False
2482.0,5000,5000.0,0.0,6000.0,1837900.0,826785.0,1011115.0,367.6,367.4,367.6,30,5.0,False
2483.0,5000,5000.0,0.0,6000.0,1836900.0,826635.0,1010265.0,367.3,367.3,367.3,30,5.0,False
2484.0,5000,5000.0,0.0,6000.0,1835900.0,825885.0,1010015.0,367.2,367.0,367.2,30,5.0,False
2485.0,5000,5000.0,0.0,6000.0,1834900.0,825735.0,1009165.0,366.9,366.9,366.9,30,5.0,False
2486.0,5000,5000.0,0.0,6000.0,1833900.0,824985.0,1008915.0,366.8,366.6,366.8,30,5.0,False
2487.0,5000,5000.0,0.0,6000.0,1832900.0,824835.0,1008065.0,366.5,366.5,366.5,30,5.0,False
2488.0,5000,5000.0,0.0,6000.0,1831900.0,824085.0,1007815.0,366.4,366.2,366.4,30,5.0,False
2489.0,5000,5000.0,0.0,6000.0,1830900.0,823935.0,1006965.0,366.1,366.1,366.1,30,5.0,False
2490.0,5000,5000.0,0.0,6000.0,1829900.0,823185.0,1006715.0,366.0,365.8,366.0,30,5.0,False
2491.0,5000,5000.0,0.0,6000.0,1828900.0,823035.0,1005865.0,365.7,365.7,365.7,30,5.0,False
2492.0,5000,5000.0,0.0,6000.0,1827900.0,822285.0,1005615.0,365.6,365.4,365.6,30,5.0,False
2493.0,5000,5000.0,0.0,6000.0,1826900.0,822135.0,1004765.0,365.3,365.3,365.3,30,5.0,False
2494.0,5000,5000.0,0.0,6000.0,1825900.0,821385.0,1004515.0,365.2,365.0,365.2,30,5.0,False
2495.0,5000,5000.0,0.0,6000.0,1824900.0,821235.0,1003665.0,364.9,364.9,364.9,30,5.0,False
2496.0,5000,5000.0,0.0,6000.0,1823900.0,820485.0,1003415.0,364.8,364.6,364.8,30,5.0,False
2497.0,5000,5000.0,0.0,6000.0,1822900.0,820335.0,1002565.0,364.5,364.5,364.5,30,5.0,False
2498.0,5000,5000.0,0.0,6000.0,1821900.0,819585.0,1002315.0,364.4,364.2,364.4,30,5.0,False
2499.0,5000,5000.0,0.0,6000.0,1820900.0,819435.0,1001465.0,364.1,364.1,364.1,30,5.0,False
2500.0,5000,5000.0,0.0,6000.0,1819900.0,818685.0,1001215.0,364.0,363.8,364.0,30,5.0,False
2501.0,5000,5000.0,0.0,6000.0,1818900.0,818535.0,1000365.0,363.7,363.7,363.7,30,5.0,False
2502.0,5000,5000.0,0.0,6000.0,1817900.0,817785.0,1000115.0,363.6,363.4,363.6,30,5.0,False
2503.0,5000,5000.0,0.0,6000.0,1816900.0,817635.0,999265.0,363.3,363.3,363.3,30,5.0,False
2504.0,5000,5000.0,0.0,6000.0,1815900.0,816885.0,999015.0,363.2,363.0,363.2,30,5.0,False
2505.0,5000,5000.0,0.0,6000.0,1814900.0,816735.0,998165.0,362.9,362.9,362.9,30,5.0,False
2506.0,5000,5000.0,0.0,6000.0,1813900.0,815985.0,997915.0,362.8,362.6,362.8,30,5.0,False
2507.0,5000,5000.0,0.0,6000.0,1812900.0,815835.0,997065.0,362.5,362.5,362.5,30,5.0,False
2508.0,5000,5000.0,0.0,6000.0,1811900.0,815085.0,996815.0,362.4,362.2,362.4,30,5.0,False
2509.0,5000,5000.0,0.0,6000.0,1810900.0,814935.0,995965.0,362.1,362.1,362.1,30,5.0,False
2510.0,5000,5000.0,0.0,6000.0,1809900.0,814185.0,995715.0,362.0,361.8,362.0,30,5.0,False
2511.0,5000,5000.0,0.0,6000.0,1808900.0,814035.0,994865.0,361.7,361.7,361.7,30,5.0,False
2512.0,5000,5000.0,0.0,6000.0,1807900.0,813285.0,994615.0,361.6,361.4,361.6,30,5.0,False
2513.0,5000,5000.0,0.0,6000.0,1806900.0,813135.0,993765.0,361.3,361.3,361.3,30,5.0,False
2514.0,5000,5000.0,0.0,6000.0,1805900.0,812385.0,993515.0,361.2,361.0,361.2,30,5.0,False
2515.0,5000,5000.0,0.0,6000.0,1804900.0,812235.0,992665.0,360.9,360.9,360.9,30,5.0,False
2516.0,5000,5000.0,0.0,6000.0,1803900.0,811485.0,992415.0,360.8,360.6,360.8,30,5.0,False
2517.0,5000,5000.0,0.0,6000.0,1802900.0,811335.0,991565.0,360.5,360.5,360.5,30,5.0,False
2518.0,5000,5000.0,0.0,6000.0,1801900.0,810585.0,991315.0,360.4,360.2,360.4,30,5.0,False
2519.0,5000,5000.0,0.0,6000.0,1800900.0,810435.0,990465.0,360.1,360.1,360.1,30,5.0,False
2520.0,5000,5000.0,0.0,6000.0,1799900.0,809685.0,990215.0,360.0,359.8,360.0,30,5.0,False
2521.0,5000,5000.0,0.0,6000.0,1798900.0,809535.0,989365.0,359.7,359.7,359.7,30,5.0,False
2522.0,5000,5000.0,0.0,6000.0,1797900.0,808785.0,989115.0,359.6,359.4,359.6,30,5.0,False
2523.0,5000,5000.0,0.0,6000.0,1796900.0,808635.0,988265.0,359.3,359.3,359.3,30,5.0,False
2524.0,5000,5000.0,0.0,6000.0,1795900.0,807885.0,988015.0,359.2,359.0,359.2,30,5.0,False
2525.0,5000,5000.0,0.0,6000.0,1794900.0,807735.0,987165.0,358.9,358.9,358.9,30,5.0,False
2526.0,5000,5000.0,0.0,6000.0,1793900.0,806985.0,986915.0,358.8,358.6,358.8,30,5.0,False
2527.0,5000,5000.0,0.0,6000.0,1792900.0,806835.0,986065.0,358.5,358.5,358.5,30,5.0,False
2528.0,5000,5000.0,0.0,6000.0,1791900.0,806085.0,985815.0,358.4,358.2,358.4,30,5.0,False
2529.0,5000,5000.0,0.0,6000.0,1790900.0,805935.0,984965.0,358.1,358.1,358.1,30,5.0,False
2530.0,5000,5000.0,0.0,6000.0,1789900.0,805185.0,984715.0,358.0,357.8,358.0,30,5.0,False
2531.0,5000,5000.0,0.0,6000.0,1788900.0,805035.0,983865.0,357.7,357.7,357.7,30,5.0,False
2532.0,5000,5000.0,0.0,6000.0,1787900.0,804285.0,983615.0,357.6,357.4,357.6,30,5.0,False
2533.0,5000,5000.0,0.0,6000.0,1786900.0,804135.0,982765.0,357.3,357.3,357.3,30,5.0,False
2534.0,5000,5000.0,0.0,6000.0,1785900.0,803385.0,982515.0,357.2,357.0,357.2,30,5.0,False
2535.0,5000,5000.0,0.0,6000.0,1784900.0,803235.0,981665.0,356.9,356.9,356.9,30,5.0,False
2536.0,5000,5000.0,0.0,6000.0,1783900.0,802485.0,981415.0,356.8,356.6,356.8,30,5.0,False
2537.0,5000,5000.0,0.0,6000.0,1782900.0,802335.0,980565.0,356.5,356.5,356.5,30,5.0,False
2538.0,5000,5000.0,0.0,6000.0,1781900.0,801585.0,980315.0,356.4,356.2,356.4,30,5.0,False
2539.0,5000,5000.0,0.0,6000.0,1780900.0,801435.0,979465.0,356.1,356.1,356.1,30,5.0,False
2540.0,5000,5000.0,0.0,6000.0,1779900.0,800685.0,979215.0,356.0,355.8,356.0,30,5.0,False
2541.0,5000,5000.0,0.0,6000.0,1778900.0,800535.0,978365.0,355.7,355.7,355.7,30,5.0,False
2542.0,5000,5000.0,0.0,6000.0,1777900.0,799785.0,978115.0,355.6,355.4,355.6,30,5.0,False
2543.0,5000,5000.0,0.0,6000.0,1776900.0,799635.0,977265.0,355.3,355.3,355.3,30,5.0,False
2544.0,5000,5000.0,0.0,6000.0,1775900.0,798885.0,977015.0,355.2,355.0,355.2,30,5.0,False
2545.0,5000,5000.0,0.0,6000.0,1774900.0,798735.0,976165.0,354.9,354.9,354.9,30,5.0,False
2546.0,5000,5000.0,0.0,6000.0,1773900.0,797985.0,975915.0,354.8,354.6,354.8,30,5.0,False
2547.0,5000,5000.0,0.0,6000.0,1772900.0,797835.0,975065.0,354.5,354.5,354.5,30,5.0,False
2548.0,5000,5000.0,0.0,6000.0,1771900.0,797085.0,974815.0,354.4,354.2,354.4,30,5.0,False
2549.0,5000,5000.0,0.0,6000.0,1770900.0,796935.0,973965.0,354.1,354.1,354.1,30,5.0,False
2550.0,5000,5000.0,0.0,6000.0,1769900.0,796185.0,973715.0,354.0,353.8,354.0,30,5.0,False
2551.0,5000,5000.0,0.0,6000.0,1768900.0,796035.0,972865.0,353.7,353.7,353.7,30,5.0,False
2552.0,5000,5000.0,0.0,6000.0,1767900.0,795285.0,972615.0,353.6,353.4,353.6,30,5.0,False
2553.0,5000,5000.0,0.0,6000.0,1766900.0,795135.0,971765.0,353.3,353.3,353.3,30,5.0,False
2554.0,5000,5000.0,0.0,6000.0,1765900.0,794385.0,971515.0,353.2,353.0,353.2,30,5.0,False
2555.0,5000,5000.0,0.0,6000.0,1764900.0,794235.0,970665.0,352.9,352.9,352.9,30,5.0,False
2556.0,5000,5000.0,0.0,6000.0,1763900.0,793485.0,970415.0,352.8,352.6,352.8,30,5.0,False
2557.0,5000,5000.0,0.0,6000.0,1762900.0,793335.0,969565.0,352.5,352.5,352.5,30,5.0,False
2558.0,5000,5000.0,0.0,6000.0,1761900.0,792585.0,969315.0,352.4,352.2,352.4,30,5.0,False
2559.0,5000,5000.0,0.0,6000.0,1760900.0,792435.0,968465.0,352.1,352.1,352.1,30,5.0,False
2560.0,5000,5000.0,0.0,6000.0,1759900.0,791685.0,968215.0,352.0,351.8,352.0,30,5.0,False
2561.0,5000,5000.0,0.0,6000.0,1758900.0,791535.0,967365.0,351.7,351.7,351.7,30,5.0,False
2562.0,5000,5000.0,0.0,6000.0,1757900.0,790785.0,967115.0,351.6,351.4,351.6,30,5.0,False
2563.0,5000,5000.0,0.0,6000.0,1756900.0,790635.0,966265.0,351.3,351.3,351.3,30,5.0,False
2564.0,5000,5000.0,0.0,6000.0,1755900.0,789885.0,966015.0,351.2,351.0,351.2,30,5.0,False
2565.0,5000,5000.0,0.0,6000.0,1754900.0,789735.0,965165.0,350.9,350.9,350.9,30,5.0,False
2566.0,5000,5000.0,0.0,6000.0,1753900.0,788985.0,964915.0,350.8,350.6,350.8,30,5.0,False
2567.0,5000,5000.0,0.0,6000.0,1752900.0,788835.0,964065.0,350.5,350.5,350.5,30,5.0,False
2568.0,5000,5000.0,0.0,6000.0,1751900.0,788085.0,963815.0,350.4,350.2,350.4,30,5.0,False
2569.0,5000,5000.0,0.0,6000.0,1750900.0,787935.0,962965.0,350.1,350.1,350.1,30,5.0,False
2570.0,5000,5000.0,0.0,6000.0,1749900.0,787185.0,962715.0,350.0,349.8,350.0,30,5.0,False
2571.0,5000,5000.0,0.0,6000.0,1748900.0,787035.0,961865.0,349.7,349.7,349.7,30,5.0,False
2572.0,5000,5000.0,0.0,6000.0,1747900.0,786285.0,961615.0,349.6,349.4,349.6,30,5.0,False
2573.0,5000,5000.0,0.0,6000.0,1746900.0,786135.0,960765.0,349.3,349.3,349.3,30,5.0,False
2574.0,5000,5000.0,0.0,6000.0,1745900.0,785385.0,960515.0,349.2,349.0,349.2,30,5.0,False
2575.0,5000,5000.0,0.0,6000.0,1744900.0,785235.0,959665.0,348.9,348.9,348.9,30,5.0,False
2576.0,5000,5000.0,0.0,6000.0,1743900.0,784485.0,959415.0,348.8,348.6,348.8,30,5.0,False
2577.0,5000,5000.0,0.0,6000.0,1742900.0,784335.0,958565.0,348.5,348.5,348.5,30,5.0,False
2578.0,5000,5000.0,0.0,6000.0,1741900.0,783585.0,958315.0,348.4,348.2,348.4,30,5.0,False
2579.0,5000,5000.0,0.0,6000.0,1740900.0,783435.0,957465.0,348.1,348.1,348.1,30,5.0,False
2580.0,5000,5000.0,0.0,6000.0,1739900.0,782685.0,957215.0,348.0,347.8,348.0,30,5.0,False
2581.0,5000,5000.0,0.0,6000.0,1738900.0,782535.0,956365.0,347.7,347.7,347.7,30,5.0,False
2582.0,5000,5000.0,0.0,6000.0,1737900.0,781785.0,956115.0,347.6,347.4,347.6,30,5.0,False
2583.0,5000,5000.0,0.0,6000.0,1736900.0,781635.0,955265.0,347.3,347.3,347.3,30,5.0,False
2584.0,5000,5000.0,0.0,6000.0,1735900.0,780885.0,955015.0,347.2,347.0,347.2,30,5.0,False
2585.0,5000,5000.0,0.0,6000.0,1734900.0,780735.0,954165.0,346.9,346.9,346.9,30,5.0,False
2586.0,5000,5000.0,0.0,6000.0,1733900.0,779985.0,953915.0,346.8,346.6,346.8,30,5.0,False
2587.0,5000,5000.0,0.0,6000.0,1732900.0,779835.0,953065.0,346.5,346.5,346.5,30,5.0,False
2588.0,5000,5000.0,0.0,6000.0,1731900.0,779085.0,952815.0,346.4,346.2,346.4,30,5.0,False
2589.0,5000,5000.0,0.0,6000.0,1730900.0,778935.0,951965.0,346.1,346.1,346.1,30,5.0,False
2590.0,5000,5000.0,0.0,6000.0,1729900.0,778185.0,951715.0,346.0,345.8,346.0,30,5.0,False
2591.0,5000,5000.0,0.0,6000.0,1728900.0,778035.0,950865.0,345.7,345.7,345.7,30,5.0,False
2592.0,5000,5000.0,0.0,6000.0,1727900.0,777285.0,950615.0,345.6,345.4,345.6,30,5.0,False
2593.0,5000,5000.0,0.0,6000.0,1726900.0,777135.0,949765.0,345.3,345.3,345.3,30,5.0,False
2594.0,5000,5000.0,0.0,6000.0,1725900.0,776385.0,949515.0,345.2,345.0,345.2,30,5.0,False
2595.0,5000,5000.0,0.0,6000.0,1724900.0,776235.0,948665.0,344.9,344.9,344.9,30,5.0,False
2596.0,5000,5000.0,0.0,6000.0,1723900.0,775485.0,948415.0,344.8,344.6,344.8,30,5.0,False
2597.0,5000,5000.0,0.0,6000.0,1722900.0,775335.0,947565.0,344.5,344.5,344.5,30,5.0,False
2598.0,5000,5000.0,0.0,6000.0,1721900.0,774585.0,947315.0,344.4,344.2,344.4,30,5.0,False
2599.0,5000,5000.0,0.0,6000.0,1720900.0,774435.0,946465.0,344.1,344.1,344.1,30,5.0,False
2600.0,5000,5000.0,0.0,6000.0,1719900.0,773685.0,946215.0,344.0,343.8,344.0,30,5.0,False
2601.0,5000,5000.0,0.0,6000.0,1718900.0,773535.0,945365.0,343.7,343.7,343.7,30,5.0,False
2602.0,5000,5000.0,0.0,6000.0,1717900.0,772785.0,945115.0,343.6,343.4,343.6,30,5.0,False
2603.0,5000,5000.0,0.0,6000.0,1716900.0,772635.0,944265.0,343.3,343.3,343.3,30,5.0,False
2604.0,5000,5000.0,0.0,6000.0,1715900.0,771885.0,944015.0,343.2,343.0,343.2,30,5.0,False
2605.0,5000,5000.0,0.0,6000.0,1714900.0,771735.0,943165.0,342.9,342.9,342.9,30,5.0,False
2606.0,5000,5000.0,0.0,6000.0,1713900.0,770985.0,942915.0,342.8,342.6,342.8,30,5.0,False
2607.0,5000,5000.0,0.0,6000.0,1712900.0,770835.0,942065.0,342.5,342.5,342.5,30,5.0,False
2608.0,5000,5000.0,0.0,6000.0,1711900.0,770085.0,941815.0,342.4,342.2,342.4,30,5.0,False
2609.0,5000,5000.0,0.0,6000.0,1710900.0,769935.0,940965.0,342.1,342.1,342.1,30,5.0,False
2610.0,5000,5000.0,0.0,6000.0,1709900.0,769185.0,940715.0,342.0,341.8,342.0,30,5.0,False
2611.0,5000,5000.0,0.0,6000.0,1708900.0,769035.0,939865.0,341.7,341.7,341.7,30,5.0,False
2612.0,5000,5000.0,0.0,6000.0,1707900.0,768285.0,939615.0,341.6,341.4,341.6,30,5.0,False
2613.0,5000,5000.0,0.0,6000.0,1706900.0,768135.0,938765.0,341.3,341.3,341.3,30,5.0,False
2614.0,5000,5000.0,0.0,6000.0,1705900.0,767385.0,938515.0,341.2,341.0,341.2,30,5.0,False
2615.0,5000,5000.0,0.0,6000.0,1704900.0,767235.0,937665.0,340.9,340.9,340.9,30,5.0,False
2616.0,5000,5000.0,0.0,6000.0,1703900.0,766485.0,937415.0,340.8,340.6,340.8,30,5.0,False
2617.0,5000,5000.0,0.0,6000.0,1702900.0,766335.0,936565.0,340.5,340.5,340.5,30,5.0,False
2618.0,5000,5000.0,0.0,6000.0,1701900.0,765585.0,936315.0,340.4,340.2,340.4,30,5.0,False
2619.0,5000,5000.0,0.0,6000.0,1700900.0,765435.0,935465.0,340.1,340.1,340.1,30,5.0,False
2620.0,5000,5000.0,0.0,6000.0,1699900.0,764685.0,935215.0,340.0,339.8,340.0,30,5.0,False
2621.0,5000,5000.0,0.0,6000.0,1698900.0,764535.0,934365.0,339.7,339.7,339.7,30,5.0,False
2622.0,5000,5000.0,0.0,6000.0,1697900.0,763785.0,934115.0,339.6,339.4,339.6,30,5.0,False
2623.0,5000,5000.0,0.0,6000.0,1696900.0,763635.0,933265.0,339.3,339.3,339.3,30,5.0,False
2624.0,5000,5000.0,0.0,6000.0,1695900.0,762885.0,933015.0,339.2,339.0,339.2,30,5.0,False
2625.0,5000,5000.0,0.0,6000.0,1694900.0,762735.0,932165.0,338.9,338.9,338.9,30,5.0,False
2626.0,5000,5000.0,0.0,6000.0,1693900.0,761985.0,931915.0,338.8,338.6,338.8,30,5.0,False
2627.0,5000,5000.0,0.0,6000.0,1692900.0,761835.0,931065.0,338.5,338.5,338.5,30,5.0,False
2628.0,5000,5000.0,0.0,6000.0,1691900.0,761085.0,930815.0,338.4,338.2,338.4,30,5.0,False
2629.0,5000,5000.0,0.0,6000.0,1690900.0,760935.0,929965.0,338.1,338.1,338.1,30,5.0,False
2630.0,5000,5000.0,0.0,6000.0,1689900.0,760185.0,929715.0,338.0,337.8,338.0,30,5.0,False
2631.0,5000,5000.0,0.0,6000.0,1688900.0,760035.0,928865.0,337.7,337.7,337.7,30,5.0,False
2632.0,5000,5000.0,0.0,6000.0,1687900.0,759285.0,928615.0,337.6,337.4,337.6,30,5.0,False
2633.0,5000,5000.0,0.0,6000.0,1686900.0,759135.0,927765.0,337.3,337.3,337.3,30,5.0,False
2634.0,5000,5000.0,0.0,6000.0,1685900.0,758385.0,927515.0,337.2,337.0,337.2,30,5.0,False
2635.0,5000,5000.0,0.0,6000.0,1684900.0,758235.0,926665.0,336.9,336.9,336.9,30,5.0,False
2636.0,5000,5000.0,0.0,6000.0,1683900.0,757485.0,926415.0,336.8,336.6,336.8,30,5.0,False
2637.0,5000,5000.0,0.0,6000.0,1682900.0,757335.0,925565.0,336.5,336.5,336.5,30,5.0,False
2638.0,5000,5000.0,0.0,6000.0,1681900.0,756585.0,925315.0,336.4,336.2,336.4,30,5.0,False
2639.0,5000,5000.0,0.0,6000.0,1680900.0,756435.0,924465.0,336.1,336.1,336.1,30,5.0,False
2640.0,5000,5000.0,0.0,6000.0,1679900.0,755685.0,924215.0,336.0,335.8,336.0,30,5.0,False
2641.0,5000,5000.0,0.0,6000.0,1678900.0,755535.0,923365.0,335.7,335.7,335.7,30,5.0,False
2642.0,5000,5000.0,0.0,6000.0,1677900.0,754785.0,923115.0,335.6,335.4,335.6,30,5.0,False
2643.0,5000,5000.0,0.0,6000.0,1676900.0,754635.0,922265.0,335.3,335.3,335.3,30,5.0,False
2644.0,5000,5000.0,0.0,6000.0,1675900.0,753885.0,922015.0,335.2,335.0,335.2,30,5.0,False
2645.0,5000,5000.0,0.0,6000.0,1674900.0,753735.0,921165.0,334.9,334.9,334.9,30,5.0,False
2646.0,5000,5000.0,0.0,6000.0,1673900.0,752985.0,920915.0,334.8,334.6,334.8,30,5.0,False
2647.0,5000,5000.0,0.0,6000.0,1672900.0,752835.0,920065.0,334.5,334.5,334.5,30,5.0,False
2648.0,5000,5000.0,0.0,6000.0,1671900.0,752085.0,919815.0,334.4,334.2,334.4,30,5.0,False
2649.0,5000,5000.0,0.0,6000.0,1670900.0,751935.0,918965.0,334.1,334.1,334.1,30,5.0,False
2650.0,5000,5000.0,0.0,6000.0,1669900.0,751185.0,918715.0,334.0,333.8,334.0,30,5.0,False
2651.0,5000,5000.0,0.0,6000.0,1668900.0,751035.0,917865.0,333.7,333.7,333.7,30,5.0,False
2652.0,5000,5000.0,0.0,6000.0,1667900.0,750285.0,917615.0,333.6,333.4,333.6,30,5.0,False
2653.0,5000,5000.0,0.0,6000.0,1666900.0,750135.0,916765.0,333.3,333.3,333.3,30,5.0,False
2654.0,5000,5000.0,0.0,6000.0,1665900.0,749385.0,916515.0,333.2,333.0,333.2,30,5.0,False
2655.0,5000,5000.0,0.0,6000.0,1664900.0,749235.0,915665.0,332.9,332.9,332.9,30,5.0,False
2656.0,5000,5000.0,0.0,6000.0,1663900.0,748485.0,915415.0,332.8,332.6,332.8,30,5.0,False
2657.0,5000,5000.0,0.0,6000.0,1662900.0,748335.0,914565.0,332.5,332.5,332.5,30,5.0,False
2658.0,5000,5000.0,0.0,6000.0,1661900.0,747585.0,914315.0,332.4,332.2,332.4,30,5.0,False
2659.0,5000,5000.0,0.0,6000.0,1660900.0,747435.0,913465.0,332.1,332.1,332.1,30,5.0,False
2660.0,5000,5000.0,0.0,6000.0,1659900.0,746685.0,913215.0,332.0,331.8,332.0,30,5.0,False
2661.0,5000,5000.0,0.0,6000.0,1658900.0,746535.0,912365.0,331.7,331.7,331.7,30,5.0,False
2662.0,5000,5000.0,0.0,6000.0,1657900.0,745785.0,912115.0,331.6,331.4,331.6,30,5.0,False
2663.0,5000,5000.0,0.0,6000.0,1656900.0,745635.0,911265.0,331.3,331.3,331.3,30,5.0,False
2664.0,5000,5000.0,0.0,6000.0,1655900.0,744885.0,911015.0,331.2,331.0,331.2,30,5.0,False
2665.0,5000,5000.0,0.0,6000.0,1654900.0,744735.0,910165.0,330.9,330.9,330.9,30,5.0,False
2666.0,5000,5000.0,0.0,6000.0,1653900.0,743985.0,909915.0,330.8,330.6,330.8,30,5.0,False
2667.0,5000,5000.0,0.0,6000.0,1652900.0,743835.0,909065.0,330.5,330.5,330.5,30,5.0,False
2668.0,5000,5000.0,0.0,6000.0,1651900.0,743085.0,908815.0,330.4,330.2,330.4,30,5.0,False
2669.0,5000,5000.0,0.0,6000.0,1650900.0,742935.0,907965.0,330.1,330.1,330.1,30,5.0,False
2670.0,5000,5000.0,0.0,6000.0,1649900.0,742185.0,907715.0,330.0,329.8,330.0,30,5.0,False
2671.0,5000,5000.0,0.0,6000.0,1648900.0,742035.0,906865.0,329.7,329.7,329.7,30,5.0,False
2672.0,5000,5000.0,0.0,6000.0,1647900.0,741285.0,906615.0,329.6,329.4,329.6,30,5.0,False
2673.0,5000,5000.0,0.0,6000.0,1646900.0,741135.0,905765.0,329.3,329.3,329.3,30,5.0,False
2674.0,5000,5000.0,0.0,6000.0,1645900.0,740385.0,905515.0,329.2,329.0,329.2,30,5.0,False
2675.0,5000,5000.0,0.0,6000.0,1644900.0,740235.0,904665.0,328.9,328.9,328.9,30,5.0,False
2676.0,5000,5000.0,0.0,6000.0,1643900.0,739485.0,904415.0,328.8,328.6,328.8,30,5.0,False
2677.0,5000,5000.0,0.0,6000.0,1642900.0,739335.0,903565.0,328.5,328.5,328.5,30,5.0,False
2678.0,5000,5000.0,0.0,6000.0,1641900.0,738585.0,903315.0,328.4,328.2,328.4,30,5.0,False
2679.0,5000,5000.0,0.0,6000.0,1640900.0,738435.0,902465.0,328.1,328.1,328.1,30,5.0,False
2680.0,5000,5000.0,0.0,6000.0,1639900.0,737685.0,902215.0,328.0,327.8,328.0,30,5.0,False
2681.0,5000,5000.0,0.0,6000.0,1638900.0,737535.0,901365.0,327.7,327.7,327.7,30,5.0,False
2682.0,5000,5000.0,0.0,6000.0,1637900.0,736785.0,901115.0,327.6,327.4,327.6,30,5.0,False
2683.0,5000,5000.0,0.0,6000.0,1636900.0,736635.0,900265.0,327.3,327.3,327.3,30,5.0,False
2684.0,5000,5000.0,0.0,6000.0,1635900.0,735885.0,900015.0,327.2,327.0,327.2,30,5.0,False
2685.0,5000,5000.0,0.0,6000.0,1634900.0,735735.0,899165.0,326.9,326.9,326.9,30,5.0,False
2686.0,5000,5000.0,0.0,6000.0,1633900.0,734985.0,898915.0,326.8,326.6,326.8,30,5.0,False
2687.0,5000,5000.0,0.0,6000.0,1632900.0,734835.0,898065.0,326.5,326.5,326.5,30,5.0,False
2688.0,5000,5000.0,0.0,6000.0,1631900.0,734085.0,897815.0,326.4,326.2,326.4,30,5.0,False
2689.0,5000,5000.0,0.0,6000.0,1630900.0,733935.0,896965.0,326.1,326.1,326.1,30,5.0,False
2690.0,5000,5000.0,0.0,6000.0,1629900.0,733185.0,896715.0,326.0,325.8,326.0,30,5.0,False
2691.0,5000,5000.0,0.0,6000.0,1628900.0,733035.0,895865.0,325.7,325.7,325.7,30,5.0,False
2692.0,5000,5000.0,0.0,6000.0,1627900.0,732285.0,895615.0,325.6,325.4,325.6,30,5.0,False
2693.0,5000,5000.0,0.0,6000.0,1626900.0,732135.0,894765.0,325.3,325.3,325.3,30,5.0,False
2694.0,5000,5000.0,0.0,6000.0,1625900.0,731385.0,894515.0,325.2,325.0,325.2,30,5.0,False
2695.0,5000,5000.0,0.0,6000.0,1624900.0,731235.0,893665.0,324.9,324.9,324.9,30,5.0,False
2696.0,5000,5000.0,0.0,6000.0,1623900.0,730485.0,893415.0,324.8,324.6,324.8,30,5.0,False
2697.0,5000,5000.0,0.0,6000.0,1622900.0,730335.0,892565.0,324.5,324.5,324.5,30,5.0,False
2698.0,5000,5000.0,0.0,6000.0,1621900.0,729585.0,892315.0,324.4,324.2,324.4,30,5.0,False
2699.0,5000,5000.0,0.0,6000.0,1620900.0,729435.0,891465.0,324.1,324.1,324.1,30,5.0,False
2700.0,5000,5000.0,0.0,6000.0,1619900.0,728685.0,891215.0,324.0,323.8,324.0,30,5.0,False
2701.0,5000,5000.0,0.0,6000.0,1618900.0,728535.0,890365.0,323.7,323.7,323.7,30,5.0,False
2702.0,5000,5000.0,0.0,6000.0,1617900.0,727785.0,890115.0,323.6,323.4,323.6,30,5.0,False
2703.0,5000,5000.0,0.0,6000.0,1616900.0,727635.0,889265.0,323.3,323.3,323.3,30,5.0,False
2704.0,5000,5000.0,0.0,6000.0,1615900.0,726885.0,889015.0,323.2,323.0,323.2,30,5.0,False
2705.0,5000,5000.0,0.0,6000.0,1614900.0,726735.0,888165.0,322.9,322.9,322.9,30,5.0,False
2706.0,5000,5000.0,0.0,6000.0,1613900.0,725985.0,887915.0,322.8,322.6,322.8,30,5.0,False
2707.0,5000,5000.0,0.0,6000.0,1612900.0,725835.0,887065.0,322.5,322.5,322.5,30,5.0,False
2708.0,5000,5000.0,0.0,6000.0,1611900.0,725085.0,886815.0,322.4,322.2,322.4,30,5.0,False
2709.0,5000,5000.0,0.0,6000.0,1610900.0,724935.0,885965.0,322.1,322.1,322.1,30,5.0,False
2710.0,5000,5000.0,0.0,6000.0,1609900.0,724185.0,885715.0,322.0,321.8,322.0,30,5.0,False
2711.0,5000,5000.0,0.0,6000.0,1608900.0,724035.0,884865.0,321.7,321.7,321.7,30,5.0,False
2712.0,5000,5000.0,0.0,6000.0,1607900.0,723285.0,884615.0,321.6,321.4,321.6,30,5.0,False
2713.0,5000,5000.0,0.0,6000.0,1606900.0,723135.0,883765.0,321.3,321.3,321.3,30,5.0,False
2714.0,5000,5000.0,0.0,6000.0,1605900.0,722385.0,883515.0,321.2,321.0,321.2,30,5.0,False
2715.0,5000,5000.0,0.0,6000.0,1604900.0,722235.0,882665.0,320.9,320.9,320.9,30,5.0,False
2716.0,5000,5000.0,0.0,6000.0,1603900.0,721485.0,882415.0,320.8,320.6,320.8,30,5.0,False
2717.0,5000,5000.0,0.0,6000.0,1602900.0,721335.0,881565.0,320.5,320.5,320.5,30,5.0,False
2718.0,5000,5000.0,0.0,6000.0,1601900.0,720585.0,881315.0,320.4,320.2,320.4,30,5.0,False
2719.0,5000,5000.0,0.0,6000.0,1600900.0,720435.0,880465.0,320.1,320.1,320.1,30,5.0,False
2720.0,5000,5000.0,0.0,6000.0,1599900.0,719685.0,880215.0,320.0,319.8,320.0,30,5.0,False
2721.0,5000,5000.0,0.0,6000.0,1598900.0,719535.0,879365.0,319.7,319.7,319.7,30,5.0,False
2722.0,5000,5000.0,0.0,6000.0,1597900.0,718785.0,879115.0,319.6,319.4,319.6,30,5.0,False
2723.0,5000,5000.0,0.0,6000.0,1596900.0,718635.0,878265.0,319.3,319.3,319.3,30,5.0,False
2724.0,5000,5000.0,0.0,6000.0,1595900.0,717885.0,878015.0,319.2,319.0,319.2,30,5.0,False
2725.0,5000,5000.0,0.0,6000.0,1594900.0,717735.0,877165.0,318.9,318.9,318.9,30,5.0,False
2726.0,5000,5000.0,0.0,6000.0,1593900.0,716985.0,876915.0,318.8,318.6,318.8,30,5.0,False
2727.0,5000,5000.0,0.0,6000.0,1592900.0,716835.0,876065.0,318.5,318.5,318.5,30,5.0,False
2728.0,5000,5000.0,0.0,6000.0,1591900.0,716085.0,875815.0,318.4,318.2,318.4,30,5.0,False
2729.0,5000,5000.0,0.0,6000.0,1590900.0,715935.0,874965.0,318.1,318.1,318.1,30,5.0,False
2730.0,5000,5000.0,0.0,6000.0,1589900.0,715185.0,874715.0,318.0,317.8,318.0,30,5.0,False
2731.0,5000,5000.0,0.0,6000.0,1588900.0,715035.0,873865.0,317.7,317.7,317.7,30,5.0,False
2732.0,5000,5000.0,0.0,6000.0,1587900.0,714285.0,873615.0,317.6,317.4,317.6,30,5.0,False
2733.0,5000,5000.0,0.0,6000.0,1586900.0,714135.0,872765.0,317.3,317.3,317.3,30,5.0,False
2734.0,5000,5000.0,0.0,6000.0,1585900.0,713385.0,872515.0,317.2,317.0,317.2,30,5.0,False
2735.0,5000,5000.0,0.0,6000.0,1584900.0,713235.0,871665.0,316.9,316.9,316.9,30,5.0,False
2736.0,5000,5000.0,0.0,6000.0,1583900.0,712485.0,871415.0,316.8,316.6,316.8,30,5.0,False
2737.0,5000,5000.0,0.0,6000.0,1582900.0,712335.0,870565.0,316.5,316.5,316.5,30,5.0,False
2738.0,5000,5000.0,0.0,6000.0,1581900.0,711585.0,870315.0,316.4,316.2,316.4,30,5.0,False
2739.0,5000,5000.0,0.0,6000.0,1580900.0,711435.0,869465.0,316.1,316.1,316.1,30,5.0,False
2740.0,5000,5000.0,0.0,6000.0,1579900.0,710685.0,869215.0,316.0,315.8,316.0,30,5.0,False
2741.0,5000,5000.0,0.0,6000.0,1578900.0,710535.0,868365.0,315.7,315.7,315.7,30,5.0,False
2742.0,5000,5000.0,0.0,6000.0,1577900.0,709785.0,868115.0,315.6,315.4,315.6,30,5.0,False
2743.0,5000,5000.0,0.0,6000.0,1576900.0,709635.0,867265.0,315.3,315.3,315.3,30,5.0,False
2744.0,5000,5000.0,0.0,6000.0,1575900.0,708885.0,867015.0,315.2,315.0,315.2,30,5.0,False
2745.0,5000,5000.0,0.0,6000.0,1574900.0,708735.0,866165.0,314.9,314.9,314.9,30,5.0,False
2746.0,5000,5000.0,0.0,6000.0,1573900.0,707985.0,865915.0,314.8,314.6,314.8,30,5.0,False
2747.0,5000,5000.0,0.0,6000.0,1572900.0,707835.0,865065.0,314.5,314.5,314.5,30,5.0,False
2748.0,5000,5000.0,0.0,6000.0,1571900.0,707085.0,864815.0,314.4,314.2,314.4,30,5.0,False
2749.0,5000,5000.0,0.0,6000.0,1570900.0,706935.0,863965.0,314.1,314.1,314.1,30,5.0,False
2750.0,5000,5000.0,0.0,6000.0,1569900.0,706185.0,863715.0,314.0,313.8,314.0,30,5.0,False
2751.0,5000,5000.0,0.0,6000.0,1568900.0,706035.0,862865.0,313.7,313.7,313.7,30,5.0,False
2752.0,5000,5000.0,0.0,6000.0,1567900.0,705285.0,862615.0,313.6,313.4,313.6,30,5.0,False
2753.0,5000,5000.0,0.0,6000.0,1566900.0,705135.0,861765.0,313.3,313.3,313.3,30,5.0,False
2754.0,5000,5000.0,0.0,6000.0,1565900.0,704385.0,861515.0,313.2,313.0,313.2,30,5.0,False
2755.0,5000,5000.0,0.0,6000.0,1564900.0,704235.0,860665.0,312.9,312.9,312.9,30,5.0,False
2756.0,5000,5000.0,0.0,6000.0,1563900.0,703485.0,860415.0,312.8,312.6,312.8,30,5.0,False
2757.0,5000,5000.0,0.0,6000.0,1562900.0,703335.0,859565.0,312.5,312.5,312.5,30,5.0,False
2758.0,5000,5000.0,0.0,6000.0,1561900.0,702585.0,859315.0,312.4,312.2,312.4,30,5.0,False
2759.0,5000,5000.0,0.0,6000.0,1560900.0,702435.0,858465.0,312.1,312.1,312.1,30,5.0,False
2760.0,5000,5000.0,0.0,6000.0,1559900.0,701685.0,858215.0,312.0,311.8,312.0,30,5.0,False
2761.0,5000,5000.0,0.0,6000.0,1558900.0,701535.0,857365.0,311.7,311.7,311.7,30,5.0,False
2762.0,5000,5000.0,0.0,6000.0,1557900.0,700785.0,857115.0,311.6,311.4,311.6,30,5.0,False
2763.0,5000,5000.0,0.0,6000.0,1556900.0,700635.0,856265.0,311.3,311.3,311.3,30,5.0,False
2764.0,5000,5000.0,0.0,6000.0,1555900.0,699885.0,856015.0,311.2,311.0,311.2,30,5.0,False
2765.0,5000,5000.0,0.0,6000.0,1554900.0,699735.0,855165.0,310.9,310.9,310.9,30,5.0,False
2766.0,5000,5000.0,0.0,6000.0,1553900.0,698985.0,854915.0,310.8,310.6,310.8,30,5.0,False
2767.0,5000,5000.0,0.0,6000.0,1552900.0,698835.0,854065.0,310.5,310.5,310.5,30,5.0,False
2768.0,5000,5000.0,0.0,6000.0,1551900.0,698085.0,853815.0,310.4,310.2,310.4,30,5.0,False
2769.0,5000,5000.0,0.0,6000.0,1550900.0,697935.0,852965.0,310.1,310.1,310.1,30,5.0,False
2770.0,5000,5000.0,0.0,6000.0,1549900.0,697185.0,852715.0,310.0,309.8,310.0,30,5.0,False
2771.0,5000,5000.0,0.0,6000.0,1548900.0,697035.0,851865.0,309.7,309.7,309.7,30,5.0,False
2772.0,5000,5000.0,0.0,6000.0,1547900.0,696285.0,851615.0,309.6,309.4,309.6,30,5.0,False
2773.0,5000,5000.0,0.0,6000.0,1546900.0,696135.0,850765.0,309.3,309.3,309.3,30,5.0,False
2774.0,5000,5000.0,0.0,6000.0,1545900.0,695385.0,850515.0,309.2,309.0,309.2,30,5.0,False
2775.0,5000,5000.0,0.0,6000.0,1544900.0,695235.0,849665.0,308.9,308.9,308.9,30,5.0,False
2776.0,5000,5000.0,0.0,6000.0,1543900.0,694485.0,849415.0,308.8,308.6,308.8,30,5.0,False
2777.0,5000,5000.0,0.0,6000.0,1542900.0,694335.0,848565.0,308.5,308.5,308.5,30,5.0,False
2778.0,5000,5000.0,0.0,6000.0,1541900.0,693585.0,848315.0,308.4,308.2,308.4,30,5.0,False
2779.0,5000,5000.0,0.0,6000.0,1540900.0,693435.0,847465.0,308.1,308.1,308.1,30,5.0,False
2780.0,5000,5000.0,0.0,6000.0,1539900.0,692685.0,847215.0,308.0,307.8,308.0,30,5.0,False
2781.0,5000,5000.0,0.0,6000.0,1538900.0,692535.0,846365.0,307.7,307.7,307.7,30,5.0,False
2782.0,5000,5000.0,0.0,6000.0,1537900.0,691785.0,846115.0,307.6,307.4,307.6,30,5.0,False
2783.0,5000,5000.0,0.0,6000.0,1536900.0,691635.0,845265.0,307.3,307.3,307.3,30,5.0,False
2784.0,5000,5000.0,0.0,6000.0,1535900.0,690885.0,845015.0,307.2,307.0,307.2,30,5.0,False
2785.0,5000,5000.0,0.0,6000.0,1534900.0,690735.0,844165.0,306.9,306.9,306.9,30,5.0,False
2786.0,5000,5000.0,0.0,6000.0,1533900.0,689985.0,843915.0,306.8,306.6,306.8,30,5.0,False
2787.0,5000,5000.0,0.0,6000.0,1532900.0,689835.0,843065.0,306.5,306.5,306.5,30,5.0,False
2788.0,5000,5000.0,0.0,6000.0,1531900.0,689085.0,842815.0,306.4,306.2,306.4,30,5.0,False
2789.0,5000,5000.0,0.0,6000.0,1530900.0,688935.0,841965.0,306.1,306.1,306.1,30,5.0,False
2790.0,5000,5000.0,0.0,6000.0,1529900.0,688185.0,841715.0,306.0,305.8,306.0,30,5.0,False
2791.0,5000,5000.0,0.0,6000.0,1528900.0,688035.0,840865.0,305.7,305.7,305.7,30,5.0,False
2792.0,5000,5000.0,0.0,6000.0,1527900.0,687285.0,840615.0,305.6,305.4,305.6,30,5.0,False
2793.0,5000,5000.0,0.0,6000.0,1526900.0,687135.0,839765.0,305.3,305.3,305.3,30,5.0,False
2794.0,5000,5000.0,0.0,6000.0,1525900.0,686385.0,839515.0,305.2,305.0,305.2,30,5.0,False
2795.0,5000,5000.0,0.0,6000.0,1524900.0,686235.0,838665.0,304.9,304.9,304.9,30,5.0,False
2796.0,5000,5000.0,0.0,6000.0,1523900.0,685485.0,838415.0,304.8,304.6,304.8,30,5.0,False
2797.0,5000,5000.0,0.0,6000.0,1522900.0,685335.0,837565.0,304.5,304.5,304.5,30,5.0,False
2798.0,5000,5000.0,0.0,6000.0,1521900.0,684585.0,837315.0,304.4,304.2,304.4,30,5.0,False
2799.0,5000,5000.0,0.0,6000.0,1520900.0,684435.0,836465.0,304.1,304.1,304.1,30,5.0,False
2800.0,5000,5000.0,0.0,6000.0,1519900.0,683685.0,836215.0,304.0,303.8,304.0,30,5.0,False
2801.0,5000,5000.0,0.0,6000.0,1518900.0,683535.0,835365.0,303.7,303.7,303.7,30,5.0,False
2802.0,5000,5000.0,0.0,6000.0,1517900.0,682785.0,835115.0,303.6,303.4,303.6,30,5.0,False
2803.0,5000,5000.0,0.0,6000.0,1516900.0,682635.0,834265.0,303.3,303.3,303.3,30,5.0,False
2804.0,5000,5000.0,0.0,6000.0,1515900.0,681885.0,834015.0,303.2,303.0,303.2,30,5.0,False
2805.0,5000,5000.0,0.0,6000.0,1514900.0,681735.0,833165.0,302.9,302.9,302.9,30,5.0,False
2806.0,5000,5000.0,0.0,6000.0,1513900.0,680985.0,832915.0,302.8,302.6,302.8,30,5.0,False
2807.0,5000,5000.0,0.0,6000.0,1512900.0,680835.0,832065.0,302.5,302.5,302.5,30,5.0,False
2808.0,5000,5000.0,0.0,6000.0,1511900.0,680085.0,831815.0,302.4,302.2,302.4,30,5.0,False
2809.0,5000,5000.0,0.0,6000.0,1510900.0,679935.0,830965.0,302.1,302.1,302.1,30,5.0,False
2810.0,5000,5000.0,0.0,6000.0,1509900.0,679185.0,830715.0,302.0,301.8,302.0,30,5.0,False
2811.0,5000,5000.0,0.0,6000.0,1508900.0,679035.0,829865.0,301.7,301.7,301.7,30,5.0,False
2812.0,5000,5000.0,0.0,6000.0,1507900.0,678285.0,829615.0,301.6,301.4,301.6,30,5.0,False
2813.0,5000,5000.0,0.0,6000.0,1506900.0,678135.0,828765.0,301.3,301.3,301.3,30,5.0,False
2814.0,5000,5000.0,0.0,6000.0,1505900.0,677385.0,828515.0,301.2,301.0,301.2,30,5.0,False
2815.0,5000,5000.0,0.0,6000.0,1504900.0,677235.0,827665.0,300.9,300.9,300.9,30,5.0,False
2816.0,5000,5000.0,0.0,6000.0,1503900.0,676485.0,827415.0,300.8,300.6,300.8,30,5.0,False
2817.0,5000,5000.0,0.0,6000.0,1502900.0,676335.0,826565.0,300.5,300.5,300.5,30,5.0,False
2818.0,5000,5000.0,0.0,6000.0,1501900.0,675585.0,826315.0,300.4,300.2,300.4,30,5.0,False
2819.0,5000,5000.0,0.0,6000.0,1500900.0,675435.0,825465.0,300.1,300.1,300.1,30,5.0,False
2820.0,5000,5000.0,0.0,6000.0,1499900.0,674685.0,825215.0,300.0,299.8,300.0,30,5.0,False
2821.0,5000,5000.0,0.0,6000.0,1498900.0,674535.0,824365.0,299.7,299.7,299.7,30,5.0,False
2822.0,5000,5000.0,0.0,6000.0,1497900.0,673785.0,824115.0,299.6,299.4,299.6,30,5.0,False
2823.0,5000,5000.0,0.0,6000.0,1496900.0,673635.0,823265.0,299.3,299.3,299.3,30,5.0,False
2824.0,5000,5000.0,0.0,6000.0,1495900.0,672885.0,823015.0,299.2,299.0,299.2,30,5.0,False
2825.0,5000,5000.0,0.0,6000.0,1494900.0,672735.0,822165.0,298.9,298.9,298.9,30,5.0,False
2826.0,5000,5000.0,0.0,6000.0,1493900.0,671985.0,821915.0,298.8,298.6,298.8,30,5.0,False
2827.0,5000,5000.0,0.0,6000.0,1492900.0,671835.0,821065.0,298.5,298.5,298.5,30,5.0,False
2828.0,5000,5000.0,0.0,6000.0,1491900.0,671085.0,820815.0,298.4,298.2,298.4,30,5.0,False
2829.0,5000,5000.0,0.0,6000.0,1490900.0,670935.0,819965.0,298.1,298.1,298.1,30,5.0,False
2830.0,5000,5000.0,0.0,6000.0,1489900.0,670185.0,819715.0,298.0,297.8,298.0,30,5.0,False
2831.0,5000,5000.0,0.0,6000.0,1488900.0,670035.0,818865.0,297.7,297.7,297.7,30,5.0,False
2832.0,5000,5000.0,0.0,6000.0,1487900.0,669285.0,818615.0,297.6,297.4,297.6,30,5.0,False
2833.0,5000,5000.0,0.0,6000.0,1486900.0,669135.0,817765.0,297.3,297.3,297.3,30,5.0,False
2834.0,5000,5000.0,0.0,6000.0,1485900.0,668385.0,817515.0,297.2,297.0,297.2,30,5.0,False
2835.0,5000,5000.0,0.0,6000.0,1484900.0,668235.0,816665.0,296.9,296.9,296.9,30,5.0,False
2836.0,5000,5000.0,0.0,6000.0,1483900.0,667485.0,816415.0,296.8,296.6,296.8,30,5.0,False
2837.0,5000,5000.0,0.0,6000.0,1482900.0,667335.0,815565.0,296.5,296.5,296.5,30,5.0,False
2838.0,5000,5000.0,0.0,6000.0,1481900.0,666585.0,815315.0,296.4,296.2,296.4,30,5.0,False
2839.0,5000,5000.0,0.0,6000.0,1480900.0,666435.0,814465.0,296.1,296.1,296.1,30,5.0,False
2840.0,5000,5000.0,0.0,6000.0,1479900.0,665685.0,814215.0,296.0,295.8,296.0,30,5.0,False
2841.0,5000,5000.0,0.0,6000.0,1478900.0,665535.0,813365.0,295.7,295.7,295.7,30,5.0,False
2842.0,5000,5000.0,0.0,6000.0,1477900.0,664785.0,813115.0,295.6,295.4,295.6,30,5.0,False
2843.0,5000,5000.0,0.0,6000.0,1476900.0,664635.0,812265.0,295.3,295.3,295.3,30,5.0,False
2844.0,5000,5000.0,0.0,6000.0,1475900.0,663885.0,812015.0,295.2,295.0,295.2,30,5.0,False
2845.0,5000,5000.0,0.0,6000.0,1474900.0,663735.0,811165.0,294.9,294.9,294.9,30,5.0,False
2846.0,5000,5000.0,0.0,6000.0,1473900.0,662985.0,810915.0,294.8,294.6,294.8,30,5.0,False
2847.0,5000,5000.0,0.0,6000.0,1472900.0,662835.0,810065.0,294.5,294.5,294.5,30,5.0,False
2848.0,5000,5000.0,0.0,6000.0,1471900.0,662085.0,809815.0,294.4,294.2,294.4,30,5.0,False
2849.0,5000,5000.0,0.0,6000.0,1470900.0,661935.0,808965.0,294.1,294.1,294.1,30,5.0,False
2850.0,5000,5000.0,0.0,6000.0,1469900.0,661185.0,808715.0,294.0,293.8,294.0,30,5.0,False
2851.0,5000,5000.0,0.0,6000.0,1468900.0,661035.0,807865.0,293.7,293.7,293.7,30,5.0,False
2852.0,5000,5000.0,0.0,6000.0,1467900.0,660285.0,807615.0,293.6,293.4,293.6,30,5.0,False
2853.0,5000,5000.0,0.0,6000.0,1466900.0,660135.0,806765.0,293.3,293.3,293.3,30,5.0,False
2854.0,5000,5000.0,0.0,6000.0,1465900.0,659385.0,806515.0,293.2,293.0,293.2,30,5.0,False
2855.0,5000,5000.0,0.0,6000.0,1464900.0,659235.0,805665.0,292.9,292.9,292.9,30,5.0,False
2856.0,5000,5000.0,0.0,6000.0,1463900.0,658485.0,805415.0,292.8,292.6,292.8,30,5.0,False
2857.0,5000,5000.0,0.0,6000.0,1462900.0,658335.0,804565.0,292.5,292.5,292.5,30,5.0,False
2858.0,5000,5000.0,0.0,6000.0,1461900.0,657585.0,804315.0,292.4,292.2,292.4,30,5.0,False
2859.0,5000,5000.0,0.0,6000.0,1460900.0,657435.0,803465.0,292.1,292.1,292.1,30,5.0,False
2860.0,5000,5000.0,0.0,6000.0,1459900.0,656685.0,803215.0,292.0,291.8,292.0,30,5.0,False
2861.0,5000,5000.0,0.0,6000.0,1458900.0,656535.0,802365.0,291.7,291.7,291.7,30,5.0,False
2862.0,5000,5000.0,0.0,6000.0,1457900.0,655785.0,802115.0,291.6,291.4,291.6,30,5.0,False
2863.0,5000,5000.0,0.0,6000.0,1456900.0,655635.0,801265.0,291.3,291.3,291.3,30,5.0,False
2864.0,5000,5000.0,0.0,6000.0,1455900.0,654885.0,801015.0,291.2,291.0,291.2,30,5.0,False
2865.0,5000,5000.0,0.0,6000.0,1454900.0,654735.0,800165.0,290.9,290.9,290.9,30,5.0,False
2866.0,5000,5000.0,0.0,6000.0,1453900.0,653985.0,799915.0,290.8,290.6,290.8,30,5.0,False
2867.0,5000,5000.0,0.0,6000.0,1452900.0,653835.0,799065.0,290.5,290.5,290.5,30,5.0,False
2868.0,5000,5000.0,0.0,6000.0,1451900.0,653085.0,798815.0,290.4,290.2,290.4,30,5.0,False
2869.0,5000,5000.0,0.0,6000.0,1450900.0,652935.0,797965.0,290.1,290.1,290.1,30,5.0,False
2870.0,5000,5000.0,0.0,6000.0,1449900.0,652185.0,797715.0,290.0,289.8,290.0,30,5.0,False
2871.0,5000,5000.0,0.0,6000.0,1448900.0,652035.0,796865.0,289.7,289.7,289.7,30,5.0,False
2872.0,5000,5000.0,0.0,6000.0,1447900.0,651285.0,796615.0,289.6,289.4,289.6,30,5.0,False
2873.0,5000,5000.0,0.0,6000.0,1446900.0,651135.0,795765.0,289.3,289.3,289.3,30,5.0,False
2874.0,5000,5000.0,0.0,6000.0,1445900.0,650385.0,795515.0,289.2,289.0,289.2,30,5.0,False
2875.0,5000,5000.0,0.0,6000.0,1444900.0,650235.0,794665.0,288.9,288.9,288.9,30,5.0,False
2876.0,5000,5000.0,0.0,6000.0,1443900.0,649485.0,794415.0,288.8,288.6,288.8,30,5.0,False
2877.0,5000,5000.0,0.0,6000.0,1442900.0,649335.0,793565.0,288.5,288.5,288.5,30,5.0,False
2878.0,5000,5000.0,0.0,6000.0,1441900.0,648585.0,793315.0,288.4,288.2,288.4,30,5.0,False
2879.0,5000,5000.0,0.0,6000.0,1440900.0,648435.0,792465.0,288.1,288.1,288.1,30,5.0,False
2880.0,5000,5000.0,0.0,6000.0,1439900.0,647685.0,792215.0,288.0,287.8,288.0,30,5.0,False
2881.0,5000,5000.0,0.0,6000.0,1438900.0,647535.0,791365.0,287.7,287.7,287.7,30,5.0,False
2882.0,5000,5000.0,0.0,6000.0,1437900.0,646785.0,791115.0,287.6,287.4,287.6,30,5.0,False
2883.0,5000,5000.0,0.0,6000.0,1436900.0,646635.0,790265.0,287.3,287.3,287.3,30,5.0,False
2884.0,5000,5000.0,0.0,6000.0,1435900.0,645885.0,790015.0,287.2,287.0,287.2,30,5.0,False
2885.0,5000,5000.0,0.0,6000.0,1434900.0,645735.0,789165.0,286.9,286.9,286.9,30,5.0,False
2886.0,5000,5000.0,0.0,6000.0,1433900.0,644985.0,788915.0,286.8,286.6,286.8,30,5.0,False
2887.0,5000,5000.0,0.0,6000.0,1432900.0,644835.0,788065.0,286.5,286.5,286.5,30,5.0,False
2888.0,5000,5000.0,0.0,6000.0,1431900.0,644085.0,787815.0,286.4,286.2,286.4,30,5.0,False
2889.0,5000,5000.0,0.0,6000.0,1430900.0,643935.0,786965.0,286.1,286.1,286.1,30,5.0,False
2890.0,5000,5000.0,0.0,6000.0,1429900.0,643185.0,786715.0,286.0,285.8,286.0,30,5.0,False
2891.0,5000,5000.0,0.0,6000.0,1428900.0,643035.0,785865.0,285.7,285.7,285.7,30,5.0,False
2892.0,5000,5000.0,0.0,6000.0,1427900.0,642285.0,785615.0,285.6,285.4,285.6,30,5.0,False
2893.0,5000,5000.0,0.0,6000.0,1426900.0,642135.0,784765.0,285.3,285.3,285.3,30,5.0,False
2894.0,5000,5000.0,0.0,6000.0,1425900.0,641385.0,784515.0,285.2,285.0,285.2,30,5.0,False
2895.0,5000,5000.0,0.0,6000.0,1424900.0,641235.0,783665.0,284.9,284.9,284.9,30,5.0,False
2896.0,5000,5000.0,0.0,6000.0,1423900.0,640485.0,783415.0,284.8,284.6,284.8,30,5.0,False
2897.0,5000,5000.0,0.0,6000.0,1422900.0,640335.0,782565.0,284.5,284.5,284.5,30,5.0,False
2898.0,5000,5000.0,0.0,6000.0,1421900.0,639585.0,782315.0,284.4,284.2,284.4,30,5.0,False
2899.0,5000,5000.0,0.0,6000.0,1420900.0,639435.0,781465.0,284.1,284.1,284.1,30,5.0,False
2900.0,5000,5000.0,0.0,6000.0,1419900.0,638685.0,781215.0,284.0,283.8,284.0,30,5.0,False
2901.0,5000,5000.0,0.0,6000.0,1418900.0,638535.0,780365.0,283.7,283.7,283.7,30,5.0,False
2902.0,5000,5000.0,0.0,6000.0,1417900.0,637785.0,780115.0,283.6,283.4,283.6,30,5.0,False
2903.0,5000,5000.0,0.0,6000.0,1416900.0,637635.0,779265.0,283.3,283.3,283.3,30,5.0,False
2904.0,5000,5000.0,0.0,6000.0,1415900.0,636885.0,779015.0,283.2,283.0,283.2,30,5.0,False
2905.0,5000,5000.0,0.0,6000.0,1414900.0,636735.0,778165.0,282.9,282.9,282.9,30,5.0,False
2906.0,5000,5000.0,0.0,6000.0,1413900.0,635985.0,777915.0,282.8,282.6,282.8,30,5.0,False
2907.0,5000,5000.0,0.0,6000.0,1412900.0,635835.0,777065.0,282.5,282.5,282.5,30,5.0,False
2908.0,5000,5000.0,0.0,6000.0,1411900.0,635085.0,776815.0,282.4,282.2,282.4,30,5.0,False
2909.0,5000,5000.0,0.0,6000.0,1410900.0,634935.0,775965.0,282.1,282.1,282.1,30,5.0,False
2910.0,5000,5000.0,0.0,6000.0,1409900.0,634185.0,775715.0,282.0,281.8,282.0,30,5.0,False
2911.0,5000,5000.0,0.0,6000.0,1408900.0,634035.0,774865.0,281.7,281.7,281.7,30,5.0,False
2912.0,5000,5000.0,0.0,6000.0,1407900.0,633285.0,774615.0,281.6,281.4,281.6,30,5.0,False
2913.0,5000,5000.0,0.0,6000.0,1406900.0,633135.0,773765.0,281.3,281.3,281.3,30,5.0,False
2914.0,5000,5000.0,0.0,6000.0,1405900.0,632385.0,773515.0,281.2,281.0,281.2,30,5.0,False
2915.0,5000,5000.0,0.0,6000.0,1404900.0,632235.0,772665.0,280.9,280.9,280.9,30,5.0,False
2916.0,5000,5000.0,0.0,6000.0,1403900.0,631485.0,772415.0,280.8,280.6,280.8,30,5.0,False
2917.0,5000,5000.0,0.0,6000.0,1402900.0,631335.0,771565.0,280.5,280.5,280.5,30,5.0,False
2918.0,5000,5000.0,0.0,6000.0,1401900.0,630585.0,771315.0,280.4,280.2,280.4,30,5.0,False
2919.0,5000,5000.0,0.0,6000.0,1400900.0,630435.0,770465.0,280.1,280.1,280.1,30,5.0,False
2920.0,5000,5000.0,0.0,6000.0,1399900.0,629685.0,770215.0,280.0,279.8,280.0,30,5.0,False
2921.0,5000,5000.0,0.0,6000.0,1398900.0,629535.0,769365.0,279.7,279.7,279.7,30,5.0,False
2922.0,5000,5000.0,0.0,6000.0,1397900.0,628785.0,769115.0,279.6,279.4,279.6,30,5.0,False
2923.0,5000,5000.0,0.0,6000.0,1396900.0,628635.0,768265.0,279.3,279.3,279.3,30,5.0,False
2924.0,5000,5000.0,0.0,6000.0,1395900.0,627885.0,768015.0,279.2,279.0,279.2,30,5.0,False
2925.0,5000,5000.0,0.0,6000.0,1394900.0,627735.0,767165.0,278.9,278.9,278.9,30,5.0,False
2926.0,5000,5000.0,0.0,6000.0,1393900.0,626985.0,766915.0,278.8,278.6,278.8,30,5.0,False
2927.0,5000,5000.0,0.0,6000.0,1392900.0,626835.0,766065.0,278.5,278.5,278.5,30,5.0,False
2928.0,5000,5000.0,0.0,6000.0,1391900.0,626085.0,765815.0,278.4,278.2,278.4,30,5.0,False
2929.0,5000,5000.0,0.0,6000.0,1390900.0,625935.0,764965.0,278.1,278.1,278.1,30,5.0,False
2930.0,5000,5000.0,0.0,6000.0,1389900.0,625185.0,764715.0,278.0,277.8,278.0,30,5.0,False
2931.0,5000,5000.0,0.0,6000.0,1388900.0,625035.0,763865.0,277.7,277.7,277.7,30,5.0,False
2932.0,5000,5000.0,0.0,6000.0,1387900.0,624285.0,763615.0,277.6,277.4,277.6,30,5.0,False
2933.0,5000,5000.0,0.0,6000.0,1386900.0,624135.0,762765.0,277.3,277.3,277.3,30,5.0,False
2934.0,5000,5000.0,0.0,6000.0,1385900.0,623385.0,762515.0,277.2,277.0,277.2,30,5.0,False
2935.0,5000,5000.0,0.0,6000.0,1384900.0,623235.0,761665.0,276.9,276.9,276.9,30,5.0,False
2936.0,5000,5000.0,0.0,6000.0,1383900.0,622485.0,761415.0,276.8,276.6,276.8,30,5.0,False
2937.0,5000,5000.0,0.0,6000.0,1382900.0,622335.0,760565.0,276.5,276.5,276.5,30,5.0,False
2938.0,5000,5000.0,0.0,6000.0,1381900.0,621585.0,760315.0,276.4,276.2,276.4,30,5.0,False
2939.0,5000,5000.0,0.0,6000.0,1380900.0,621435.0,759465.0,276.1,276.1,276.1,30,5.0,False
2940.0,5000,5000.0,0.0,6000.0,1379900.0,620685.0,759215.0,276.0,275.8,276.0,30,5.0,False
2941.0,5000,5000.0,0.0,6000.0,1378900.0,620535.0,758365.0,275.7,275.7,275.7,30,5.0,False
2942.0,5000,5000.0,0.0,6000.0,1377900.0,619785.0,758115.0,275.6,275.4,275.6,30,5.0,False
2943.0,5000,5000.0,0.0,6000.0,1376900.0,619635.0,757265.0,275.3,275.3,275.3,30,5.0,False
2944.0,5000,5000.0,0.0,6000.0,1375900.0,618885.0,757015.0,275.2,275.0,275.2,30,5.0,False
2945.0,5000,5000.0,0.0,6000.0,1374900.0,618735.0,756165.0,274.9,274.9,274.9,30,5.0,False
2946.0,5000,5000.0,0.0,6000.0,1373900.0,617985.0,755915.0,274.8,274.6,274.8,30,5.0,False
2947.0,5000,5000.0,0.0,6000.0,1372900.0,617835.0,755065.0,274.5,274.5,274.5,30,5.0,False
2948.0,5000,5000.0,0.0,6000.0,1371900.0,617085.0,754815.0,274.4,274.2,274.4,30,5.0,False
2949.0,5000,5000.0,0.0,6000.0,1370900.0,616935.0,753965.0,274.1,274.1,274.1,30,5.0,False
2950.0,5000,5000.0,0.0,6000.0,1369900.0,616185.0,753715.0,274.0,273.8,274.0,30,5.0,False
2951.0,5000,5000.0,0.0,6000.0,1368900.0,616035.0,752865.0,273.7,273.7,273.7,30,5.0,False
2952.0,5000,5000.0,0.0,6000.0,1367900.0,615285.0,752615.0,273.6,273.4,273.6,30,5.0,False
2953.0,5000,5000.0,0.0,6000.0,1366900.0,615135.0,751765.0,273.3,273.3,273.3,30,5.0,False
2954.0,5000,5000.0,0.0,6000.0,1365900.0,614385.0,751515.0,273.2,273.0,273.2,30,5.0,False
2955.0,5000,5000.0,0.0,6000.0,1364900.0,614235.0,750665.0,272.9,272.9,272.9,30,5.0,False
2956.0,5000,5000.0,0.0,6000.0,1363900.0,613485.0,750415.0,272.8,272.6,272.8,30,5.0,False
2957.0,5000,5000.0,0.0,6000.0,1362900.0,613335.0,749565.0,272.5,272.5,272.5,30,5.0,False
2958.0,5000,5000.0,0.0,6000.0,1361900.0,612585.0,749315.0,272.4,272.2,272.4,30,5.0,False
2959.0,5000,5000.0,0.0,6000.0,1360900.0,612435.0,748465.0,272.1,272.1,272.1,30,5.0,False
2960.0,5000,5000.0,0.0,6000.0,1359900.0,611685.0,748215.0,272.0,271.8,272.0,30,5.0,False
2961.0,5000,5000.0,0.0,6000.0,1358900.0,611535.0,747365.0,271.7,271.7,271.7,30,5.0,False
2962.0,5000,5000.0,0.0,6000.0,1357900.0,610785.0,747115.0,271.6,271.4,271.6,30,5.0,False
2963.0,5000,5000.0,0.0,6000.0,1356900.0,610635.0,746265.0,271.3,271.3,271.3,30,5.0,False
2964.0,5000,5000.0,0.0,6000.0,1355900.0,609885.0,746015.0,271.2,271.0,271.2,30,5.0,False
2965.0,5000,5000.0,0.0,6000.0,1354900.0,609735.0,745165.0,270.9,270.9,270.9,30,5.0,False
2966.0,5000,5000.0,0.0,6000.0,1353900.0,608985.0,744915.0,270.8,270.6,270.8,30,5.0,False
2967.0,5000,5000.0,0.0,6000.0,1352900.0,608835.0,744065.0,270.5,270.5,270.5,30,5.0,False
2968.0,5000,5000.0,0.0,6000.0,1351900.0,608085.0,743815.0,270.4,270.2,270.4,30,5.0,False
2969.0,5000,5000.0,0.0,6000.0,1350900.0,607935.0,742965.0,270.1,270.1,270.1,30,5.0,False
2970.0,5000,5000.0,0.0,6000.0,1349900.0,607185.0,742715.0,270.0,269.8,270.0,30,5.0,False
2971.0,5000,5000.0,0.0,6000.0,1348900.0,607035.0,741865.0,269.7,269.7,269.7,30,5.0,False
2972.0,5000,5000.0,0.0,6000.0,1347900.0,606285.0,741615.0,269.6,269.4,269.6,30,5.0,False
2973.0,5000,5000.0,0.0,6000.0,1346900.0,606135.0,740765.0,269.3,269.3,269.3,30,5.0,False
2974.0,5000,5000.0,0.0,6000.0,1345900.0,605385.0,740515.0,269.2,269.0,269.2,30,5.0,False
2975.0,5000,5000.0,0.0,6000.0,1344900.0,605235.0,739665.0,268.9,268.9,268.9,30,5.0,False
2976.0,5000,5000.0,0.0,6000.0,1343900.0,604485.0,739415.0,268.8,268.6,268.8,30,5.0,False
2977.0,5000,5000.0,0.0,6000.0,1342900.0,604335.0,738565.0,268.5,268.5,268.5,30,5.0,False
2978.0,5000,5000.0,0.0,6000.0,1341900.0,603585.0,738315.0,268.4,268.2,268.4,30,5.0,False
2979.0,5000,5000.0,0.0,6000.0,1340900.0,603435.0,737465.0,268.1,268.1,268.1,30,5.0,False
2980.0,5000,5000.0,0.0,6000.0,1339900.0,602685.0,737215.0,268.0,267.8,268.0,30,5.0,False
2981.0,5000,5000.0,0.0,6000.0,1338900.0,602535.0,736365.0,267.7,267.7,267.7,30,5.0,False
2982.0,5000,5000.0,0.0,6000.0,1337900.0,601785.0,736115.0,267.6,267.4,267.6,30,5.0,False
2983.0,5000,5000.0,0.0,6000.0,1336900.0,601635.0,735265.0,267.3,267.3,267.3,30,5.0,False
2984.0,5000,5000.0,0.0,6000.0,1335900.0,600885.0,735015.0,267.2,267.0,267.2,30,5.0,False
2985.0,5000,5000.0,0.0,6000.0,1334900.0,600735.0,734165.0,266.9,266.9,266.9,30,5.0,False
2986.0,5000,5000.0,0.0,6000.0,1333900.0,599985.0,733915.0,266.8,266.6,266.8,30,5.0,False
2987.0,5000,5000.0,0.0,6000.0,1332900.0,599835.0,733065.0,266.5,266.5,266.5,30,5.0,False
2988.0,5000,5000.0,0.0,6000.0,1331900.0,599085.0,732815.0,266.4,266.2,266.4,30,5.0,False
2989.0,5000,5000.0,0.0,6000.0,1330900.0,598935.0,731965.0,266.1,266.1,266.1,30,5.0,False
2990.0,5000,5000.0,0.0,6000.0,1329900.0,598185.0,731715.0,266.0,265.8,266.0,30,5.0,False
2991.0,5000,5000.0,0.0,6000.0,1328900.0,598035.0,730865.0,265.7,265.7,265.7,30,5.0,False
2992.0,5000,5000.0,0.0,6000.0,1327900.0,597285.0,730615.0,265.6,265.4,265.6,30,5.0,False
2993.0,5000,5000.0,0.0,6000.0,1326900.0,597135.0,729765.0,265.3,265.3,265.3,30,5.0,False
2994.0,5000,5000.0,0.0,6000.0,1325900.0,596385.0,729515.0,265.2,265.0,265.2,30,5.0,False
2995.0,5000,5000.0,0.0,6000.0,1324900.0,596235.0,728665.0,264.9,264.9,264.9,30,5.0,False
2996.0,5000,5000.0,0.0,6000.0,1323900.0,595485.0,728415.0,264.8,264.6,264.8,30,5.0,False
2997.0,5000,5000.0,0.0,6000.0,1322900.0,595335.0,727565.0,264.5,264.5,264.5,30,5.0,False
2998.0,5000,5000.0,0.0,6000.0,1321900.0,594585.0,727315.0,264.4,264.2,264.4,30,5.0,False
2999.0,5000,5000.0,0.0,6000.0,1320900.0,594435.0,726465.0,264.1,264.1,264.1,30,5.0,False
3000.0,5000,5000.0,0.0,6000.0,1319900.0,593685.0,726215.0,264.0,263.8,264.0,30,5.0,False
3001.0,5000,5000.0,0.0,6000.0,1318900.0,593535.0,725365.0,263.7,263.7,263.7,30,5.0,False
3002.0,5000,5000.0,0.0,6000.0,1317900.0,592785.0,725115.0,263.6,263.4,263.6,30,5.0,False
3003.0,5000,5000.0,0.0,6000.0,1316900.0,592635.0,724265.0,263.3,263.3,263.3,30,5.0,False
3004.0,5000,5000.0,0.0,6000.0,1315900.0,591885.0,724015.0,263.2,263.0,263.2,30,5.0,False
3005.0,5000,5000.0,0.0,6000.0,1314900.0,591735.0,723165.0,262.9,262.9,262.9,30,5.0,False
3006.0,5000,5000.0,0.0,6000.0,1313900.0,590985.0,722915.0,262.8,262.6,262.8,30,5.0,False
3007.0,5000,5000.0,0.0,6000.0,1312900.0,590835.0,722065.0,262.5,262.5,262.5,30,5.0,False
3008.0,5000,5000.0,0.0,6000.0,1311900.0,590085.0,721815.0,262.4,262.2,262.4,30,5.0,False
3009.0,5000,5000.0,0.0,6000.0,1310900.0,589935.0,720965.0,262.1,262.1,262.1,30,5.0,False
3010.0,5000,5000.0,0.0,6000.0,1309900.0,589185.0,720715.0,262.0,261.8,262.0,30,5.0,False
3011.0,5000,5000.0,0.0,6000.0,1308900.0,589035.0,719865.0,261.7,261.7,261.7,30,5.0,False
3012.0,5000,5000.0,0.0,6000.0,1307900.0,588285.0,719615.0,261.6,261.4,261.6,30,5.0,False
3013.0,5000,5000.0,0.0,6000.0,1306900.0,588135.0,718765.0,261.3,261.3,261.3,30,5.0,False
3014.0,5000,5000.0,0.0,6000.0,1305900.0,587385.0,718515.0,261.2,261.0,261.2,30,5.0,False
3015.0,5000,5000.0,0.0,6000.0,1304900.0,587235.0,717665.0,260.9,260.9,260.9,30,5.0,False
3016.0,5000,5000.0,0.0,6000.0,1303900.0,586485.0,717415.0,260.8,260.6,260.8,30,5.0,False
3017.0,5000,5000.0,0.0,6000.0,1302900.0,586335.0,716565.0,260.5,260.5,260.5,30,5.0,False
3018.0,5000,5000.0,0.0,6000.0,1301900.0,585585.0,716315.0,260.4,260.2,260.4,30,5.0,False
3019.0,5000,5000.0,0.0,6000.0,1300900.0,585435.0,715465.0,260.1,260.1,260.1,30,5.0,False
3020.0,5000,5000.0,0.0,6000.0,1299900.0,584685.0,715215.0,260.0,259.8,260.0,30,5.0,False
3021.0,5000,5000.0,0.0,6000.0,1298900.0,584535.0,714365.0,259.7,259.7,259.7,30,5.0,False
3022.0,5000,5000.0,0.0,6000.0,1297900.0,583785.0,714115.0,259.6,259.4,259.6,30,5.0,False
3023.0,5000,5000.0,0.0,6000.0,1296900.0,583635.0,713265.0,259.3,259.3,259.3,30,5.0,False
3024.0,5000,5000.0,0.0,6000.0,1295900.0,582885.0,713015.0,259.2,259.0,259.2,30,5.0,False
3025.0,5000,5000.0,0.0,6000.0,1294900.0,582735.0,712165.0,258.9,258.9,258.9,30,5.0,False
3026.0,5000,5000.0,0.0,6000.0,1293900.0,581985.0,711915.0,258.8,258.6,258.8,30,5.0,False
3027.0,5000,5000.0,0.0,6000.0,1292900.0,581835.0,711065.0,258.5,258.5,258.5,30,5.0,False
3028.0,5000,5000.0,0.0,6000.0,1291900.0,581085.0,710815.0,258.4,258.2,258.4,30,5.0,False
3029.0,5000,5000.0,0.0,6000.0,1290900.0,580935.0,709965.0,258.1,258.1,258.1,30,5.0,False
3030.0,5000,5000.0,0.0,6000.0,1289900.0,580185.0,709715.0,258.0,257.8,258.0,30,5.0,False
3031.0,5000,5000.0,0.0,6000.0,1288900.0,580035.0,708865.0,257.7,257.7,257.7,30,5.0,False
3032.0,5000,5000.0,0.0,6000.0,1287900.0,579285.0,708615.0,257.6,257.4,257.6,30,5.0,False
3033.0,5000,5000.0,0.0,6000.0,1286900.0,579135.0,707765.0,257.3,257.3,257.3,30,5.0,False
3034.0,5000,5000.0,0.0,6000.0,1285900.0,578385.0,707515.0,257.2,257.0,257.2,30,5.0,False
3035.0,5000,5000.0,0.0,6000.0,1284900.0,578235.0,706665.0,256.9,256.9,256.9,30,5.0,False
3036.0,5000,5000.0,0.0,6000.0,1283900.0,577485.0,706415.0,256.8,256.6,256.8,30,5.0,False
3037.0,5000,5000.0,0.0,6000.0,1282900.0,577335.0,705565.0,256.5,256.5,256.5,30,5.0,False
3038.0,5000,5000.0,0.0,6000.0,1281900.0,576585.0,705315.0,256.4,256.2,256.4,30,5.0,False
3039.0,5000,5000.0,0.0,6000.0,1280900.0,576435.0,704465.0,256.1,256.1,256.1,30,5.0,False
3040.0,5000,5000.0,0.0,6000.0,1279900.0,575685.0,704215.0,256.0,255.8,256.0,30,5.0,False
3041.0,5000,5000.0,0.0,6000.0,1278900.0,575535.0,703365.0,255.7,255.7,255.7,30,5.0,False
3042.0,5000,5000.0,0.0,6000.0,1277900.0,574785.0,703115.0,255.6,255.4,255.6,30,5.0,False
3043.0,5000,5000.0,0.0,6000.0,1276900.0,574635.0,702265.0,255.3,255.3,255.3,30,5.0,False
3044.0,5000,5000.0,0.0,6000.0,1275900.0,573885.0,702015.0,255.2,255.0,255.2,30,5.0,False
3045.0,5000,5000.0,0.0,6000.0,1274900.0,573735.0,701165.0,254.9,254.9,254.9,30,5.0,False
3046.0,5000,5000.0,0.0,6000.0,1273900.0,572985.0,700915.0,254.8,254.6,254.8,30,5.0,False
3047.0,5000,5000.0,0.0,6000.0,1272900.0,572835.0,700065.0,254.5,254.5,254.5,30,5.0,False
3048.0,5000,5000.0,0.0,6000.0,1271900.0,572085.0,699815.0,254.4,254.2,254.4,30,5.0,False
3049.0,5000,5000.0,0.0,6000.0,1270900.0,571935.0,698965.0,254.1,254.1,254.1,30,5.0,False
3050.0,5000,5000.0,0.0,6000.0,1269900.0,571185.0,698715.0,254.0,253.8,254.0,30,5.0,False
3051.0,5000,5000.0,0.0,6000.0,1268900.0,571035.0,697865.0,253.7,253.7,253.7,30,5.0,False
3052.0,5000,5000.0,0.0,6000.0,1267900.0,570285.0,697615.0,253.6,253.4,253.6,30,5.0,False
3053.0,5000,5000.0,0.0,6000.0,1266900.0,570135.0,696765.0,253.3,253.3,253.3,30,5.0,False
3054.0,5000,5000.0,0.0,6000.0,1265900.0,569385.0,696515.0,253.2,253.0,253.2,30,5.0,False
3055.0,5000,5000.0,0.0,6000.0,1264900.0,569235.0,695665.0,252.9,252.9,252.9,30,5.0,False
3056.0,5000,5000.0,0.0,6000.0,1263900.0,568485.0,695415.0,252.8,252.6,252.8,30,5.0,False
3057.0,5000,5000.0,0.0,6000.0,1262900.0,568335.0,694565.0,252.5,252.5,252.5,30,5.0,False
3058.0,5000,5000.0,0.0,6000.0,1261900.0,567585.0,694315.0,252.4,252.2,252.4,30,5.0,False
3059.0,5000,5000.0,0.0,6000.0,1260900.0,567435.0,693465.0,252.1,252.1,252.1,30,5.0,False
3060.0,5000,5000.0,0.0,6000.0,1259900.0,566685.0,693215.0,252.0,251.8,252.0,30,5.0,False
3061.0,5000,5000.0,0.0,6000.0,1258900.0,566535.0,692365.0,251.7,251.7,251.7,30,5.0,False
3062.0,5000,5000.0,0.0,6000.0,1257900.0,565785.0,692115.0,251.6,251.4,251.6,30,5.0,False
3063.0,5000,5000.0,0.0,6000.0,1256900.0,565635.0,691265.0,251.3,251.3,251.3,30,5.0,False
3064.0,5000,5000.0,0.0,6000.0,1255900.0,564885.0,691015.0,251.2,251.0,251.2,30,5.0,False
3065.0,5000,5000.0,0.0,6000.0,1254900.0,564735.0,690165.0,250.9,250.9,250.9,30,5.0,False
3066.0,5000,5000.0,0.0,6000.0,1253900.0,563985.0,689915.0,250.8,250.6,250.8,30,5.0,False
3067.0,5000,5000.0,0.0,6000.0,1252900.0,563835.0,689065.0,250.5,250.5,250.5,30,5.0,False
3068.0,5000,5000.0,0.0,6000.0,1251900.0,563085.0,688815.0,250.4,250.2,250.4,30,5.0,False
3069.0,5000,5000.0,0.0,6000.0,1250900.0,562935.0,687965.0,250.1,250.1,250.1,30,5.0,False
3070.0,5000,5000.0,0.0,6000.0,1249900.0,562185.0,687715.0,250.0,249.8,250.0,30,5.0,False
3071.0,5000,5000.0,0.0,6000.0,1248900.0,562035.0,686865.0,249.7,249.7,249.7,30,5.0,False
3072.0,5000,5000.0,0.0,6000.0,1247900.0,561285.0,686615.0,249.6,249.4,249.6,30,5.0,False
3073.0,5000,5000.0,0.0,6000.0,1246900.0,561135.0,685765.0,249.3,249.3,249.3,30,5.0,False
3074.0,5000,5000.0,0.0,6000.0,1245900.0,560385.0,685515.0,249.2,249.0,249.2,30,5.0,False
3075.0,5000,5000.0,0.0,6000.0,1244900.0,560235.0,684665.0,248.9,248.9,248.9,30,5.0,False
3076.0,5000,5000.0,0.0,6000.0,1243900.0,559485.0,684415.0,248.8,248.6,248.8,30,5.0,False
3077.0,5000,5000.0,0.0,6000.0,1242900.0,559335.0,683565.0,248.5,248.5,248.5,30,5.0,False
3078.0,5000,5000.0,0.0,6000.0,1241900.0,558585.0,683315.0,248.4,248.2,248.4,30,5.0,False
3079.0,5000,5000.0,0.0,6000.0,1240900.0,558435.0,682465.0,248.1,248.1,248.1,30,5.0,False
3080.0,5000,5000.0,0.0,6000.0,1239900.0,557685.0,682215.0,248.0,247.8,248.0,30,5.0,False
3081.0,5000,5000.0,0.0,6000.0,1238900.0,557535.0,681365.0,247.7,247.7,247.7,30,5.0,False
3082.0,5000,5000.0,0.0,6000.0,1237900.0,556785.0,681115.0,247.6,247.4,247.6,30,5.0,False
3083.0,5000,5000.0,0.0,6000.0,1236900.0,556635.0,680265.0,247.3,247.3,247.3,30,5.0,False
3084.0,5000,5000.0,0.0,6000.0,1235900.0,555885.0,680015.0,247.2,247.0,247.2,30,5.0,False
3085.0,5000,5000.0,0.0,6000.0,1234900.0,555735.0,679165.0,246.9,246.9,246.9,30,5.0,False
3086.0,5000,5000.0,0.0,6000.0,1233900.0,554985.0,678915.0,246.8,246.6,246.8,30,5.0,False
3087.0,5000,5000.0,0.0,6000.0,1232900.0,554835.0,678065.0,246.5,246.5,246.5,30,5.0,False
3088.0,5000,5000.0,0.0,6000.0,1231900.0,554085.0,677815.0,246.4,246.2,246.4,30,5.0,False
3089.0,5000,5000.0,0.0,6000.0,1230900.0,553935.0,676965.0,246.1,246.1,246.1,30,5.0,False
3090.0,5000,5000.0,0.0,6000.0,1229900.0,553185.0,676715.0,246.0,245.8,246.0,30,5.0,False
3091.0,5000,5000.0,0.0,6000.0,1228900.0,553035.0,675865.0,245.7,245.7,245.7,30,5.0,False
3092.0,5000,5000.0,0.0,6000.0,1227900.0,552285.0,675615.0,245.6,245.4,245.6,30,5.0,False
3093.0,5000,5000.0,0.0,6000.0,1226900.0,552135.0,674765.0,245.3,245.3,245.3,30,5.0,False
3094.0,5000,5000.0,0.0,6000.0,1225900.0,551385.0,674515.0,245.2,245.0,245.2,30,5.0,False
3095.0,5000,5000.0,0.0,6000.0,1224900.0,551235.0,673665.0,244.9,244.9,244.9,30,5.0,False
3096.0,5000,5000.0,0.0,6000.0,1223900.0,550485.0,673415.0,244.8,244.6,244.8,30,5.0,False
3097.0,5000,5000.0,0.0,6000.0,1222900.0,550335.0,672565.0,244.5,244.5,244.5,30,5.0,False
3098.0,5000,5000.0,0.0,6000.0,1221900.0,549585.0,672315.0,244.4,244.2,244.4,30,5.0,False
3099.0,5000,5000.0,0.0,6000.0,1220900.0,549435.0,671465.0,244.1,244.1,244.1,30,5.0,False
3100.0,5000,5000.0,0.0,6000.0,1219900.0,548685.0,671215.0,244.0,243.8,244.0,30,5.0,False
3101.0,5000,5000.0,0.0,6000.0,1218900.0,548535.0,670365.0,243.7,243.7,243.7,30,5.0,False
3102.0,5000,5000.0,0.0,6000.0,1217900.0,547785.0,670115.0,243.6,243.4,243.6,30,5.0,False
3103.0,5000,5000.0,0.0,6000.0,1216900.0,547635.0,669265.0,243.3,243.3,243.3,30,5.0,False
3104.0,5000,5000.0,0.0,6000.0,1215900.0,546885.0,669015.0,243.2,243.0,243.2,30,5.0,False
3105.0,5000,5000.0,0.0,6000.0,1214900.0,546735.0,668165.0,242.9,242.9,242.9,30,5.0,False
3106.0,5000,5000.0,0.0,6000.0,1213900.0,545985.0,667915.0,242.8,242.6,242.8,30,5.0,False
3107.0,5000,5000.0,0.0,6000.0,1212900.0,545835.0,667065.0,242.5,242.5,242.5,30,5.0,False
3108.0,5000,5000.0,0.0,6000.0,1211900.0,545085.0,666815.0,242.4,242.2,242.4,30,5.0,False
3109.0,5000,5000.0,0.0,6000.0,1210900.0,544935.0,665965.0,242.1,242.1,242.1,30,5.0,False
3110.0,5000,5000.0,0.0,6000.0,1209900.0,544185.0,665715.0,242.0,241.8,242.0,30,5.0,False
3111.0,5000,5000.0,0.0,6000.0,1208900.0,544035.0,664865.0,241.7,241.7,241.7,30,5.0,False
3112.0,5000,5000.0,0.0,6000.0,1207900.0,543285.0,664615.0,241.6,241.4,241.6,30,5.0,False
3113.0,5000,5000.0,0.0,6000.0,1206900.0,543135.0,663765.0,241.3,241.3,241.3,30,5.0,False
3114.0,5000,5000.0,0.0,6000.0,1205900.0,542385.0,663515.0,241.2,241.0,241.2,30,5.0,False
3115.0,5000,5000.0,0.0,6000.0,1204900.0,542235.0,662665.0,240.9,240.9,240.9,30,5.0,False
3116.0,5000,5000.0,0.0,6000.0,1203900.0,541485.0,662415.0,240.8,240.6,240.8,30,5.0,False
3117.0,5000,5000.0,0.0,6000.0,1202900.0,541335.0,661565.0,240.5,240.5,240.5,30,5.0,False
3118.0,5000,5000.0,0.0,6000.0,1201900.0,540585.0,661315.0,240.4,240.2,240.4,30,5.0,False
3119.0,5000,5000.0,0.0,6000.0,1200900.0,540435.0,660465.0,240.1,240.1,240.1,30,5.0,False
3120.0,5000,5000.0,0.0,6000.0,1199900.0,539685.0,660215.0,240.0,239.8,240.0,30,5.0,False
3121.0,5000,5000.0,0.0,6000.0,1198900.0,539535.0,659365.0,239.7,239.7,239.7,30,5.0,False
3122.0,5000,5000.0,0.0,6000.0,1197900.0,538785.0,659115.0,239.6,239.4,239.6,30,5.0,False
3123.0,5000,5000.0,0.0,6000.0,1196900.0,538635.0,658265.0,239.3,239.3,239.3,30,5.0,False
3124.0,5000,5000.0,0.0,6000.0,1195900.0,537885.0,658015.0,239.2,239.0,239.2,30,5.0,False
3125.0,5000,5000.0,0.0,6000.0,1194900.0,537735.0,657165.0,238.9,238.9,238.9,30,5.0,False
3126.0,5000,5000.0,0.0,6000.0,1193900.0,536985.0,656915.0,238.8,238.6,238.8,30,5.0,False
3127.0,5000,5000.0,0.0,6000.0,1192900.0,536835.0,656065.0,238.5,238.5,238.5,30,5.0,False
3128.0,5000,5000.0,0.0,6000.0,1191900.0,536085.0,655815.0,238.4,238.2,238.4,30,5.0,False
3129.0,5000,5000.0,0.0,6000.0,1190900.0,535935.0,654965.0,238.1,238.1,238.1,30,5.0,False
3130.0,5000,5000.0,0.0,6000.0,1189900.0,535185.0,654715.0,238.0,237.8,238.0,30,5.0,False
3131.0,5000,5000.0,0.0,6000.0,1188900.0,535035.0,653865.0,237.7,237.7,237.7,30,5.0,False
3132.0,5000,5000.0,0.0,6000.0,1187900.0,534285.0,653615.0,237.6,237.4,237.6,30,5.0,False
3133.0,5000,5000.0,0.0,6000.0,1186900.0,534135.0,652765.0,237.3,237.3,237.3,30,5.0,False
3134.0,5000,5000.0,0.0,6000.0,1185900.0,533385.0,652515.0,237.2,237.0,237.2,30,5.0,False
3135.0,5000,5000.0,0.0,6000.0,1184900.0,533235.0,651665.0,236.9,236.9,236.9,30,5.0,False
3136.0,5000,5000.0,0.0,6000.0,1183900.0,532485.0,651415.0,236.8,236.6,236.8,30,5.0,False
3137.0,5000,5000.0,0.0,6000.0,1182900.0,532335.0,650565.0,236.5,236.5,236.5,30,5.0,False
3138.0,5000,5000.0,0.0,6000.0,1181900.0,531585.0,650315.0,236.4,236.2,236.4,30,5.0,False
3139.0,5000,5000.0,0.0,6000.0,1180900.0,531435.0,649465.0,236.1,236.1,236.1,30,5.0,False
3140.0,5000,5000.0,0.0,6000.0,1179900.0,530685.0,649215.0,236.0,235.8,236.0,30,5.0,False
3141.0,5000,5000.0,0.0,6000.0,1178900.0,530535.0,648365.0,235.7,235.7,235.7,30,5.0,False
3142.0,5000,5000.0,0.0,6000.0,1177900.0,529785.0,648115.0,235.6,235.4,235.6,30,5.0,False
3143.0,5000,5000.0,0.0,6000.0,1176900.0,529635.0,647265.0,235.3,235.3,235.3,30,5.0,False
3144.0,5000,5000.0,0.0,6000.0,1175900.0,528885.0,647015.0,235.2,235.0,235.2,30,5.0,False
3145.0,5000,5000.0,0.0,6000.0,1174900.0,528735.0,646165.0,234.9,234.9,234.9,30,5.0,False
3146.0,5000,5000.0,0.0,6000.0,1173900.0,527985.0,645915.0,234.8,234.6,234.8,30,5.0,False
3147.0,5000,5000.0,0.0,6000.0,1172900.0,527835.0,645065.0,234.5,234.5,234.5,30,5.0,False
3148.0,5000,5000.0,0.0,6000.0,1171900.0,527085.0,644815.0,234.4,234.2,234.4,30,5.0,False
3149.0,5000,5000.0,0.0,6000.0,1170900.0,526935.0,643965.0,234.1,234.1,234.1,30,5.0,False
3150.0,5000,5000.0,0.0,6000.0,1169900.0,526185.0,643715.0,234.0,233.8,234.0,30,5.0,False
3151.0,5000,5000.0,0.0,6000.0,1168900.0,526035.0,642865.0,233.7,233.7,233.7,30,5.0,False
3152.0,5000,5000.0,0.0,6000.0,1167900.0,525285.0,642615.0,233.6,233.4,233.6,30,5.0,False
3153.0,5000,5000.0,0.0,6000.0,1166900.0,525135.0,641765.0,233.3,233.3,233.3,30,5.0,False
3154.0,5000,5000.0,0.0,6000.0,1165900.0,524385.0,641515.0,233.2,233.0,233.2,30,5.0,False
3155.0,5000,5000.0,0.0,6000.0,1164900.0,524235.0,640665.0,232.9,232.9,232.9,30,5.0,False
3156.0,5000,5000.0,0.0,6000.0,1163900.0,523485.0,640415.0,232.8,232.6,232.8,30,5.0,False
3157.0,5000,5000.0,0.0,6000.0,1162900.0,523335.0,639565.0,232.5,232.5,232.5,30,5.0,False
3158.0,5000,5000.0,0.0,6000.0,1161900.0,522585.0,639315.0,232.4,232.2,232.4,30,5.0,False
3159.0,5000,5000.0,0.0,6000.0,1160900.0,522435.0,638465.0,232.1,232.1,232.1,30,5.0,False
3160.0,5000,5000.0,0.0,6000.0,1159900.0,521685.0,638215.0,232.0,231.8,232.0,30,5.0,False
3161.0,5000,5000.0,0.0,6000.0,1158900.0,521535.0,637365.0,231.7,231.7,231.7,30,5.0,False
3162.0,5000,5000.0,0.0,6000.0,1157900.0,520785.0,637115.0,231.6,231.4,231.6,30,5.0,False
3163.0,5000,5000.0,0.0,6000.0,1156900.0,520635.0,636265.0,231.3,231.3,231.3,30,5.0,False
3164.0,5000,5000.0,0.0,6000.0,1155900.0,519885.0,636015.0,231.2,231.0,231.2,30,5.0,False
3165.0,5000,5000.0,0.0,6000.0,1154900.0,519735.0,635165.0,230.9,230.9,230.9,30,5.0,False
3166.0,5000,5000.0,0.0,6000.0,1153900.0,518985.0,634915.0,230.8,230.6,230.8,30,5.0,False
3167.0,5000,5000.0,0.0,6000.0,1152900.0,518835.0,634065.0,230.5,230.5,230.5,30,5.0,False
3168.0,5000,5000.0,0.0,6000.0,1151900.0,518085.0,633815.0,230.4,230.2,230.4,30,5.0,False
3169.0,5000,5000.0,0.0,6000.0,1150900.0,517935.0,632965.0,230.1,230.1,230.1,30,5.0,False
3170.0,5000,5000.0,0.0,6000.0,1149900.0,517185.0,632715.0,230.0,229.8,230.0,30,5.0,False
3171.0,5000,5000.0,0.0,6000.0,1148900.0,517035.0,631865.0,229.7,229.7,229.7,30,5.0,False
3172.0,5000,5000.0,0.0,6000.0,1147900.0,516285.0,631615.0,229.6,229.4,229.6,30,5.0,False
3173.0,5000,5000.0,0.0,6000.0,1146900.0,516135.0,630765.0,229.3,229.3,229.3,30,5.0,False
3174.0,5000,5000.0,0.0,6000.0,1145900.0,515385.0,630515.0,229.2,229.0,229.2,30,5.0,False
3175.0,5000,5000.0,0.0,6000.0,1144900.0,515235.0,629665.0,228.9,228.9,228.9,30,5.0,False
3176.0,5000,5000.0,0.0,6000.0,1143900.0,514485.0,629415.0,228.8,228.6,228.8,30,5.0,False
3177.0,5000,5000.0,0.0,6000.0,1142900.0,514335.0,628565.0,228.5,228.5,228.5,30,5.0,False
3178.0,5000,5000.0,0.0,6000.0,1141900.0,513585.0,628315.0,228.4,228.2,228.4,30,5.0,False
3179.0,5000,5000.0,0.0,6000.0,1140900.0,513435.0,627465.0,228.1,228.1,228.1,30,5.0,False
3180.0,5000,5000.0,0.0,6000.0,1139900.0,512685.0,627215.0,228.0,227.8,228.0,30,5.0,False
3181.0,5000,5000.0,0.0,6000.0,1138900.0,512535.0,626365.0,227.7,227.7,227.7,30,5.0,False
3182.0,5000,5000.0,0.0,6000.0,1137900.0,511785.0,626115.0,227.6,227.4,227.6,30,5.0,False
3183.0,5000,5000.0,0.0,6000.0,1136900.0,511635.0,625265.0,227.3,227.3,227.3,30,5.0,False
3184.0,5000,5000.0,0.0,6000.0,1135900.0,510885.0,625015.0,227.2,227.0,227.2,30,5.0,False
3185.0,5000,5000.0,0.0,6000.0,1134900.0,510735.0,624165.0,226.9,226.9,226.9,30,5.0,False
3186.0,5000,5000.0,0.0,6000.0,1133900.0,509985.0,623915.0,226.8,226.6,226.8,30,5.0,False
3187.0,5000,5000.0,0.0,6000.0,1132900.0,509835.0,623065.0,226.5,226.5,226.5,30,5.0,False
3188.0,5000,5000.0,0.0,6000.0,1131900.0,509085.0,622815.0,226.4,226.2,226.4,30,5.0,False
3189.0,5000,5000.0,0.0,6000.0,1130900.0,508935.0,621965.0,226.1,226.1,226.1,30,5.0,False
3190.0,5000,5000.0,0.0,6000.0,1129900.0,508185.0,621715.0,226.0,225.8,226.0,30,5.0,False
3191.0,5000,5000.0,0.0,6000.0,1128900.0,508035.0,620865.0,225.7,225.7,225.7,30,5.0,False
3192.0,5000,5000.0,0.0,6000.0,1127900.0,507285.0,620615.0,225.6,225.4,225.6,30,5.0,False
3193.0,5000,5000.0,0.0,6000.0,1126900.0,507135.0,619765.0,225.3,225.3,225.3,30,5.0,False
3194.0,5000,5000.0,0.0,6000.0,1125900.0,506385.0,619515.0,225.2,225.0,225.2,30,5.0,False
3195.0,5000,5000.0,0.0,6000.0,1124900.0,506235.0,618665.0,224.9,224.9,224.9,30,5.0,False
3196.0,5000,5000.0,0.0,6000.0,1123900.0,505485.0,618415.0,224.8,224.6,224.8,30,5.0,False
3197.0,5000,5000.0,0.0,6000.0,1122900.0,505335.0,617565.0,224.5,224.5,224.5,30,5.0,False
3198.0,5000,5000.0,0.0,6000.0,1121900.0,504585.0,617315.0,224.4,224.2,224.4,30,5.0,False
3199.0,5000,5000.0,0.0,6000.0,1120900.0,504435.0,616465.0,224.1,224.1,224.1,30,5.0,False
3200.0,5000,5000.0,0.0,6000.0,1119900.0,503685.0,616215.0,224.0,223.8,224.0,30,5.0,False
3201.0,5000,5000.0,0.0,6000.0,1118900.0,503535.0,615365.0,223.7,223.7,223.7,30,5.0,False
3202.0,5000,5000.0,0.0,6000.0,1117900.0,502785.0,615115.0,223.6,223.4,223.6,30,5.0,False
3203.0,5000,5000.0,0.0,6000.0,1116900.0,502635.0,614265.0,223.3,223.3,223.3,30,5.0,False
3204.0,5000,5000.0,0.0,6000.0,1115900.0,501885.0,614015.0,223.2,223.0,223.2,30,5.0,False
3205.0,5000,5000.0,0.0,6000.0,1114900.0,501735.0,613165.0,222.9,222.9,222.9,30,5.0,False
3206.0,5000,5000.0,0.0,6000.0,1113900.0,500985.0,612915.0,222.8,222.6,222.8,30,5.0,False
3207.0,5000,5000.0,0.0,6000.0,1112900.0,500835.0,612065.0,222.5,222.5,222.5,30,5.0,False
3208.0,5000,5000.0,0.0,6000.0,1111900.0,500085.0,611815.0,222.4,222.2,222.4,30,5.0,False
3209.0,5000,5000.0,0.0,6000.0,1110900.0,499935.0,610965.0,222.1,222.1,222.1,30,5.0,False
3210.0,5000,5000.0,0.0,6000.0,1109900.0,499185.0,610715.0,222.0,221.8,222.0,30,5.0,False
3211.0,5000,5000.0,0.0,6000.0,1108900.0,499035.0,609865.0,221.7,221.7,221.7,30,5.0,False
3212.0,5000,5000.0,0.0,6000.0,1107900.0,498285.0,609615.0,221.6,221.4,221.6,30,5.0,False
3213.0,5000,5000.0,0.0,6000.0,1106900.0,498135.0,608765.0,221.3,221.3,221.3,30,5.0,False
3214.0,5000,5000.0,0.0,6000.0,1105900.0,497385.0,608515.0,221.2,221.0,221.2,30,5.0,False
3215.0,5000,5000.0,0.0,6000.0,1104900.0,497235.0,607665.0,220.9,220.9,220.9,30,5.0,False
3216.0,5000,5000.0,0.0,6000.0,1103900.0,496485.0,607415.0,220.8,220.6,220.8,30,5.0,False
3217.0,5000,5000.0,0.0,6000.0,1102900.0,496335.0,606565.0,220.5,220.5,220.5,30,5.0,False
3218.0,5000,5000.0,0.0,6000.0,1101900.0,495585.0,606315.0,220.4,220.2,220.4,30,5.0,False
3219.0,5000,5000.0,0.0,6000.0,1100900.0,495435.0,605465.0,220.1,220.1,220.1,30,5.0,False
3220.0,5000,5000.0,0.0,6000.0,1099900.0,494685.0,605215.0,220.0,219.8,220.0,30,5.0,False
3221.0,5000,5000.0,0.0,6000.0,1098900.0,494535.0,604365.0,219.7,219.7,219.7,30,5.0,False
3222.0,5000,5000.0,0.0,6000.0,1097900.0,493785.0,604115.0,219.6,219.4,219.6,30,5.0,False
3223.0,5000,5000.0,0.0,6000.0,1096900.0,493635.0,603265.0,219.3,219.3,219.3,30,5.0,False
3224.0,5000,5000.0,0.0,6000.0,1095900.0,492885.0,603015.0,219.2,219.0,219.2,30,5.0,False
3225.0,5000,5000.0,0.0,6000.0,1094900.0,492735.0,602165.0,218.9,218.9,218.9,30,5.0,False
3226.0,5000,5000.0,0.0,6000.0,1093900.0,491985.0,601915.0,218.8,218.6,218.8,30,5.0,False
3227.0,5000,5000.0,0.0,6000.0,1092900.0,491835.0,601065.0,218.5,218.5,218.5,30,5.0,False
3228.0,5000,5000.0,0.0,6000.0,1091900.0,491085.0,600815.0,218.4,218.2,218.4,30,5.0,False
3229.0,5000,5000.0,0.0,6000.0,1090900.0,490935.0,599965.0,218.1,218.1,218.1,30,5.0,False
3230.0,5000,5000.0,0.0,6000.0,1089900.0,490185.0,599715.0,218.0,217.8,218.0,30,5.0,False
3231.0,5000,5000.0,0.0,6000.0,1088900.0,490035.0,598865.0,217.7,217.7,217.7,30,5.0,False
3232.0,5000,5000.0,0.0,6000.0,1087900.0,489285.0,598615.0,217.6,217.4,217.6,30,5.0,False
3233.0,5000,5000.0,0.0,6000.0,1086900.0,489135.0,597765.0,217.3,217.3,217.3,30,5.0,False
3234.0,5000,5000.0,0.0,6000.0,1085900.0,488385.0,597515.0,217.2,217.0,217.2,30,5.0,False
3235.0,5000,5000.0,0.0,6000.0,1084900.0,488235.0,596665.0,216.9,216.9,216.9,30,5.0,False
3236.0,5000,5000.0,0.0,6000.0,1083900.0,487485.0,596415.0,216.8,216.6,216.8,30,5.0,False
3237.0,5000,5000.0,0.0,6000.0,1082900.0,487335.0,595565.0,216.5,216.5,216.5,30,5.0,False
3238.0,5000,5000.0,0.0,6000.0,1081900.0,486585.0,595315.0,216.4,216.2,216.4,30,5.0,False
3239.0,5000,5000.0,0.0,6000.0,1080900.0,486435.0,594465.0,216.1,216.1,216.1,30,5.0,False
3240.0,5000,5000.0,0.0,6000.0,1079900.0,485685.0,594215.0,216.0,215.8,216.0,30,5.0,False
3241.0,5000,5000.0,0.0,6000.0,1078900.0,485535.0,593365.0,215.7,215.7,215.7,30,5.0,False
3242.0,5000,5000.0,0.0,6000.0,1077900.0,484785.0,593115.0,215.6,215.4,215.6,30,5.0,False
3243.0,5000,5000.0,0.0,6000.0,1076900.0,484635.0,592265.0,215.3,215.3,215.3,30,5.0,False
3244.0,5000,5000.0,0.0,6000.0,1075900.0,483885.0,592015.0,215.2,215.0,215.2,30,5.0,False
3245.0,5000,5000.0,0.0,6000.0,1074900.0,483735.0,591165.0,214.9,214.9,214.9,30,5.0,False
3246.0,5000,5000.0,0.0,6000.0,1073900.0,482985.0,590915.0,214.8,214.6,214.8,30,5.0,False
3247.0,5000,5000.0,0.0,6000.0,1072900.0,482835.0,590065.0,214.5,214.5,214.5,30,5.0,False
3248.0,5000,5000.0,0.0,6000.0,1071900.0,482085.0,589815.0,214.4,214.2,214.4,30,5.0,False
3249.0,5000,5000.0,0.0,6000.0,1070900.0,481935.0,588965.0,214.1,214.1,214.1,30,5.0,False
3250.0,5000,5000.0,0.0,6000.0,1069900.0,481185.0,588715.0,214.0,213.8,214.0,30,5.0,False
3251.0,5000,5000.0,0.0,6000.0,1068900.0,481035.0,587865.0,213.7,213.7,213.7,30,5.0,False
3252.0,5000,5000.0,0.0,6000.0,1067900.0,480285.0,587615.0,213.6,213.4,213.6,30,5.0,False
3253.0,5000,5000.0,0.0,6000.0,1066900.0,480135.0,586765.0,213.3,213.3,213.3,30,5.0,False
3254.0,5000,5000.0,0.0,6000.0,1065900.0,479385.0,586515.0,213.2,213.0,213.2,30,5.0,False
3255.0,5000,5000.0,0.0,6000.0,1064900.0,479235.0,585665.0,212.9,212.9,212.9,30,5.0,False
3256.0,5000,5000.0,0.0,6000.0,1063900.0,478485.0,585415.0,212.8,212.6,212.8,30,5.0,False
3257.0,5000,5000.0,0.0,6000.0,1062900.0,478335.0,584565.0,212.5,212.5,212.5,30,5.0,False
3258.0,5000,5000.0,0.0,6000.0,1061900.0,477585.0,584315.0,212.4,212.2,212.4,30,5.0,False
3259.0,5000,5000.0,0.0,6000.0,1060900.0,477435.0,583465.0,212.1,212.1,212.1,30,5.0,False
3260.0,5000,5000.0,0.0,6000.0,1059900.0,476685.0,583215.0,212.0,211.8,212.0,30,5.0,False
3261.0,5000,5000.0,0.0,6000.0,1058900.0,476535.0,582365.0,211.7,211.7,211.7,30,5.0,False
3262.0,5000,5000.0,0.0,6000.0,1057900.0,475785.0,582115.0,211.6,211.4,211.6,30,5.0,False
3263.0,5000,5000.0,0.0,6000.0,1056900.0,475635.0,581265.0,211.3,211.3,211.3,30,5.0,False
3264.0,5000,5000.0,0.0,6000.0,1055900.0,474885.0,581015.0,211.2,211.0,211.2,30,5.0,False
3265.0,5000,5000.0,0.0,6000.0,1054900.0,474735.0,580165.0,210.9,210.9,210.9,30,5.0,False
3266.0,5000,5000.0,0.0,6000.0,1053900.0,473985.0,579915.0,210.8,210.6,210.8,30,5.0,False
3267.0,5000,5000.0,0.0,6000.0,1052900.0,473835.0,579065.0,210.5,210.5,210.5,30,5.0,False
3268.0,5000,5000.0,0.0,6000.0,1051900.0,473085.0,578815.0,210.4,210.2,210.4,30,5.0,False
3269.0,5000,5000.0,0.0,6000.0,1050900.0,472935.0,577965.0,210.1,210.1,210.1,30,5.0,False
3270.0,5000,5000.0,0.0,6000.0,1049900.0,472185.0,577715.0,210.0,209.8,210.0,30,5.0,False
3271.0,5000,5000.0,0.0,6000.0,1048900.0,472035.0,576865.0,209.7,209.7,209.7,30,5.0,False
3272.0,5000,5000.0,0.0,6000.0,1047900.0,471285.0,576615.0,209.6,209.4,209.6,30,5.0,False
3273.0,5000,5000.0,0.0,6000.0,1046900.0,471135.0,575765.0,209.3,209.3,209.3,30,5.0,False
3274.0,5000,5000.0,0.0,6000.0,1045900.0,470385.0,575515.0,209.2,209.0,209.2,30,5.0,False
3275.0,5000,5000.0,0.0,6000.0,1044900.0,470235.0,574665.0,208.9,208.9,208.9,30,5.0,False
3276.0,5000,5000.0,0.0,6000.0,1043900.0,469485.0,574415.0,208.8,208.6,208.8,30,5.0,False
3277.0,5000,5000.0,0.0,6000.0,1042900.0,469335.0,573565.0,208.5,208.5,208.5,30,5.0,False
3278.0,5000,5000.0,0.0,6000.0,1041900.0,468585.0,573315.0,208.4,208.2,208.4,30,5.0,False
3279.0,5000,5000.0,0.0,6000.0,1040900.0,468435.0,572465.0,208.1,208.1,208.1,30,5.0,False
3280.0,5000,5000.0,0.0,6000.0,1039900.0,467685.0,572215.0,208.0,207.8,208.0,30,5.0,False
3281.0,5000,5000.0,0.0,6000.0,1038900.0,467535.0,571365.0,207.7,207.7,207.7,30,5.0,False
3282.0,5000,5000.0,0.0,6000.0,1037900.0,466785.0,571115.0,207.6,207.4,207.6,30,5.0,False
3283.0,5000,5000.0,0.0,6000.0,1036900.0,466635.0,570265.0,207.3,207.3,207.3,30,5.0,False
3284.0,5000,5000.0,0.0,6000.0,1035900.0,465885.0,570015.0,207.2,207.0,207.2,30,5.0,False
3285.0,5000,5000.0,0.0,6000.0,1034900.0,465735.0,569165.0,206.9,206.9,206.9,30,5.0,False
3286.0,5000,5000.0,0.0,6000.0,1033900.0,464985.0,568915.0,206.8,206.6,206.8,30,5.0,False
3287.0,5000,5000.0,0.0,6000.0,1032900.0,464835.0,568065.0,206.5,206.5,206.5,30,5.0,False
3288.0,5000,5000.0,0.0,6000.0,1031900.0,464085.0,567815.0,206.4,206.2,206.4,30,5.0,False
3289.0,5000,5000.0,0.0,6000.0,1030900.0,463935.0,566965.0,206.1,206.1,206.1,30,5.0,False
3290.0,5000,5000.0,0.0,6000.0,1029900.0,463185.0,566715.0,206.0,205.8,206.0,30,5.0,False
3291.0,5000,5000.0,0.0,6000.0,1028900.0,463035.0,565865.0,205.7,205.7,205.7,30,5.0,False
3292.0,5000,5000.0,0.0,6000.0,1027900.0,462285.0,565615.0,205.6,205.4,205.6,30,5.0,False
3293.0,5000,5000.0,0.0,6000.0,1026900.0,462135.0,564765.0,205.3,205.3,205.3,30,5.0,False
3294.0,5000,5000.0,0.0,6000.0,1025900.0,461385.0,564515.0,205.2,205.0,205.2,30,5.0,False
3295.0,5000,5000.0,0.0,6000.0,1024900.0,461235.0,563665.0,204.9,204.9,204.9,30,5.0,False
3296.0,5000,5000.0,0.0,6000.0,1023900.0,460485.0,563415.0,204.8,204.6,204.8,30,5.0,False
3297.0,5000,5000.0,0.0,6000.0,1022900.0,460335.0,562565.0,204.5,204.5,204.5,30,5.0,False
3298.0,5000,5000.0,0.0,6000.0,1021900.0,459585.0,562315.0,204.4,204.2,204.4,30,5.0,False
3299.0,5000,5000.0,0.0,6000.0,1020900.0,459435.0,561465.0,204.1,204.1,204.1,30,5.0,False
3300.0,5000,5000.0,0.0,6000.0,1019900.0,458685.0,561215.0,204.0,203.8,204.0,30,5.0,False
3301.0,5000,5000.0,0.0,6000.0,1018900.0,458535.0,560365.0,203.7,203.7,203.7,30,5.0,False
3302.0,5000,5000.0,0.0,6000.0,1017900.0,457785.0,560115.0,203.6,203.4,203.6,30,5.0,False
3303.0,5000,5000.0,0.0,6000.0,1016900.0,457635.0,559265.0,203.3,203.3,203.3,30,5.0,False
3304.0,5000,5000.0,0.0,6000.0,1015900.0,456885.0,559015.0,203.2,203.0,203.2,30,5.0,False
3305.0,5000,5000.0,0.0,6000.0,1014900.0,456735.0,558165.0,202.9,202.9,202.9,30,5.0,False
3306.0,5000,5000.0,0.0,6000.0,1013900.0,455985.0,557915.0,202.8,202.6,202.8,30,5.0,False
3307.0,5000,5000.0,0.0,6000.0,1012900.0,455835.0,557065.0,202.5,202.5,202.5,30,5.0,False
3308.0,5000,5000.0,0.0,6000.0,1011900.0,455085.0,556815.0,202.4,202.2,202.4,30,5.0,False
3309.0,5000,5000.0,0.0,6000.0,1010900.0,454935.0,555965.0,202.1,202.1,202.1,30,5.0,False
3310.0,5000,5000.0,0.0,6000.0,1009900.0,454185.0,555715.0,202.0,201.8,202.0,30,5.0,False
3311.0,5000,5000.0,0.0,6000.0,1008900.0,454035.0,554865.0,201.7,201.7,201.7,30,5.0,False
3312.0,5000,5000.0,0.0,6000.0,1007900.0,453285.0,554615.0,201.6,201.4,201.6,30,5.0,False
3313.0,5000,5000.0,0.0,6000.0,1006900.0,453135.0,553765.0,201.3,201.3,201.3,30,5.0,False
3314.0,5000,5000.0,0.0,6000.0,1005900.0,452385.0,553515.0,201.2,201.0,201.2,30,5.0,False
3315.0,5000,5000.0,0.0,6000.0,1004900.0,452235.0,552665.0,200.9,200.9,200.9,30,5.0,False
3316.0,5000,5000.0,0.0,6000.0,1003900.0,451485.0,552415.0,200.8,200.6,200.8,30,5.0,False
3317.0,5000,5000.0,0.0,6000.0,1002900.0,451335.0,551565.0,200.5,200.5,200.5,30,5.0,False
3318.0,5000,5000.0,0.0,6000.0,1001900.0,450585.0,551315.0,200.4,200.2,200.4,30,5.0,False
3319.0,5000,5000.0,0.0,6000.0,1000900.0,450435.0,550465.0,200.1,200.1,200.1,30,5.0,False
3320.0,5000,5000.0,0.0,6000.0,999900.0,449685.0,550215.0,200.0,199.8,200.0,30,5.0,False
3321.0,5000,5000.0,0.0,6000.0,998900.0,449535.0,549365.0,199.7,199.7,199.7,30,5.0,False
3322.0,5000,5000.0,0.0,6000.0,997900.0,448785.0,549115.0,199.6,199.4,199.6,30,5.0,False
3323.0,5000,5000.0,0.0,6000.0,996900.0,448635.0,548265.0,199.3,199.3,199.3,30,5.0,False
3324.0,5000,5000.0,0.0,6000.0,995900.0,447885.0,548015.0,199.2,199.0,199.2,30,5.0,False
3325.0,5000,5000.0,0.0,6000.0,994900.0,447735.0,547165.0,198.9,198.9,198.9,30,5.0,False
3326.0,5000,5000.0,0.0,6000.0,993900.0,446985.0,546915.0,198.8,198.6,198.8,30,5.0,False
3327.0,5000,5000.0,0.0,6000.0,992900.0,446835.0,546065.0,198.5,198.5,198.5,30,5.0,False
3328.0,5000,5000.0,0.0,6000.0,991900.0,446085.0,545815.0,198.4,198.2,198.4,30,5.0,False
3329.0,5000,5000.0,0.0,6000.0,990900.0,445935.0,544965.0,198.1,198.1,198.1,30,5.0,False
3330.0,5000,5000.0,0.0,6000.0,989900.0,445185.0,544715.0,198.0,197.8,198.0,30,5.0,False
3331.0,5000,5000.0,0.0,6000.0,988900.0,445035.0,543865.0,197.7,197.7,197.7,30,5.0,False
3332.0,5000,5000.0,0.0,6000.0,987900.0,444285.0,543615.0,197.6,197.4,197.6,30,5.0,False
3333.0,5000,5000.0,0.0,6000.0,986900.0,444135.0,542765.0,197.3,197.3,197.3,30,5.0,False
3334.0,5000,5000.0,0.0,6000.0,985900.0,443385.0,542515.0,197.2,197.0,197.2,30,5.0,False
3335.0,5000,5000.0,0.0,6000.0,984900.0,443235.0,541665.0,196.9,196.9,196.9,30,5.0,False
3336.0,5000,5000.0,0.0,6000.0,983900.0,442485.0,541415.0,196.8,196.6,196.8,30,5.0,False
3337.0,5000,5000.0,0.0,6000.0,982900.0,442335.0,540565.0,196.5,196.5,196.5,30,5.0,False
3338.0,5000,5000.0,0.0,6000.0,981900.0,441585.0,540315.0,196.4,196.2,196.4,30,5.0,False
3339.0,5000,5000.0,0.0,6000.0,980900.0,441435.0,539465.0,196.1,196.1,196.1,30,5.0,False
3340.0,5000,5000.0,0.0,6000.0,979900.0,440685.0,539215.0,196.0,195.8,196.0,30,5.0,False
3341.0,5000,5000.0,0.0,6000.0,978900.0,440535.0,538365.0,195.7,195.7,195.7,30,5.0,False
3342.0,5000,5000.0,0.0,6000.0,977900.0,439785.0,538115.0,195.6,195.4,195.6,30,5.0,False
3343.0,5000,5000.0,0.0,6000.0,976900.0,439635.0,537265.0,195.3,195.3,195.3,30,5.0,False
3344.0,5000,5000.0,0.0,6000.0,975900.0,438885.0,537015.0,195.2,195.0,195.2,30,5.0,False
3345.0,5000,5000.0,0.0,6000.0,974900.0,438735.0,536165.0,194.9,194.9,194.9,30,5.0,False
3346.0,5000,5000.0,0.0,6000.0,973900.0,437985.0,535915.0,194.8,194.6,194.8,30,5.0,False
3347.0,5000,5000.0,0.0,6000.0,972900.0,437835.0,535065.0,194.5,194.5,194.5,30,5.0,False
3348.0,5000,5000.0,0.0,6000.0,971900.0,437085.0,534815.0,194.4,194.2,194.4,30,5.0,False
3349.0,5000,5000.0,0.0,6000.0,970900.0,436935.0,533965.0,194.1,194.1,194.1,30,5.0,False
3350.0,5000,5000.0,0.0,6000.0,969900.0,436185.0,533715.0,194.0,193.8,194.0,30,5.0,False
3351.0,5000,5000.0,0.0,6000.0,968900.0,436035.0,532865.0,193.7,193.7,193.7,30,5.0,False
3352.0,5000,5000.0,0.0,6000.0,967900.0,435285.0,532615.0,193.6,193.4,193.6,30,5.0,False
3353.0,5000,5000.0,0.0,6000.0,966900.0,435135.0,531765.0,193.3,193.3,193.3,30,5.0,False
3354.0,5000,5000.0,0.0,6000.0,965900.0,434385.0,531515.0,193.2,193.0,193.2,30,5.0,False
3355.0,5000,5000.0,0.0,6000.0,964900.0,434235.0,530665.0,192.9,192.9,192.9,30,5.0,False
3356.0,5000,5000.0,0.0,6000.0,963900.0,433485.0,530415.0,192.8,192.6,192.8,30,5.0,False
3357.0,5000,5000.0,0.0,6000.0,962900.0,433335.0,529565.0,192.5,192.5,192.5,30,5.0,False
3358.0,5000,5000.0,0.0,6000.0,961900.0,432585.0,529315.0,192.4,192.2,192.4,30,5.0,False
3359.0,5000,5000.0,0.0,6000.0,960900.0,432435.0,528465.0,192.1,192.1,192.1,30,5.0,False
3360.0,5000,5000.0,0.0,6000.0,959900.0,431685.0,528215.0,192.0,191.8,192.0,30,5.0,False
3361.0,5000,5000.0,0.0,6000.0,958900.0,431535.0,527365.0,191.7,191.7,191.7,30,5.0,False
3362.0,5000,5000.0,0.0,6000.0,957900.0,430785.0,527115.0,191.6,191.4,191.6,30,5.0,False
3363.0,5000,5000.0,0.0,6000.0,956900.0,430635.0,526265.0,191.3,191.3,191.3,30,5.0,False
3364.0,5000,5000.0,0.0,6000.0,955900.0,429885.0,526015.0,191.2,191.0,191.2,30,5.0,False
3365.0,5000,5000.0,0.0,6000.0,954900.0,429735.0,525165.0,190.9,190.9,190.9,30,5.0,False
3366.0,5000,5000.0,0.0,6000.0,953900.0,428985.0,524915.0,190.8,190.6,190.8,30,5.0,False
3367.0,5000,5000.0,0.0,6000.0,952900.0,428835.0,524065.0,190.5,190.5,190.5,30,5.0,False
3368.0,5000,5000.0,0.0,6000.0,951900.0,428085.0,523815.0,190.4,190.2,190.4,30,5.0,False
3369.0,5000,5000.0,0.0,6000.0,950900.0,427935.0,522965.0,190.1,190.1,190.1,30,5.0,False
3370.0,5000,5000.0,0.0,6000.0,949900.0,427185.0,522715.0,190.0,189.8,190.0,30,5.0,False
3371.0,5000,5000.0,0.0,6000.0,948900.0,427035.0,521865.0,189.7,189.7,189.7,30,5.0,False
3372.0,5000,5000.0,0.0,6000.0,947900.0,426285.0,521615.0,189.6,189.4,189.6,30,5.0,False
3373.0,5000,5000.0,0.0,6000.0,946900.0,426135.0,520765.0,189.3,189.3,189.3,30,5.0,False
3374.0,5000,5000.0,0.0,6000.0,945900.0,425385.0,520515.0,189.2,189.0,189.2,30,5.0,False
3375.0,5000,5000.0,0.0,6000.0,944900.0,425235.0,519665.0,188.9,188.9,188.9,30,5.0,False
3376.0,5000,5000.0,0.0,6000.0,943900.0,424485.0,519415.0,188.8,188.6,188.8,30,5.0,False
3377.0,5000,5000.0,0.0,6000.0,942900.0,424335.0,518565.0,188.5,188.5,188.5,30,5.0,False
3378.0,5000,5000.0,0.0,6000.0,941900.0,423585.0,518315.0,188.4,188.2,188.4,30,5.0,False
3379.0,5000,5000.0,0.0,6000.0,940900.0,423435.0,517465.0,188.1,188.1,188.1,30,5.0,False
3380.0,5000,5000.0,0.0,6000.0,939900.0,422685.0,517215.0,188.0,187.8,188.0,30,5.0,False
3381.0,5000,5000.0,0.0,6000.0,938900.0,422535.0,516365.0,187.7,187.7,187.7,30,5.0,False
3382.0,5000,5000.0,0.0,6000.0,937900.0,421785.0,516115.0,187.6,187.4,187.6,30,5.0,False
3383.0,5000,5000.0,0.0,6000.0,936900.0,421635.0,515265.0,187.3,187.3,187.3,30,5.0,False
3384.0,5000,5000.0,0.0,6000.0,935900.0,420885.0,515015.0,187.2,187.0,187.2,30,5.0,False
3385.0,5000,5000.0,0.0,6000.0,934900.0,420735.0,514165.0,186.9,186.9,186.9,30,5.0,False
3386.0,5000,5000.0,0.0,6000.0,933900.0,419985.0,513915.0,186.8,186.6,186.8,30,5.0,False
3387.0,5000,5000.0,0.0,6000.0,932900.0,419835.0,513065.0,186.5,186.5,186.5,30,5.0,False
3388.0,5000,5000.0,0.0,6000.0,931900.0,419085.0,512815.0,186.4,186.2,186.4,30,5.0,False
3389.0,5000,5000.0,0.0,6000.0,930900.0,418935.0,511965.0,186.1,186.1,186.1,30,5.0,False
3390.0,5000,5000.0,0.0,6000.0,929900.0,418185.0,511715.0,186.0,185.8,186.0,30,5.0,False
3391.0,5000,5000.0,0.0,6000.0,928900.0,418035.0,510865.0,185.7,185.7,185.7,30,5.0,False
3392.0,5000,5000.0,0.0,6000.0,927900.0,417285.0,510615.0,185.6,185.4,185.6,30,5.0,False
3393.0,5000,5000.0,0.0,6000.0,926900.0,417135.0,509765.0,185.3,185.3,185.3,30,5.0,False
3394.0,5000,5000.0,0.0,6000.0,925900.0,416385.0,509515.0,185.2,185.0,185.2,30,5.0,False
3395.0,5000,5000.0,0.0,6000.0,924900.0,416235.0,508665.0,184.9,184.9,184.9,30,5.0,False
3396.0,5000,5000.0,0.0,6000.0,923900.0,415485.0,508415.0,184.8,184.6,184.8,30,5.0,False
3397.0,5000,5000.0,0.0,6000.0,922900.0,415335.0,507565.0,184.5,184.5,184.5,30,5.0,False
3398.0,5000,5000.0,0.0,6000.0,921900.0,414585.0,507315.0,184.4,184.2,184.4,30,5.0,False
3399.0,5000,5000.0,0.0,6000.0,920900.0,414435.0,506465.0,184.1,184.1,184.1,30,5.0,False
3400.0,5000,5000.0,0.0,6000.0,919900.0,413685.0,506215.0,184.0,183.8,184.0,30,5.0,False
3401.0,5000,5000.0,0.0,6000.0,918900.0,413535.0,505365.0,183.7,183.7,183.7,30,5.0,False
3402.0,5000,5000.0,0.0,6000.0,917900.0,412785.0,505115.0,183.6,183.4,183.6,30,5.0,False
3403.0,5000,5000.0,0.0,6000.0,916900.0,412635.0,504265.0,183.3,183.3,183.3,30,5.0,False
3404.0,5000,5000.0,0.0,6000.0,915900.0,411885.0,504015.0,183.2,183.0,183.2,30,5.0,False
3405.0,5000,5000.0,0.0,6000.0,914900.0,411735.0,503165.0,182.9,182.9,182.9,30,5.0,False
3406.0,5000,5000.0,0.0,6000.0,913900.0,410985.0,502915.0,182.8,182.6,182.8,30,5.0,False
3407.0,5000,5000.0,0.0,6000.0,912900.0,410835.0,502065.0,182.5,182.5,182.5,30,5.0,False
3408.0,5000,5000.0,0.0,6000.0,911900.0,410085.0,501815.0,182.4,182.2,182.4,30,5.0,False
3409.0,5000,5000.0,0.0,6000.0,910900.0,409935.0,500965.0,182.1,182.1,182.1,30,5.0,False
3410.0,5000,5000.0,0.0,6000.0,909900.0,409185.0,500715.0,182.0,181.8,182.0,30,5.0,False
3411.0,5000,5000.0,0.0,6000.0,908900.0,409035.0,499865.0,181.7,181.7,181.7,30,5.0,False
3412.0,5000,5000.0,0.0,6000.0,907900.0,408285.0,499615.0,181.6,181.4,181.6,30,5.0,False
3413.0,5000,5000.0,0.0,6000.0,906900.0,408135.0,498765.0,181.3,181.3,181.3,30,5.0,False
3414.0,5000,5000.0,0.0,6000.0,905900.0,407385.0,498515.0,181.2,181.0,181.2,30,5.0,False
3415.0,5000,5000.0,0.0,6000.0,904900.0,407235.0,497665.0,180.9,180.9,180.9,30,5.0,False
3416.0,5000,5000.0,0.0,6000.0,903900.0,406485.0,497415.0,180.8,180.6,180.8,30,5.0,False
3417.0,5000,5000.0,0.0,6000.0,902900.0,406335.0,496565.0,180.5,180.5,180.5,30,5.0,False
3418.0,5000,5000.0,0.0,6000.0,901900.0,405585.0,496315.0,180.4,180.2,180.4,30,5.0,False
3419.0,5000,5000.0,0.0,6000.0,900900.0,405435.0,495465.0,180.1,180.1,180.1,30,5.0,False
3420.0,5000,5000.0,0.0,6000.0,899900.0,404685.0,495215.0,180.0,179.8,180.0,30,5.0,False
3421.0,5000,5000.0,0.0,6000.0,898900.0,404535.0,494365.0,179.7,179.7,179.7,30,5.0,False
3422.0,5000,5000.0,0.0,6000.0,897900.0,403785.0,494115.0,179.6,179.4,179.6,30,5.0,False
3423.0,5000,5000.0,0.0,6000.0,896900.0,403635.0,493265.0,179.3,179.3,179.3,30,5.0,False
3424.0,5000,5000.0,0.0,6000.0,895900.0,402885.0,493015.0,179.2,179.0,179.2,30,5.0,False
3425.0,5000,5000.0,0.0,6000.0,894900.0,402735.0,492165.0,178.9,178.9,178.9,30,5.0,False
3426.0,5000,5000.0,0.0,6000.0,893900.0,401985.0,491915.0,178.8,178.6,178.8,30,5.0,False
3427.0,5000,5000.0,0.0,6000.0,892900.0,401835.0,491065.0,178.5,178.5,178.5,30,5.0,False
3428.0,5000,5000.0,0.0,6000.0,891900.0,401085.0,490815.0,178.4,178.2,178.4,30,5.0,False
3429.0,5000,5000.0,0.0,6000.0,890900.0,400935.0,489965.0,178.1,178.1,178.1,30,5.0,False
3430.0,5000,5000.0,0.0,6000.0,889900.0,400185.0,489715.0,178.0,177.8,178.0,30,5.0,False
3431.0,5000,5000.0,0.0,6000.0,888900.0,400035.0,488865.0,177.7,177.7,177.7,30,5.0,False
3432.0,5000,5000.0,0.0,6000.0,887900.0,399285.0,488615.0,177.6,177.4,177.6,30,5.0,False
3433.0,5000,5000.0,0.0,6000.0,886900.0,399135.0,487765.0,177.3,177.3,177.3,30,5.0,False
3434.0,5000,5000.0,0.0,6000.0,885900.0,398385.0,487515.0,177.2,177.0,177.2,30,5.0,False
3435.0,5000,5000.0,0.0,6000.0,884900.0,398235.0,486665.0,176.9,176.9,176.9,30,5.0,False
3436.0,5000,5000.0,0.0,6000.0,883900.0,397485.0,486415.0,176.8,176.6,176.8,30,5.0,False
3437.0,5000,5000.0,0.0,6000.0,882900.0,397335.0,485565.0,176.5,176.5,176.5,30,5.0,False
3438.0,5000,5000.0,0.0,6000.0,881900.0,396585.0,485315.0,176.4,176.2,176.4,30,5.0,False
3439.0,5000,5000.0,0.0,6000.0,880900.0,396435.0,484465.0,176.1,176.1,176.1,30,5.0,False
3440.0,5000,5000.0,0.0,6000.0,879900.0,395685.0,484215.0,176.0,175.8,176.0,30,5.0,False
3441.0,5000,5000.0,0.0,6000.0,878900.0,395535.0,483365.0,175.7,175.7,175.7,30,5.0,False
3442.0,5000,5000.0,0.0,6000.0,877900.0,394785.0,483115.0,175.6,175.4,175.6,30,5.0,False
3443.0,5000,5000.0,0.0,6000.0,876900.0,394635.0,482265.0,175.3,175.3,175.3,30,5.0,False
3444.0,5000,5000.0,0.0,6000.0,875900.0,393885.0,482015.0,175.2,175.0,175.2,30,5.0,False
3445.0,5000,5000.0,0.0,6000.0,874900.0,393735.0,481165.0,174.9,174.9,174.9,30,5.0,False
3446.0,5000,5000.0,0.0,6000.0,873900.0,392985.0,480915.0,174.8,174.6,174.8,30,5.0,False
3447.0,5000,5000.0,0.0,6000.0,872900.0,392835.0,480065.0,174.5,174.5,174.5,30,5.0,False
3448.0,5000,5000.0,0.0,6000.0,871900.0,392085.0,479815.0,174.4,174.2,174.4,30,5.0,False
3449.0,5000,5000.0,0.0,6000.0,870900.0,391935.0,478965.0,174.1,174.1,174.1,30,5.0,False
3450.0,5000,5000.0,0.0,6000.0,869900.0,391185.0,478715.0,174.0,173.8,174.0,30,5.0,False
3451.0,5000,5000.0,0.0,6000.0,868900.0,391035.0,477865.0,173.7,173.7,173.7,30,5.0,False
3452.0,5000,5000.0,0.0,6000.0,867900.0,390285.0,477615.0,173.6,173.4,173.6,30,5.0,False
3453.0,5000,5000.0,0.0,6000.0,866900.0,390135.0,476765.0,173.3,173.3,173.3,30,5.0,False
3454.0,5000,5000.0,0.0,6000.0,865900.0,389385.0,476515.0,173.2,173.0,173.2,30,5.0,False
3455.0,5000,5000.0,0.0,6000.0,864900.0,389235.0,475665.0,172.9,172.9,172.9,30,5.0,False
3456.0,5000,5000.0,0.0,6000.0,863900.0,388485.0,475415.0,172.8,172.6,172.8,30,5.0,False
3457.0,5000,5000.0,0.0,6000.0,862900.0,388335.0,474565.0,172.5,172.5,172.5,30,5.0,False
3458.0,5000,5000.0,0.0,6000.0,861900.0,387585.0,474315.0,172.4,172.2,172.4,30,5.0,False
3459.0,5000,5000.0,0.0,6000.0,860900.0,387435.0,473465.0,172.1,172.1,172.1,30,5.0,False
3460.0,5000,5000.0,0.0,6000.0,859900.0,386685.0,473215.0,172.0,171.8,172.0,30,5.0,False
3461.0,5000,5000.0,0.0,6000.0,858900.0,386535.0,472365.0,171.7,171.7,171.7,30,5.0,False
3462.0,5000,5000.0,0.0,6000.0,857900.0,385785.0,472115.0,171.6,171.4,171.6,30,5.0,False
3463.0,5000,5000.0,0.0,6000.0,856900.0,385635.0,471265.0,171.3,171.3,171.3,30,5.0,False
3464.0,5000,5000.0,0.0,6000.0,855900.0,384885.0,471015.0,171.2,171.0,171.2,30,5.0,False
3465.0,5000,5000.0,0.0,6000.0,854900.0,384735.0,470165.0,170.9,170.9,170.9,30,5.0,False
3466.0,5000,5000.0,0.0,6000.0,853900.0,383985.0,469915.0,170.8,170.6,170.8,30,5.0,False
3467.0,5000,5000.0,0.0,6000.0,852900.0,383835.0,469065.0,170.5,170.5,170.5,30,5.0,False
3468.0,5000,5000.0,0.0,6000.0,851900.0,383085.0,468815.0,170.4,170.2,170.4,30,5.0,False
3469.0,5000,5000.0,0.0,6000.0,850900.0,382935.0,467965.0,170.1,170.1,170.1,30,5.0,False
3470.0,5000,5000.0,0.0,6000.0,849900.0,382185.0,467715.0,170.0,169.8,170.0,30,5.0,False
3471.0,5000,5000.0,0.0,6000.0,848900.0,382035.0,466865.0,169.7,169.7,169.7,30,5.0,False
3472.0,5000,5000.0,0.0,6000.0,847900.0,381285.0,466615.0,169.6,169.4,169.6,30,5.0,False
3473.0,5000,5000.0,0.0,6000.0,846900.0,381135.0,465765.0,169.3,169.3,169.3,30,5.0,False
3474.0,5000,5000.0,0.0,6000.0,845900.0,380385.0,465515.0,169.2,169.0,169.2,30,5.0,False
3475.0,5000,5000.0,0.0,6000.0,844900.0,380235.0,464665.0,168.9,168.9,168.9,30,5.0,False
3476.0,5000,5000.0,0.0,6000.0,843900.0,379485.0,464415.0,168.8,168.6,168.8,30,5.0,False
3477.0,5000,5000.0,0.0,6000.0,842900.0,379335.0,463565.0,168.5,168.5,168.5,30,5.0,False
3478.0,5000,5000.0,0.0,6000.0,841900.0,378585.0,463315.0,168.4,168.2,168.4,30,5.0,False
3479.0,5000,5000.0,0.0,6000.0,840900.0,378435.0,462465.0,168.1,168.1,168.1,30,5.0,False
3480.0,5000,5000.0,0.0,6000.0,839900.0,377685.0,462215.0,168.0,167.8,168.0,30,5.0,False
3481.0,5000,5000.0,0.0,6000.0,838900.0,377535.0,461365.0,167.7,167.7,167.7,30,5.0,False
3482.0,5000,5000.0,0.0,6000.0,837900.0,376785.0,461115.0,167.6,167.4,167.6,30,5.0,False
3483.0,5000,5000.0,0.0,6000.0,836900.0,376635.0,460265.0,167.3,167.3,167.3,30,5.0,False
3484.0,5000,5000.0,0.0,6000.0,835900.0,375885.0,460015.0,167.2,167.0,167.2,30,5.0,False
3485.0,5000,5000.0,0.0,6000.0,834900.0,375735.0,459165.0,166.9,166.9,166.9,30,5.0,False
3486.0,5000,5000.0,0.0,6000.0,833900.0,374985.0,458915.0,166.8,166.6,166.8,30,5.0,False
3487.0,5000,5000.0,0.0,6000.0,832900.0,374835.0,458065.0,166.5,166.5,166.5,30,5.0,False
3488.0,5000,5000.0,0.0,6000.0,831900.0,374085.0,457815.0,166.4,166.2,166.4,30,5.0,False
3489.0,5000,5000.0,0.0,6000.0,830900.0,373935.0,456965.0,166.1,166.1,166.1,30,5.0,False
3490.0,5000,5000.0,0.0,6000.0,829900.0,373185.0,456715.0,166.0,165.8,166.0,30,5.0,False
3491.0,5000,5000.0,0.0,6000.0,828900.0,373035.0,455865.0,165.7,165.7,165.7,30,5.0,False
3492.0,5000,5000.0,0.0,6000.0,827900.0,372285.0,455615.0,165.6,165.4,165.6,30,5.0,False
3493.0,5000,5000.0,0.0,6000.0,826900.0,372135.0,454765.0,165.3,165.3,165.3,30,5.0,False
3494.0,5000,5000.0,0.0,6000.0,825900.0,371385.0,454515.0,165.2,165.0,165.2,30,5.0,False
3495.0,5000,5000.0,0.0,6000.0,824900.0,371235.0,453665.0,164.9,164.9,164.9,30,5.0,False
3496.0,5000,5000.0,0.0,6000.0,823900.0,370485.0,453415.0,164.8,164.6,164.8,30,5.0,False
3497.0,5000,5000.0,0.0,6000.0,822900.0,370335.0,452565.0,164.5,164.5,164.5,30,5.0,False
3498.0,5000,5000.0,0.0,6000.0,821900.0,369585.0,452315.0,164.4,164.2,164.4,30,5.0,False
3499.0,5000,5000.0,0.0,6000.0,820900.0,369435.0,451465.0,164.1,164.1,164.1,30,5.0,False
3500.0,5000,5000.0,0.0,6000.0,819900.0,368685.0,451215.0,164.0,163.8,164.0,30,5.0,False
3501.0,5000,5000.0,0.0,6000.0,818900.0,368535.0,450365.0,163.7,163.7,163.7,30,5.0,False
3502.0,5000,5000.0,0.0,6000.0,817900.0,367785.0,450115.0,163.6,163.4,163.6,30,5.0,False
3503.0,5000,5000.0,0.0,6000.0,816900.0,367635.0,449265.0,163.3,163.3,163.3,30,5.0,False
3504.0,5000,5000.0,0.0,6000.0,815900.0,366885.0,449015.0,163.2,163.0,163.2,30,5.0,False
3505.0,5000,5000.0,0.0,6000.0,814900.0,366735.0,448165.0,162.9,162.9,162.9,30,5.0,False
3506.0,5000,5000.0,0.0,6000.0,813900.0,365985.0,447915.0,162.8,162.6,162.8,30,5.0,False
3507.0,5000,5000.0,0.0,6000.0,812900.0,365835.0,447065.0,162.5,162.5,162.5,30,5.0,False
3508.0,5000,5000.0,0.0,6000.0,811900.0,365085.0,446815.0,162.4,162.2,162.4,30,5.0,False
3509.0,5000,5000.0,0.0,6000.0,810900.0,364935.0,445965.0,162.1,162.1,162.1,30,5.0,False
3510.0,5000,5000.0,0.0,6000.0,809900.0,364185.0,445715.0,162.0,161.8,162.0,30,5.0,False
3511.0,5000,5000.0,0.0,6000.0,808900.0,364035.0,444865.0,161.7,161.7,161.7,30,5.0,False
3512.0,5000,5000.0,0.0,6000.0,807900.0,363285.0,444615.0,161.6,161.4,161.6,30,5.0,False
3513.0,5000,5000.0,0.0,6000.0,806900.0,363135.0,443765.0,161.3,161.3,161.3,30,5.0,False
3514.0,5000,5000.0,0.0,6000.0,805900.0,362385.0,443515.0,161.2,161.0,161.2,30,5.0,False
3515.0,5000,5000.0,0.0,6000.0,804900.0,362235.0,442665.0,160.9,160.9,160.9,30,5.0,False
3516.0,5000,5000.0,0.0,6000.0,803900.0,361485.0,442415.0,160.8,160.6,160.8,30,5.0,False
3517.0,5000,5000.0,0.0,6000.0,802900.0,361335.0,441565.0,160.5,160.5,160.5,30,5.0,False
3518.0,5000,5000.0,0.0,6000.0,801900.0,360585.0,441315.0,160.4,160.2,160.4,30,5.0,False
3519.0,5000,5000.0,0.0,6000.0,800900.0,360435.0,440465.0,160.1,160.1,160.1,30,5.0,False
3520.0,5000,5000.0,0.0,6000.0,799900.0,359685.0,440215.0,160.0,159.8,160.0,30,5.0,False
3521.0,5000,5000.0,0.0,6000.0,798900.0,359535.0,439365.0,159.7,159.7,159.7,30,5.0,False
3522.0,5000,5000.0,0.0,6000.0,797900.0,358785.0,439115.0,159.6,159.4,159.6,30,5.0,False
3523.0,5000,5000.0,0.0,6000.0,796900.0,358635.0,438265.0,159.3,159.3,159.3,30,5.0,False
3524.0,5000,5000.0,0.0,6000.0,795900.0,357885.0,438015.0,159.2,159.0,159.2,30,5.0,False
3525.0,5000,5000.0,0.0,6000.0,794900.0,357735.0,437165.0,158.9,158.9,158.9,30,5.0,False
3526.0,5000,5000.0,0.0,6000.0,793900.0,356985.0,436915.0,158.8,158.6,158.8,30,5.0,False
3527.0,5000,5000.0,0.0,6000.0,792900.0,356835.0,436065.0,158.5,158.5,158.5,30,5.0,False
3528.0,5000,5000.0,0.0,6000.0,791900.0,356085.0,435815.0,158.4,158.2,158.4,30,5.0,False
3529.0,5000,5000.0,0.0,6000.0,790900.0,355935.0,434965.0,158.1,158.1,158.1,30,5.0,False
3530.0,5000,5000.0,0.0,6000.0,789900.0,355185.0,434715.0,158.0,157.8,158.0,30,5.0,False
3531.0,5000,5000.0,0.0,6000.0,788900.0,355035.0,433865.0,157.7,157.7,157.7,30,5.0,False
3532.0,5000,5000.0,0.0,6000.0,787900.0,354285.0,433615.0,157.6,157.4,157.6,30,5.0,False
3533.0,5000,5000.0,0.0,6000.0,786900.0,354135.0,432765.0,157.3,157.3,157.3,30,5.0,False
3534.0,5000,5000.0,0.0,6000.0,785900.0,353385.0,432515.0,157.2,157.0,157.2,30,5.0,False
3535.0,5000,5000.0,0.0,6000.0,784900.0,353235.0,431665.0,156.9,156.9,156.9,30,5.0,False
3536.0,5000,5000.0,0.0,6000.0,783900.0,352485.0,431415.0,156.8,156.6,156.8,30,5.0,False
3537.0,5000,5000.0,0.0,6000.0,782900.0,352335.0,430565.0,156.5,156.5,156.5,30,5.0,False
3538.0,5000,5000.0,0.0,6000.0,781900.0,351585.0,430315.0,156.4,156.2,156.4,30,5.0,False
3539.0,5000,5000.0,0.0,6000.0,780900.0,351435.0,429465.0,156.1,156.1,156.1,30,5.0,False
3540.0,5000,5000.0,0.0,6000.0,779900.0,350685.0,429215.0,156.0,155.8,156.0,30,5.0,False
3541.0,5000,5000.0,0.0,6000.0,778900.0,350535.0,428365.0,155.7,155.7,155.7,30,5.0,False
3542.0,5000,5000.0,0.0,6000.0,777900.0,349785.0,428115.0,155.6,155.4,155.6,30,5.0,False
3543.0,5000,5000.0,0.0,6000.0,776900.0,349635.0,427265.0,155.3,155.3,155.3,30,5.0,False
3544.0,5000,5000.0,0.0,6000.0,775900.0,348885.0,427015.0,155.2,155.0,155.2,30,5.0,False
3545.0,5000,5000.0,0.0,6000.0,774900.0,348735.0,426165.0,154.9,154.9,154.9,30,5.0,False
3546.0,5000,5000.0,0.0,6000.0,773900.0,347985.0,425915.0,154.8,154.6,154.8,30,5.0,False
3547.0,5000,5000.0,0.0,6000.0,772900.0,347835.0,425065.0,154.5,154.5,154.5,30,5.0,False
3548.0,5000,5000.0,0.0,6000.0,771900.0,347085.0,424815.0,154.4,154.2,154.4,30,5.0,False
3549.0,5000,5000.0,0.0,6000.0,770900.0,346935.0,423965.0,154.1,154.1,154.1,30,5.0,False
3550.0,5000,5000.0,0.0,6000.0,769900.0,346185.0,423715.0,154.0,153.8,154.0,30,5.0,False
3551.0,5000,5000.0,0.0,6000.0,768900.0,346035.0,422865.0,153.7,153.7,153.7,30,5.0,False
3552.0,5000,5000.0,0.0,6000.0,767900.0,345285.0,422615.0,153.6,153.4,153.6,30,5.0,False
3553.0,5000,5000.0,0.0,6000.0,766900.0,345135.0,421765.0,153.3,153.3,153.3,30,5.0,False
3554.0,5000,5000.0,0.0,6000.0,765900.0,344385.0,421515.0,153.2,153.0,153.2,30,5.0,False
3555.0,5000,5000.0,0.0,6000.0,764900.0,344235.0,420665.0,152.9,152.9,152.9,30,5.0,False
3556.0,5000,5000.0,0.0,6000.0,763900.0,343485.0,420415.0,152.8,152.6,152.8,30,5.0,False
3557.0,5000,5000.0,0.0,6000.0,762900.0,343335.0,419565.0,152.5,152.5,152.5,30,5.0,False
3558.0,5000,5000.0,0.0,6000.0,761900.0,342585.0,419315.0,152.4,152.2,152.4,30,5.0,False
3559.0,5000,5000.0,0.0,6000.0,760900.0,342435.0,418465.0,152.1,152.1,152.1,30,5.0,False
3560.0,5000,5000.0,0.0,6000.0,759900.0,341685.0,418215.0,152.0,151.8,152.0,30,5.0,False
3561.0,5000,5000.0,0.0,6000.0,758900.0,341535.0,417365.0,151.7,151.7,151.7,30,5.0,False
3562.0,5000,5000.0,0.0,6000.0,757900.0,340785.0,417115.0,151.6,151.4,151.6,30,5.0,False
3563.0,5000,5000.0,0.0,6000.0,756900.0,340635.0,416265.0,151.3,151.3,151.3,30,5.0,False
3564.0,5000,5000.0,0.0,6000.0,755900.0,339885.0,416015.0,151.2,151.0,151.2,30,5.0,False
3565.0,5000,5000.0,0.0,6000.0,754900.0,339735.0,415165.0,150.9,150.9,150.9,30,5.0,False
3566.0,5000,5000.0,0.0,6000.0,753900.0,338985.0,414915.0,150.8,150.6,150.8,30,5.0,False
3567.0,5000,5000.0,0.0,6000.0,752900.0,338835.0,414065.0,150.5,150.5,150.5,30,5.0,False
3568.0,5000,5000.0,0.0,6000.0,751900.0,338085.0,413815.0,150.4,150.2,150.4,30,5.0,False
3569.0,5000,5000.0,0.0,6000.0,750900.0,337935.0,412965.0,150.1,150.1,150.1,30,5.0,False
3570.0,5000,5000.0,0.0,6000.0,749900.0,337185.0,412715.0,150.0,149.8,150.0,30,5.0,False
3571.0,5000,5000.0,0.0,6000.0,748900.0,337035.0,411865.0,149.7,149.7,149.7,30,5.0,False
3572.0,5000,5000.0,0.0,6000.0,747900.0,336285.0,411615.0,149.6,149.4,149.6,30,5.0,False
3573.0,5000,5000.0,0.0,6000.0,746900.0,336135.0,410765.0,149.3,149.3,149.3,30,5.0,False
3574.0,5000,5000.0,0.0,6000.0,745900.0,335385.0,410515.0,149.2,149.0,149.2,30,5.0,False
3575.0,5000,5000.0,0.0,6000.0,744900.0,335235.0,409665.0,148.9,148.9,148.9,30,5.0,False
3576.0,5000,5000.0,0.0,6000.0,743900.0,334485.0,409415.0,148.8,148.6,148.8,30,5.0,False
3577.0,5000,5000.0,0.0,6000.0,742900.0,334335.0,408565.0,148.5,148.5,148.5,30,5.0,False
3578.0,5000,5000.0,0.0,6000.0,741900.0,333585.0,408315.0,148.4,148.2,148.4,30,5.0,False
3579.0,5000,5000.0,0.0,6000.0,740900.0,333435.0,407465.0,148.1,148.1,148.1,30,5.0,False
3580.0,5000,5000.0,0.0,6000.0,739900.0,332685.0,407215.0,148.0,147.8,148.0,30,5.0,False
3581.0,5000,5000.0,0.0,6000.0,738900.0,332535.0,406365.0,147.7,147.7,147.7,30,5.0,False
3582.0,5000,5000.0,0.0,6000.0,737900.0,331785.0,406115.0,147.6,147.4,147.6,30,5.0,False
3583.0,5000,5000.0,0.0,6000.0,736900.0,331635.0,405265.0,147.3,147.3,147.3,30,5.0,False
3584.0,5000,5000.0,0.0,6000.0,735900.0,330885.0,405015.0,147.2,147.0,147.2,30,5.0,False
3585.0,5000,5000.0,0.0,6000.0,734900.0,330735.0,404165.0,146.9,146.9,146.9,30,5.0,False
3586.0,5000,5000.0,0.0,6000.0,733900.0,329985.0,403915.0,146.8,146.6,146.8,30,5.0,False
3587.0,5000,5000.0,0.0,6000.0,732900.0,329835.0,403065.0,146.5,146.5,146.5,30,5.0,False
3588.0,5000,5000.0,0.0,6000.0,731900.0,329085.0,402815.0,146.4,146.2,146.4,30,5.0,False
3589.0,5000,5000.0,0.0,6000.0,730900.0,328935.0,401965.0,146.1,146.1,146.1,30,5.0,False
3590.0,5000,5000.0,0.0,6000.0,729900.0,328185.0,401715.0,146.0,145.8,146.0,30,5.0,False
3591.0,5000,5000.0,0.0,6000.0,728900.0,328035.0,400865.0,145.7,145.7,145.7,30,5.0,False
3592.0,5000,5000.0,0.0,6000.0,727900.0,327285.0,400615.0,145.6,145.4,145.6,30,5.0,False
3593.0,5000,5000.0,0.0,6000.0,726900.0,327135.0,399765.0,145.3,145.3,145.3,30,5.0,False
3594.0,5000,5000.0,0.0,6000.0,725900.0,326385.0,399515.0,145.2,145.0,145.2,30,5.0,False
3595.0,5000,5000.0,0.0,6000.0,724900.0,326235.0,398665.0,144.9,144.9,144.9,30,5.0,False
3596.0,5000,5000.0,0.0,6000.0,723900.0,325485.0,398415.0,144.8,144.6,144.8,30,5.0,False
3597.0,5000,5000.0,0.0,6000.0,722900.0,325335.0,397565.0,144.5,144.5,144.5,30,5.0,False
3598.0,5000,5000.0,0.0,6000.0,721900.0,324585.0,397315.0,144.4,144.2,144.4,30,5.0,False
3599.0,5000,5000.0,0.0,6000.0,720900.0,324435.0,396465.0,144.1,144.1,144.1,30,5.0,False
3600.0,5000,5000.0,0.0,6000.0,719900.0,323685.0,396215.0,144.0,143.8,144.0,30,5.0,False
3601.0,5000,5000.0,0.0,6000.0,718900.0,323535.0,395365.0,143.7,143.7,143.7,30,5.0,False
3602.0,5000,5000.0,0.0,6000.0,717900.0,322785.0,395115.0,143.6,143.4,143.6,30,5.0,False
3603.0,5000,5000.0,0.0,6000.0,716900.0,322635.0,394265.0,143.3,143.3,143.3,30,5.0,False
3604.0,5000,5000.0,0.0,6000.0,715900.0,321885.0,394015.0,143.2,143.0,143.2,30,5.0,False
3605.0,5000,5000.0,0.0,6000.0,714900.0,321735.0,393165.0,142.9,142.9,142.9,30,5.0,False
3606.0,5000,5000.0,0.0,6000.0,713900.0,320985.0,392915.0,142.8,142.6,142.8,30,5.0,False
3607.0,5000,5000.0,0.0,6000.0,712900.0,320835.0,392065.0,142.5,142.5,142.5,30,5.0,False
3608.0,5000,5000.0,0.0,6000.0,711900.0,320085.0,391815.0,142.4,142.2,142.4,30,5.0,False
3609.0,5000,5000.0,0.0,6000.0,710900.0,319935.0,390965.0,142.1,142.1,142.1,30,5.0,False
3610.0,5000,5000.0,0.0,6000.0,709900.0,319185.0,390715.0,142.0,141.8,142.0,30,5.0,False
3611.0,5000,5000.0,0.0,6000.0,708900.0,319035.0,389865.0,141.7,141.7,141.7,30,5.0,False
3612.0,5000,5000.0,0.0,6000.0,707900.0,318285.0,389615.0,141.6,141.4,141.6,30,5.0,False
3613.0,5000,5000.0,0.0,6000.0,706900.0,318135.0,388765.0,141.3,141.3,141.3,30,5.0,False
3614.0,5000,5000.0,0.0,6000.0,705900.0,317385.0,388515.0,141.2,141.0,141.2,30,5.0,False
3615.0,5000,5000.0,0.0,6000.0,704900.0,317235.0,387665.0,140.9,140.9,140.9,30,5.0,False
3616.0,5000,5000.0,0.0,6000.0,703900.0,316485.0,387415.0,140.8,140.6,140.8,30,5.0,False
3617.0,5000,5000.0,0.0,6000.0,702900.0,316335.0,386565.0,140.5,140.5,140.5,30,5.0,False
3618.0,5000,5000.0,0.0,6000.0,701900.0,315585.0,386315.0,140.4,140.2,140.4,30,5.0,False
3619.0,5000,5000.0,0.0,6000.0,700900.0,315435.0,385465.0,140.1,140.1,140.1,30,5.0,False
3620.0,5000,5000.0,0.0,6000.0,699900.0,314685.0,385215.0,140.0,139.8,140.0,30,5.0,False
3621.0,5000,5000.0,0.0,6000.0,698900.0,314535.0,384365.0,139.7,139.7,139.7,30,5.0,False
3622.0,5000,5000.0,0.0,6000.0,697900.0,313785.0,384115.0,139.6,139.4,139.6,30,5.0,False
3623.0,5000,5000.0,0.0,6000.0,696900.0,313635.0,383265.0,139.3,139.3,139.3,30,5.0,False
3624.0,5000,5000.0,0.0,6000.0,695900.0,312885.0,383015.0,139.2,139.0,139.2,30,5.0,False
3625.0,5000,5000.0,0.0,6000.0,694900.0,312735.0,382165.0,138.9,138.9,138.9,30,5.0,False
3626.0,5000,5000.0,0.0,6000.0,693900.0,311985.0,381915.0,138.8,138.6,138.8,30,5.0,False
3627.0,5000,5000.0,0.0,6000.0,692900.0,311835.0,381065.0,138.5,138.5,138.5,30,5.0,False
3628.0,5000,5000.0,0.0,6000.0,691900.0,311085.0,380815.0,138.4,138.2,138.4,30,5.0,False
3629.0,5000,5000.0,0.0,6000.0,690900.0,310935.0,379965.0,138.1,138.1,138.1,30,5.0,False
3630.0,5000,5000.0,0.0,6000.0,689900.0,310185.0,379715.0,138.0,137.8,138.0,30,5.0,False
3631.0,5000,5000.0,0.0,6000.0,688900.0,310035.0,378865.0,137.7,137.7,137.7,30,5.0,False
3632.0,5000,5000.0,0.0,6000.0,687900.0,309285.0,378615.0,137.6,137.4,137.6,30,5.0,False
3633.0,5000,5000.0,0.0,6000.0,686900.0,309135.0,377765.0,137.3,137.3,137.3,30,5.0,False
3634.0,5000,5000.0,0.0,6000.0,685900.0,308385.0,377515.0,137.2,137.0,137.2,30,5.0,False
3635.0,5000,5000.0,0.0,6000.0,684900.0,308235.0,376665.0,136.9,136.9,136.9,30,5.0,False
3636.0,5000,5000.0,0.0,6000.0,683900.0,307485.0,376415.0,136.8,136.6,136.8,30,5.0,False
3637.0,5000,5000.0,0.0,6000.0,682900.0,307335.0,375565.0,136.5,136.5,136.5,30,5.0,False
3638.0,5000,5000.0,0.0,6000.0,681900.0,306585.0,375315.0,136.4,136.2,136.4,30,5.0,False
3639.0,5000,5000.0,0.0,6000.0,680900.0,306435.0,374465.0,136.1,136.1,136.1,30,5.0,False
3640.0,5000,5000.0,0.0,6000.0,679900.0,305685.0,374215.0,136.0,135.8,136.0,30,5.0,False
3641.0,5000,5000.0,0.0,6000.0,678900.0,305535.0,373365.0,135.7,135.7,135.7,30,5.0,False
3642.0,5000,5000.0,0.0,6000.0,677900.0,304785.0,373115.0,135.6,135.4,135.6,30,5.0,False
3643.0,5000,5000.0,0.0,6000.0,676900.0,304635.0,372265.0,135.3,135.3,135.3,30,5.0,False
3644.0,5000,5000.0,0.0,6000.0,675900.0,303885.0,372015.0,135.2,135.0,135.2,30,5.0,False
3645.0,5000,5000.0,0.0,6000.0,674900.0,303735.0,371165.0,134.9,134.9,134.9,30,5.0,False
3646.0,5000,5000.0,0.0,6000.0,673900.0,302985.0,370915.0,134.8,134.6,134.8,30,5.0,False
3647.0,5000,5000.0,0.0,6000.0,672900.0,302835.0,370065.0,134.5,134.5,134.5,30,5.0,False
3648.0,5000,5000.0,0.0,6000.0,671900.0,302085.0,369815.0,134.4,134.2,134.4,30,5.0,False
3649.0,5000,5000.0,0.0,6000.0,670900.0,301935.0,368965.0,134.1,134.1,134.1,30,5.0,False
3650.0,5000,5000.0,0.0,6000.0,669900.0,301185.0,368715.0,134.0,133.8,134.0,30,5.0,False
3651.0,5000,5000.0,0.0,6000.0,668900.0,301035.0,367865.0,133.7,133.7,133.7,30,5.0,False
3652.0,5000,5000.0,0.0,6000.0,667900.0,300285.0,367615.0,133.6,133.4,133.6,30,5.0,False
3653.0,5000,5000.0,0.0,6000.0,666900.0,300135.0,366765.0,133.3,133.3,133.3,30,5.0,False
3654.0,5000,5000.0,0.0,6000.0,665900.0,299385.0,366515.0,133.2,133.0,133.2,30,5.0,False
3655.0,5000,5000.0,0.0,6000.0,664900.0,299235.0,365665.0,132.9,132.9,132.9,30,5.0,False
3656.0,5000,5000.0,0.0,6000.0,663900.0,298485.0,365415.0,132.8,132.6,132.8,30,5.0,False
3657.0,5000,5000.0,0.0,6000.0,662900.0,298335.0,364565.0,132.5,132.5,132.5,30,5.0,False
3658.0,5000,5000.0,0.0,6000.0,661900.0,297585.0,364315.0,132.4,132.2,132.4,30,5.0,False
3659.0,5000,5000.0,0.0,6000.0,660900.0,297435.0,363465.0,132.1,132.1,132.1,30,5.0,False
3660.0,5000,5000.0,0.0,6000.0,659900.0,296685.0,363215.0,132.0,131.8,132.0,30,5.0,False
3661.0,5000,5000.0,0.0,6000.0,658900.0,296535.0,362365.0,131.7,131.7,131.7,30,5.0,False
3662.0,5000,5000.0,0.0,6000.0,657900.0,295785.0,362115.0,131.6,131.4,131.6,30,5.0,False
3663.0,5000,5000.0,0.0,6000.0,656900.0,295635.0,361265.0,131.3,131.3,131.3,30,5.0,False
3664.0,5000,5000.0,0.0,6000.0,655900.0,294885.0,361015.0,131.2,131.0,131.2,30,5.0,False
3665.0,5000,5000.0,0.0,6000.0,654900.0,294735.0,360165.0,130.9,130.9,130.9,30,5.0,False
3666.0,5000,5000.0,0.0,6000.0,653900.0,293985.0,359915.0,130.8,130.6,130.8,30,5.0,False
3667.0,5000,5000.0,0.0,6000.0,652900.0,293835.0,359065.0,130.5,130.5,130.5,30,5.0,False
3668.0,5000,5000.0,0.0,6000.0,651900.0,293085.0,358815.0,130.4,130.2,130.4,30,5.0,False
3669.0,5000,5000.0,0.0,6000.0,650900.0,292935.0,357965.0,130.1,130.1,130.1,30,5.0,False
3670.0,5000,5000.0,0.0,6000.0,649900.0,292185.0,357715.0,130.0,129.8,130.0,30,5.0,False
3671.0,5000,5000.0,0.0,6000.0,648900.0,292035.0,356865.0,129.7,129.7,129.7,30,5.0,False
3672.0,5000,5000.0,0.0,6000.0,647900.0,291285.0,356615.0,129.6,129.4,129.6,30,5.0,False
3673.0,5000,5000.0,0.0,6000.0,646900.0,291135.0,355765.0,129.3,129.3,129.3,30,5.0,False
3674.0,5000,5000.0,0.0,6000.0,645900.0,290385.0,355515.0,129.2,129.0,129.2,30,5.0,False
3675.0,5000,5000.0,0.0,6000.0,644900.0,290235.0,354665.0,128.9,128.9,128.9,30,5.0,False
3676.0,5000,5000.0,0.0,6000.0,643900.0,289485.0,354415.0,128.8,128.6,128.8,30,5.0,False
3677.0,5000,5000.0,0.0,6000.0,642900.0,289335.0,353565.0,128.5,128.5,128.5,30,5.0,False
3678.0,5000,5000.0,0.0,6000.0,641900.0,288585.0,353315.0,128.4,128.2,128.4,30,5.0,False
3679.0,5000,5000.0,0.0,6000.0,640900.0,288435.0,352465.0,128.1,128.1,128.1,30,5.0,False
3680.0,5000,5000.0,0.0,6000.0,639900.0,287685.0,352215.0,128.0,127.8,128.0,30,5.0,False
3681.0,5000,5000.0,0.0,6000.0,638900.0,287535.0,351365.0,127.7,127.7,127.7,30,5.0,False
3682.0,5000,5000.0,0.0,6000.0,637900.0,286785.0,351115.0,127.6,127.4,127.6,30,5.0,False
3683.0,5000,5000.0,0.0,6000.0,636900.0,286635.0,350265.0,127.3,127.3,127.3,30,5.0,False
3684.0,5000,5000.0,0.0,6000.0,635900.0,285885.0,350015.0,127.2,127.0,127.2,30,5.0,False
3685.0,5000,5000.0,0.0,6000.0,634900.0,285735.0,349165.0,126.9,126.9,126.9,30,5.0,False
3686.0,5000,5000.0,0.0,6000.0,633900.0,284985.0,348915.0,126.8,126.6,126.8,30,5.0,False
3687.0,5000,5000.0,0.0,6000.0,632900.0,284835.0,348065.0,126.5,126.5,126.5,30,5.0,False
3688.0,5000,5000.0,0.0,6000.0,631900.0,284085.0,347815.0,126.4,126.2,126.4,30,5.0,False
3689.0,5000,5000.0,0.0,6000.0,630900.0,283935.0,346965.0,126.1,126.1,126.1,30,5.0,False
3690.0,5000,5000.0,0.0,6000.0,629900.0,283185.0,346715.0,126.0,125.8,126.0,30,5.0,False
3691.0,5000,5000.0,0.0,6000.0,628900.0,283035.0,345865.0,125.7,125.7,125.7,30,5.0,False
3692.0,5000,5000.0,0.0,6000.0,627900.0,282285.0,345615.0,125.6,125.4,125.6,30,5.0,False
3693.0,5000,5000.0,0.0,6000.0,626900.0,282135.0,344765.0,125.3,125.3,125.3,30,5.0,False
3694.0,5000,5000.0,0.0,6000.0,625900.0,281385.0,344515.0,125.2,125.0,125.2,30,5.0,False
3695.0,5000,5000.0,0.0,6000.0,624900.0,281235.0,343665.0,124.9,124.9,124.9,30,5.0,False
3696.0,5000,5000.0,0.0,6000.0,623900.0,280485.0,343415.0,124.8,124.6,124.8,30,5.0,False
3697.0,5000,5000.0,0.0,6000.0,622900.0,280335.0,342565.0,124.5,124.5,124.5,30,5.0,False
3698.0,5000,5000.0,0.0,6000.0,621900.0,279585.0,342315.0,124.4,124.2,124.4,30,5.0,False
3699.0,5000,5000.0,0.0,6000.0,620900.0,279435.0,341465.0,124.1,124.1,124.1,30,5.0,False
3700.0,5000,5000.0,0.0,6000.0,619900.0,278685.0,341215.0,124.0,123.8,124.0,30,5.0,False
3701.0,5000,5000.0,0.0,6000.0,618900.0,278535.0,340365.0,123.7,123.7,123.7,30,5.0,False
3702.0,5000,5000.0,0.0,6000.0,617900.0,277785.0,340115.0,123.6,123.4,123.6,30,5.0,False
3703.0,5000,5000.0,0.0,6000.0,616900.0,277635.0,339265.0,123.3,123.3,123.3,30,5.0,False
3704.0,5000,5000.0,0.0,6000.0,615900.0,276885.0,339015.0,123.2,123.0,123.2,30,5.0,False
3705.0,5000,5000.0,0.0,6000.0,614900.0,276735.0,338165.0,122.9,122.9,122.9,30,5.0,False
3706.0,5000,5000.0,0.0,6000.0,613900.0,275985.0,337915.0,122.8,122.6,122.8,30,5.0,False
3707.0,5000,5000.0,0.0,6000.0,612900.0,275835.0,337065.0,122.5,122.5,122.5,30,5.0,False
3708.0,5000,5000.0,0.0,6000.0,611900.0,275085.0,336815.0,122.4,122.2,122.4,30,5.0,False
3709.0,5000,5000.0,0.0,6000.0,610900.0,274935.0,335965.0,122.1,122.1,122.1,30,5.0,False
3710.0,5000,5000.0,0.0,6000.0,609900.0,274185.0,335715.0,122.0,121.8,122.0,30,5.0,False
3711.0,5000,5000.0,0.0,6000.0,608900.0,274035.0,334865.0,121.7,121.7,121.7,30,5.0,False
3712.0,5000,5000.0,0.0,6000.0,607900.0,273285.0,334615.0,121.6,121.4,121.6,30,5.0,False
3713.0,5000,5000.0,0.0,6000.0,606900.0,273135.0,333765.0,121.3,121.3,121.3,30,5.0,False
3714.0,5000,5000.0,0.0,6000.0,605900.0,272385.0,333515.0,121.2,121.0,121.2,30,5.0,False
3715.0,5000,5000.0,0.0,6000.0,604900.0,272235.0,332665.0,120.9,120.9,120.9,30,5.0,False
3716.0,5000,5000.0,0.0,6000.0,603900.0,271485.0,332415.0,120.8,120.6,120.8,30,5.0,False
3717.0,5000,5000.0,0.0,6000.0,602900.0,271335.0,331565.0,120.5,120.5,120.5,30,5.0,False
3718.0,5000,5000.0,0.0,6000.0,601900.0,270585.0,331315.0,120.4,120.2,120.4,30,5.0,False
3719.0,5000,5000.0,0.0,6000.0,600900.0,270435.0,330465.0,120.1,120.1,120.1,30,5.0,False
3720.0,5000,5000.0,0.0,6000.0,599900.0,269685.0,330215.0,120.0,119.8,120.0,30,5.0,False
3721.0,5000,5000.0,0.0,6000.0,598900.0,269535.0,329365.0,119.7,119.7,119.7,30,5.0,False
3722.0,5000,5000.0,0.0,6000.0,597900.0,268785.0,329115.0,119.6,119.4,119.6,30,5.0,False
3723.0,5000,5000.0,0.0,6000.0,596900.0,268635.0,328265.0,119.3,119.3,119.3,30,5.0,False
3724.0,5000,5000.0,0.0,6000.0,595900.0,267885.0,328015.0,119.2,119.0,119.2,30,5.0,False
3725.0,5000,5000.0,0.0,6000.0,594900.0,267735.0,327165.0,118.9,118.9,118.9,30,5.0,False
3726.0,5000,5000.0,0.0,6000.0,593900.0,266985.0,326915.0,118.8,118.6,118.8,30,5.0,False
3727.0,5000,5000.0,0.0,6000.0,592900.0,266835.0,326065.0,118.5,118.5,118.5,30,5.0,False
3728.0,5000,5000.0,0.0,6000.0,591900.0,266085.0,325815.0,118.4,118.2,118.4,30,5.0,False
3729.0,5000,5000.0,0.0,6000.0,590900.0,265935.0,324965.0,118.1,118.1,118.1,30,5.0,False
3730.0,5000,5000.0,0.0,6000.0,589900.0,265185.0,324715.0,118.0,117.8,118.0,30,5.0,False
3731.0,5000,5000.0,0.0,6000.0,588900.0,265035.0,323865.0,117.7,117.7,117.7,30,5.0,False
3732.0,5000,5000.0,0.0,6000.0,587900.0,264285.0,323615.0,117.6,117.4,117.6,30,5.0,False
3733.0,5000,5000.0,0.0,6000.0,586900.0,264135.0,322765.0,117.3,117.3,117.3,30,5.0,False
3734.0,5000,5000.0,0.0,6000.0,585900.0,263385.0,322515.0,117.2,117.0,117.2,30,5.0,False
3735.0,5000,5000.0,0.0,6000.0,584900.0,263235.0,321665.0,116.9,116.9,116.9,30,5.0,False
3736.0,5000,5000.0,0.0,6000.0,583900.0,262485.0,321415.0,116.8,116.6,116.8,30,5.0,False
3737.0,5000,5000.0,0.0,6000.0,582900.0,262335.0,320565.0,116.5,116.5,116.5,30,5.0,False
3738.0,5000,5000.0,0.0,6000.0,581900.0,261585.0,320315.0,116.4,116.2,116.4,30,5.0,False
3739.0,5000,5000.0,0.0,6000.0,580900.0,261435.0,319465.0,116.1,116.1,116.1,30,5.0,False
3740.0,5000,5000.0,0.0,6000.0,579900.0,260685.0,319215.0,116.0,115.8,116.0,30,5.0,False
3741.0,5000,5000.0,0.0,6000.0,578900.0,260535.0,318365.0,115.7,115.7,115.7,30,5.0,False
3742.0,5000,5000.0,0.0,6000.0,577900.0,259785.0,318115.0,115.6,115.4,115.6,30,5.0,False
3743.0,5000,5000.0,0.0,6000.0,576900.0,259635.0,317265.0,115.3,115.3,115.3,30,5.0,False
3744.0,5000,5000.0,0.0,6000.0,575900.0,258885.0,317015.0,115.2,115.0,115.2,30,5.0,False
3745.0,5000,5000.0,0.0,6000.0,574900.0,258735.0,316165.0,114.9,114.9,114.9,30,5.0,False
3746.0,5000,5000.0,0.0,6000.0,573900.0,257985.0,315915.0,114.8,114.6,114.8,30,5.0,False
3747.0,5000,5000.0,0.0,6000.0,572900.0,257835.0,315065.0,114.5,114.5,114.5,30,5.0,False
3748.0,5000,5000.0,0.0,6000.0,571900.0,257085.0,314815.0,114.4,114.2,114.4,30,5.0,False
3749.0,5000,5000.0,0.0,6000.0,570900.0,256935.0,313965.0,114.1,114.1,114.1,30,5.0,False
3750.0,5000,5000.0,0.0,6000.0,569900.0,256185.0,313715.0,114.0,113.8,114.0,30,5.0,False
3751.0,5000,5000.0,0.0,6000.0,568900.0,256035.0,312865.0,113.7,113.7,113.7,30,5.0,False
3752.0,5000,5000.0,0.0,6000.0,567900.0,255285.0,312615.0,113.6,113.4,113.6,30,5.0,False
3753.0,5000,5000.0,0.0,6000.0,566900.0,255135.0,311765.0,113.3,113.3,113.3,30,5.0,False
3754.0,5000,5000.0,0.0,6000.0,565900.0,254385.0,311515.0,113.2,113.0,113.2,30,5.0,False
3755.0,5000,5000.0,0.0,6000.0,564900.0,254235.0,310665.0,112.9,112.9,112.9,30,5.0,False
3756.0,5000,5000.0,0.0,6000.0,563900.0,253485.0,310415.0,112.8,112.6,112.8,30,5.0,False
3757.0,5000,5000.0,0.0,6000.0,562900.0,253335.0,309565.0,112.5,112.5,112.5,30,5.0,False
3758.0,5000,5000.0,0.0,6000.0,561900.0,252585.0,309315.0,112.4,112.2,112.4,30,5.0,False
3759.0,5000,5000.0,0.0,6000.0,560900.0,252435.0,308465.0,112.1,112.1,112.1,30,5.0,False
3760.0,5000,5000.0,0.0,6000.0,559900.0,251685.0,308215.0,112.0,111.8,112.0,30,5.0,False
3761.0,5000,5000.0,0.0,6000.0,558900.0,251535.0,307365.0,111.7,111.7,111.7,30,5.0,False
3762.0,5000,5000.0,0.0,6000.0,557900.0,250785.0,307115.0,111.6,111.4,111.6,30,5.0,False
3763.0,5000,5000.0,0.0,6000.0,556900.0,250635.0,306265.0,111.3,111.3,111.3,30,5.0,False
3764.0,5000,5000.0,0.0,6000.0,555900.0,249885.0,306015.0,111.2,111.0,111.2,30,5.0,False
3765.0,5000,5000.0,0.0,6000.0,554900.0,249735.0,305165.0,110.9,110.9,110.9,30,5.0,False
3766.0,5000,5000.0,0.0,6000.0,553900.0,248985.0,304915.0,110.8,110.6,110.8,30,5.0,False
3767.0,5000,5000.0,0.0,6000.0,552900.0,248835.0,304065.0,110.5,110.5,110.5,30,5.0,False
3768.0,5000,5000.0,0.0,6000.0,551900.0,248085.0,303815.0,110.4,110.2,110.4,30,5.0,False
3769.0,5000,5000.0,0.0,6000.0,550900.0,247935.0,302965.0,110.1,110.1,110.1,30,5.0,False
3770.0,5000,5000.0,0.0,6000.0,549900.0,247185.0,302715.0,110.0,109.8,110.0,30,5.0,False
3771.0,5000,5000.0,0.0,6000.0,548900.0,247035.0,301865.0,109.7,109.7,109.7,30,5.0,False
3772.0,5000,5000.0,0.0,6000.0,547900.0,246285.0,301615.0,109.6,109.4,109.6,30,5.0,False
3773.0,5000,5000.0,0.0,6000.0,546900.0,246135.0,300765.0,109.3,109.3,109.3,30,5.0,False
3774.0,5000,5000.0,0.0,6000.0,545900.0,245385.0,300515.0,109.2,109.0,109.2,30,5.0,False
3775.0,5000,5000.0,0.0,6000.0,544900.0,245235.0,299665.0,108.9,108.9,108.9,30,5.0,False
3776.0,5000,5000.0,0.0,6000.0,543900.0,244485.0,299415.0,108.8,108.6,108.8,30,5.0,False
3777.0,5000,5000.0,0.0,6000.0,542900.0,244335.0,298565.0,108.5,108.5,108.5,30,5.0,False
3778.0,5000,5000.0,0.0,6000.0,541900.0,243585.0,298315.0,108.4,108.2,108.4,30,5.0,False
3779.0,5000,5000.0,0.0,6000.0,540900.0,243435.0,297465.0,108.1,108.1,108.1,30,5.0,False
3780.0,5000,5000.0,0.0,6000.0,539900.0,242685.0,297215.0,108.0,107.8,108.0,30,5.0,False
3781.0,5000,5000.0,0.0,6000.0,538900.0,242535.0,296365.0,107.7,107.7,107.7,30,5.0,False
3782.0,5000,5000.0,0.0,6000.0,537900.0,241785.0,296115.0,107.6,107.4,107.6,30,5.0,False
3783.0,5000,5000.0,0.0,6000.0,536900.0,241635.0,295265.0,107.3,107.3,107.3,30,5.0,False
3784.0,5000,5000.0,0.0,6000.0,535900.0,240885.0,295015.0,107.2,107.0,107.2,30,5.0,False
3785.0,5000,5000.0,0.0,6000.0,534900.0,240735.0,294165.0,106.9,106.9,106.9,30,5.0,False
3786.0,5000,5000.0,0.0,6000.0,533900.0,239985.0,293915.0,106.8,106.6,106.8,30,5.0,False
3787.0,5000,5000.0,0.0,6000.0,532900.0,239835.0,293065.0,106.5,106.5,106.5,30,5.0,False
3788.0,5000,5000.0,0.0,6000.0,531900.0,239085.0,292815.0,106.4,106.2,106.4,30,5.0,False
3789.0,5000,5000.0,0.0,6000.0,530900.0,238935.0,291965.0,106.1,106.1,106.1,30,5.0,False
3790.0,5000,5000.0,0.0,6000.0,529900.0,238185.0,291715.0,106.0,105.8,106.0,30,5.0,False
3791.0,5000,5000.0,0.0,6000.0,528900.0,238035.0,290865.0,105.7,105.7,105.7,30,5.0,False
3792.0,5000,5000.0,0.0,6000.0,527900.0,237285.0,290615.0,105.6,105.4,105.6,30,5.0,False
3793.0,5000,5000.0,0.0,6000.0,526900.0,237135.0,289765.0,105.3,105.3,105.3,30,5.0,False
3794.0,5000,5000.0,0.0,6000.0,525900.0,236385.0,289515.0,105.2,105.0,105.2,30,5.0,False
3795.0,5000,5000.0,0.0,6000.0,524900.0,236235.0,288665.0,104.9,104.9,104.9,30,5.0,False
3796.0,5000,5000.0,0.0,6000.0,523900.0,235485.0,288415.0,104.8,104.6,104.8,30,5.0,False
3797.0,5000,5000.0,0.0,6000.0,522900.0,235335.0,287565.0,104.5,104.5,104.5,30,5.0,False
3798.0,5000,5000.0,0.0,6000.0,521900.0,234585.0,287315.0,104.4,104.2,104.4,30,5.0,False
3799.0,5000,5000.0,0.0,6000.0,520900.0,234435.0,286465.0,104.1,104.1,104.1,30,5.0,False
3800.0,5000,5000.0,0.0,6000.0,519900.0,233685.0,286215.0,104.0,103.8,104.0,30,5.0,False
3801.0,5000,5000.0,0.0,6000.0,518900.0,233535.0,285365.0,103.7,103.7,103.7,30,5.0,False
3802.0,5000,5000.0,0.0,6000.0,517900.0,232785.0,285115.0,103.6,103.4,103.6,30,5.0,False
3803.0,5000,5000.0,0.0,6000.0,516900.0,232635.0,284265.0,103.3,103.3,103.3,30,5.0,False
3804.0,5000,5000.0,0.0,6000.0,515900.0,231885.0,284015.0,103.2,103.0,103.2,30,5.0,False
3805.0,5000,5000.0,0.0,6000.0,514900.0,231735.0,283165.0,102.9,102.9,102.9,30,5.0,False
3806.0,5000,5000.0,0.0,6000.0,513900.0,230985.0,282915.0,102.8,102.6,102.8,30,5.0,False
3807.0,5000,5000.0,0.0,6000.0,512900.0,230835.0,282065.0,102.5,102.5,102.5,30,5.0,False
3808.0,5000,5000.0,0.0,6000.0,511900.0,230085.0,281815.0,102.4,102.2,102.4,30,5.0,False
3809.0,5000,5000.0,0.0,6000.0,510900.0,229935.0,280965.0,102.1,102.1,102.1,30,5.0,False
3810.0,5000,5000.0,0.0,6000.0,509900.0,229185.0,280715.0,102.0,101.8,102.0,30,5.0,False
3811.0,5000,5000.0,0.0,6000.0,508900.0,229035.0,279865.0,101.7,101.7,101.7,30,5.0,False
3812.0,5000,5000.0,0.0,6000.0,507900.0,228285.0,279615.0,101.6,101.4,101.6,30,5.0,False
3813.0,5000,5000.0,0.0,6000.0,506900.0,228135.0,278765.0,101.3,101.3,101.3,30,5.0,False
3814.0,5000,5000.0,0.0,6000.0,505900.0,227385.0,278515.0,101.2,101.0,101.2,30,5.0,False
3815.0,5000,5000.0,0.0,6000.0,504900.0,227235.0,277665.0,100.9,100.9,100.9,30,5.0,False
3816.0,5000,5000.0,0.0,6000.0,503900.0,226485.0,277415.0,100.8,100.6,100.8,30,5.0,False
3817.0,5000,5000.0,0.0,6000.0,502900.0,226335.0,276565.0,100.5,100.5,100.5,30,5.0,False
3818.0,5000,5000.0,0.0,6000.0,501900.0,225585.0,276315.0,100.4,100.2,100.4,30,5.0,False
3819.0,5000,5000.0,0.0,6000.0,500900.0,225435.0,275465.0,100.1,100.1,100.1,30,5.0,False
3820.0,5000,5000.0,0.0,6000.0,499900.0,224685.0,275215.0,100.0,99.8,100.0,30,5.0,False
3821.0,5000,5000.0,0.0,6000.0,498900.0,224535.0,274365.0,99.7,99.7,99.7,30,5.0,False
3822.0,5000,5000.0,0.0,6000.0,497900.0,223785.0,274115.0,99.6,99.4,99.6,30,5.0,False
3823.0,5000,5000.0,0.0,6000.0,496900.0,223635.0,273265.0,99.3,99.3,99.3,30,5.0,False
3824.0,5000,5000.0,0.0,6000.0,495900.0,222885.0,273015.0,99.2,99.0,99.2,30,5.0,False
3825.0,5000,5000.0,0.0,6000.0,494900.0,222735.0,272165.0,98.9,98.9,98.9,30,5.0,False
3826.0,5000,5000.0,0.0,6000.0,493900.0,221985.0,271915.0,98.8,98.6,98.8,30,5.0,False
3827.0,5000,5000.0,0.0,6000.0,492900.0,221835.0,271065.0,98.5,98.5,98.5,30,5.0,False
3828.0,5000,5000.0,0.0,6000.0,491900.0,221085.0,270815.0,98.4,98.2,98.4,30,5.0,False
3829.0,5000,5000.0,0.0,6000.0,490900.0,220935.0,269965.0,98.1,98.1,98.1,30,5.0,False
3830.0,5000,5000.0,0.0,6000.0,489900.0,220185.0,269715.0,98.0,97.8,98.0,30,5.0,False
3831.0,5000,5000.0,0.0,6000.0,488900.0,220035.0,268865.0,97.7,97.7,97.7,30,5.0,False
3832.0,5000,5000.0,0.0,6000.0,487900.0,219285.0,268615.0,97.6,97.4,97.6,30,5.0,False
3833.0,5000,5000.0,0.0,6000.0,486900.0,219135.0,267765.0,97.3,97.3,97.3,30,5.0,False
3834.0,5000,5000.0,0.0,6000.0,485900.0,218385.0,267515.0,97.2,97.0,97.2,30,5.0,False
3835.0,5000,5000.0,0.0,6000.0,484900.0,218235.0,266665.0,96.9,96.9,96.9,30,5.0,False
3836.0,5000,5000.0,0.0,6000.0,483900.0,217485.0,266415.0,96.8,96.6,96.8,30,5.0,False
3837.0,5000,5000.0,0.0,6000.0,482900.0,217335.0,265565.0,96.5,96.5,96.5,30,5.0,False
3838.0,5000,5000.0,0.0,6000.0,481900.0,216585.0,265315.0,96.4,96.2,96.4,30,5.0,False
3839.0,5000,5000.0,0.0,6000.0,480900.0,216435.0,264465.0,96.1,96.1,96.1,30,5.0,False
3840.0,5000,5000.0,0.0,6000.0,479900.0,215685.0,264215.0,96.0,95.8,96.0,30,5.0,False
3841.0,5000,5000.0,0.0,6000.0,478900.0,215535.0,263365.0,95.7,95.7,95.7,30,5.0,False
3842.0,5000,5000.0,0.0,6000.0,477900.0,214785.0,263115.0,95.6,95.4,95.6,30,5.0,False
3843.0,5000,5000.0,0.0,6000.0,476900.0,214635.0,262265.0,95.3,95.3,95.3,30,5.0,False
3844.0,5000,5000.0,0.0,6000.0,475900.0,213885.0,262015.0,95.2,95.0,95.2,30,5.0,False
3845.0,5000,5000.0,0.0,6000.0,474900.0,213735.0,261165.0,94.9,94.9,94.9,30,5.0,False
3846.0,5000,5000.0,0.0,6000.0,473900.0,212985.0,260915.0,94.8,94.6,94.8,30,5.0,False
3847.0,5000,5000.0,0.0,6000.0,472900.0,212835.0,260065.0,94.5,94.5,94.5,30,5.0,False
3848.0,5000,5000.0,0.0,6000.0,471900.0,212085.0,259815.0,94.4,94.2,94.4,30,5.0,False
3849.0,5000,5000.0,0.0,6000.0,470900.0,211935.0,258965.0,94.1,94.1,94.1,30,5.0,False
3850.0,5000,5000.0,0.0,6000.0,469900.0,211185.0,258715.0,94.0,93.8,94.0,30,5.0,False
3851.0,5000,5000.0,0.0,6000.0,468900.0,211035.0,257865.0,93.7,93.7,93.7,30,5.0,False
3852.0,5000,5000.0,0.0,6000.0,467900.0,210285.0,257615.0,93.6,93.4,93.6,30,5.0,False
3853.0,5000,5000.0,0.0,6000.0,466900.0,210135.0,256765.0,93.3,93.3,93.3,30,5.0,False
3854.0,5000,5000.0,0.0,6000.0,465900.0,209385.0,256515.0,93.2,93.0,93.2,30,5.0,False
3855.0,5000,5000.0,0.0,6000.0,464900.0,209235.0,255665.0,92.9,92.9,92.9,30,5.0,False
3856.0,5000,5000.0,0.0,6000.0,463900.0,208485.0,255415.0,92.8,92.6,92.8,30,5.0,False
3857.0,5000,5000.0,0.0,6000.0,462900.0,208335.0,254565.0,92.5,92.5,92.5,30,5.0,False
3858.0,5000,5000.0,0.0,6000.0,461900.0,207585.0,254315.0,92.4,92.2,92.4,30,5.0,False
3859.0,5000,5000.0,0.0,6000.0,460900.0,207435.0,253465.0,92.1,92.1,92.1,30,5.0,False
3860.0,5000,5000.0,0.0,6000.0,459900.0,206685.0,253215.0,92.0,91.8,92.0,30,5.0,False
3861.0,5000,5000.0,0.0,6000.0,458900.0,206535.0,252365.0,91.7,91.7,91.7,30,5.0,False
3862.0,5000,5000.0,0.0,6000.0,457900.0,205785.0,252115.0,91.6,91.4,91.6,30,5.0,False
3863.0,5000,5000.0,0.0,6000.0,456900.0,205635.0,251265.0,91.3,91.3,91.3,30,5.0,False
3864.0,5000,5000.0,0.0,6000.0,455900.0,204885.0,251015.0,91.2,91.0,91.2,30,5.0,False
3865.0,5000,5000.0,0.0,6000.0,454900.0,204735.0,250165.0,90.9,90.9,90.9,30,5.0,False
3866.0,5000,5000.0,0.0,6000.0,453900.0,203985.0,249915.0,90.8,90.6,90.8,30,5.0,False
3867.0,5000,5000.0,0.0,6000.0,452900.0,203835.0,249065.0,90.5,90.5,90.5,30,5.0,False
3868.0,5000,5000.0,0.0,6000.0,451900.0,203085.0,248815.0,90.4,90.2,90.4,30,5.0,False
3869.0,5000,5000.0,0.0,6000.0,450900.0,202935.0,247965.0,90.1,90.1,90.1,30,5.0,False
3870.0,5000,5000.0,0.0,6000.0,449900.0,202185.0,247715.0,90.0,89.8,90.0,30,5.0,False
3871.0,5000,5000.0,0.0,6000.0,448900.0,202035.0,246865.0,89.7,89.7,89.7,30,5.0,False
3872.0,5000,5000.0,0.0,6000.0,447900.0,201285.0,246615.0,89.6,89.4,89.6,30,5.0,False
3873.0,5000,5000.0,0.0,6000.0,446900.0,201135.0,245765.0,89.3,89.3,89.3,30,5.0,False
3874.0,5000,5000.0,0.0,6000.0,445900.0,200385.0,245515.0,89.2,89.0,89.2,30,5.0,False
3875.0,5000,5000.0,0.0,6000.0,444900.0,200235.0,244665.0,88.9,88.9,88.9,30,5.0,False
3876.0,5000,5000.0,0.0,6000.0,443900.0,199485.0,244415.0,88.8,88.6,88.8,30,5.0,False
3877.0,5000,5000.0,0.0,6000.0,442900.0,199335.0,243565.0,88.5,88.5,88.5,30,5.0,False
3878.0,5000,5000.0,0.0,6000.0,441900.0,198585.0,243315.0,88.4,88.2,88.4,30,5.0,False
3879.0,5000,5000.0,0.0,6000.0,440900.0,198435.0,242465.0,88.1,88.1,88.1,30,5.0,False
3880.0,5000,5000.0,0.0,6000.0,439900.0,197685.0,242215.0,88.0,87.8,88.0,30,5.0,False
3881.0,5000,5000.0,0.0,6000.0,438900.0,197535.0,241365.0,87.7,87.7,87.7,30,5.0,False
3882.0,5000,5000.0,0.0,6000.0,437900.0,196785.0,241115.0,87.6,87.4,87.6,30,5.0,False
3883.0,5000,5000.0,0.0,6000.0,436900.0,196635.0,240265.0,87.3,87.3,87.3,30,5.0,False
3884.0,5000,5000.0,0.0,6000.0,435900.0,195885.0,240015.0,87.2,87.0,87.2,30,5.0,False
3885.0,5000,5000.0,0.0,6000.0,434900.0,195735.0,239165.0,86.9,86.9,86.9,30,5.0,False
3886.0,5000,5000.0,0.0,6000.0,433900.0,194985.0,238915.0,86.8,86.6,86.8,30,5.0,False
3887.0,5000,5000.0,0.0,6000.0,432900.0,194835.0,238065.0,86.5,86.5,86.5,30,5.0,False
3888.0,5000,5000.0,0.0,6000.0,431900.0,194085.0,237815.0,86.4,86.2,86.4,30,5.0,False
3889.0,5000,5000.0,0.0,6000.0,430900.0,193935.0,236965.0,86.1,86.1,86.1,30,5.0,False
3890.0,5000,5000.0,0.0,6000.0,429900.0,193185.0,236715.0,86.0,85.8,86.0,30,5.0,False
3891.0,5000,5000.0,0.0,6000.0,428900.0,193035.0,235865.0,85.7,85.7,85.7,30,5.0,False
3892.0,5000,5000.0,0.0,6000.0,427900.0,192285.0,235615.0,85.6,85.4,85.6,30,5.0,False
3893.0,5000,5000.0,0.0,6000.0,426900.0,192135.0,234765.0,85.3,85.3,85.3,30,5.0,False
3894.0,5000,5000.0,0.0,6000.0,425900.0,191385.0,234515.0,85.2,85.0,85.2,30,5.0,False
3895.0,5000,5000.0,0.0,6000.0,424900.0,191235.0,233665.0,84.9,84.9,84.9,30,5.0,False
3896.0,5000,5000.0,0.0,6000.0,423900.0,190485.0,233415.0,84.8,84.6,84.8,30,5.0,False
3897.0,5000,5000.0,0.0,6000.0,422900.0,190335.0,232565.0,84.5,84.5,84.5,30,5.0,False
3898.0,5000,5000.0,0.0,6000.0,421900.0,189585.0,232315.0,84.4,84.2,84.4,30,5.0,False
3899.0,5000,5000.0,0.0,6000.0,420900.0,189435.0,231465.0,84.1,84.1,84.1,30,5.0,False
3900.0,5000,5000.0,0.0,6000.0,419900.0,188685.0,231215.0,84.0,83.8,84.0,30,5.0,False
3901.0,5000,5000.0,0.0,6000.0,418900.0,188535.0,230365.0,83.7,83.7,83.7,30,5.0,False
3902.0,5000,5000.0,0.0,6000.0,417900.0,187785.0,230115.0,83.6,83.4,83.6,30,5.0,False
3903.0,5000,5000.0,0.0,6000.0,416900.0,187635.0,229265.0,83.3,83.3,83.3,30,5.0,False
3904.0,5000,5000.0,0.0,6000.0,415900.0,186885.0,229015.0,83.2,83.0,83.2,30,5.0,False
3905.0,5000,5000.0,0.0,6000.0,414900.0,186735.0,228165.0,82.9,82.9,82.9,30,5.0,False
3906.0,5000,5000.0,0.0,6000.0,413900.0,185985.0,227915.0,82.8,82.6,82.8,30,5.0,False
3907.0,5000,5000.0,0.0,6000.0,412900.0,185835.0,227065.0,82.5,82.5,82.5,30,5.0,False
3908.0,5000,5000.0,0.0,6000.0,411900.0,185085.0,226815.0,82.4,82.2,82.4,30,5.0,False
3909.0,5000,5000.0,0.0,6000.0,410900.0,184935.0,225965.0,82.1,82.1,82.1,30,5.0,False
3910.0,5000,5000.0,0.0,6000.0,409900.0,184185.0,225715.0,82.0,81.8,82.0,30,5.0,False
3911.0,5000,5000.0,0.0,6000.0,408900.0,184035.0,224865.0,81.7,81.7,81.7,30,5.0,False
3912.0,5000,5000.0,0.0,6000.0,407900.0,183285.0,224615.0,81.6,81.4,81.6,30,5.0,False
3913.0,5000,5000.0,0.0,6000.0,406900.0,183135.0,223765.0,81.3,81.3,81.3,30,5.0,False
3914.0,5000,5000.0,0.0,6000.0,405900.0,182385.0,223515.0,81.2,81.0,81.2,30,5.0,False
3915.0,5000,5000.0,0.0,6000.0,404900.0,182235.0,222665.0,80.9,80.9,80.9,30,5.0,False
3916.0,5000,5000.0,0.0,6000.0,403900.0,181485.0,222415.0,80.8,80.6,80.8,30,5.0,False
3917.0,5000,5000.0,0.0,6000.0,402900.0,181335.0,221565.0,80.5,80.5,80.5,30,5.0,False
3918.0,5000,5000.0,0.0,6000.0,401900.0,180585.0,221315.0,80.4,80.2,80.4,30,5.0,False
3919.0,5000,5000.0,0.0,6000.0,400900.0,180435.0,220465.0,80.1,80.1,80.1,30,5.0,False
3920.0,5000,5000.0,0.0,6000.0,399900.0,179685.0,220215.0,80.0,79.8,80.0,30,5.0,False
3921.0,5000,5000.0,0.0,6000.0,398900.0,179535.0,219365.0,79.7,79.7,79.7,30,5.0,False
3922.0,5000,5000.0,0.0,6000.0,397900.0,178785.0,219115.0,79.6,79.4,79.6,30,5.0,False
3923.0,5000,5000.0,0.0,6000.0,396900.0,178635.0,218265.0,79.3,79.3,79.3,30,5.0,False
3924.0,5000,5000.0,0.0,6000.0,395900.0,177885.0,218015.0,79.2,79.0,79.2,30,5.0,False
3925.0,5000,5000.0,0.0,6000.0,394900.0,177735.0,217165.0,78.9,78.9,78.9,30,5.0,False
3926.0,5000,5000.0,0.0,6000.0,393900.0,176985.0,216915.0,78.8,78.6,78.8,30,5.0,False
3927.0,5000,5000.0,0.0,6000.0,392900.0,176835.0,216065.0,78.5,78.5,78.5,30,5.0,False
3928.0,5000,5000.0,0.0,6000.0,391900.0,176085.0,215815.0,78.4,78.2,78.4,30,5.0,False
3929.0,5000,5000.0,0.0,6000.0,390900.0,175935.0,214965.0,78.1,78.1,78.1,30,5.0,False
3930.0,5000,5000.0,0.0,6000.0,389900.0,175185.0,214715.0,78.0,77.8,78.0,30,5.0,False
3931.0,5000,5000.0,0.0,6000.0,388900.0,175035.0,213865.0,77.7,77.7,77.7,30,5.0,False
3932.0,5000,5000.0,0.0,6000.0,387900.0,174285.0,213615.0,77.6,77.4,77.6,30,5.0,False
3933.0,5000,5000.0,0.0,6000.0,386900.0,174135.0,212765.0,77.3,77.3,77.3,30,5.0,False
3934.0,5000,5000.0,0.0,6000.0,385900.0,173385.0,212515.0,77.2,77.0,77.2,30,5.0,False
3935.0,5000,5000.0,0.0,6000.0,384900.0,173235.0,211665.0,76.9,76.9,76.9,30,5.0,False
3936.0,5000,5000.0,0.0,6000.0,383900.0,172485.0,211415.0,76.8,76.6,76.8,30,5.0,False
3937.0,5000,5000.0,0.0,6000.0,382900.0,172335.0,210565.0,76.5,76.5,76.5,30,5.0,False
3938.0,5000,5000.0,0.0,6000.0,381900.0,171585.0,210315.0,76.4,76.2,76.4,30,5.0,False
3939.0,5000,5000.0,0.0,6000.0,380900.0,171435.0,209465.0,76.1,76.1,76.1,30,5.0,False
3940.0,5000,5000.0,0.0,6000.0,379900.0,170685.0,209215.0,76.0,75.8,76.0,30,5.0,False
3941.0,5000,5000.0,0.0,6000.0,378900.0,170535.0,208365.0,75.7,75.7,75.7,30,5.0,False
3942.0,5000,5000.0,0.0,6000.0,377900.0,169785.0,208115.0,75.6,75.4,75.6,30,5.0,False
3943.0,5000,5000.0,0.0,6000.0,376900.0,169635.0,207265.0,75.3,75.3,75.3,30,5.0,False
3944.0,5000,5000.0,0.0,6000.0,375900.0,168885.0,207015.0,75.2,75.0,75.2,30,5.0,False
3945.0,5000,5000.0,0.0,6000.0,374900.0,168735.0,206165.0,74.9,74.9,74.9,30,5.0,False
3946.0,5000,5000.0,0.0,6000.0,373900.0,167985.0,205915.0,74.8,74.6,74.8,30,5.0,False
3947.0,5000,5000.0,0.0,6000.0,372900.0,167835.0,205065.0,74.5,74.5,74.5,30,5.0,False
3948.0,5000,5000.0,0.0,6000.0,371900.0,167085.0,204815.0,74.4,74.2,74.4,30,5.0,False
3949.0,5000,5000.0,0.0,6000.0,370900.0,166935.0,203965.0,74.1,74.1,74.1,30,5.0,False
3950.0,5000,5000.0,0.0,6000.0,369900.0,166185.0,203715.0,74.0,73.8,74.0,30,5.0,False
3951.0,5000,5000.0,0.0,6000.0,368900.0,166035.0,202865.0,73.7,73.7,73.7,30,5.0,False
3952.0,5000,5000.0,0.0,6000.0,367900.0,165285.0,202615.0,73.6,73.4,73.6,30,5.0,False
3953.0,5000,5000.0,0.0,6000.0,366900.0,165135.0,201765.0,73.3,73.3,73.3,30,5.0,False
3954.0,5000,5000.0,0.0,6000.0,365900.0,164385.0,201515.0,73.2,73.0,73.2,30,5.0,False
3955.0,5000,5000.0,0.0,6000.0,364900.0,164235.0,200665.0,72.9,72.9,72.9,30,5.0,False
3956.0,5000,5000.0,0.0,6000.0,363900.0,163485.0,200415.0,72.8,72.6,72.8,30,5.0,False
3957.0,5000,5000.0,0.0,6000.0,362900.0,163335.0,199565.0,72.5,72.5,72.5,30,5.0,False
3958.0,5000,5000.0,0.0,6000.0,361900.0,162585.0,199315.0,72.4,72.2,72.4,30,5.0,False
3959.0,5000,5000.0,0.0,6000.0,360900.0,162435.0,198465.0,72.1,72.1,72.1,30,5.0,False
3960.0,5000,5000.0,0.0,6000.0,359900.0,161685.0,198215.0,72.0,71.8,72.0,30,5.0,False
3961.0,5000,5000.0,0.0,6000.0,358900.0,161535.0,197365.0,71.7,71.7,71.7,30,5.0,False
3962.0,5000,5000.0,0.0,6000.0,357900.0,160785.0,197115.0,71.6,71.4,71.6,30,5.0,False
3963.0,5000,5000.0,0.0,6000.0,356900.0,160635.0,196265.0,71.3,71.3,71.3,30,5.0,False
3964.0,5000,5000.0,0.0,6000.0,355900.0,159885.0,196015.0,71.2,71.0,71.2,30,5.0,False
3965.0,5000,5000.0,0.0,6000.0,354900.0,159735.0,195165.0,70.9,70.9,70.9,30,5.0,False
3966.0,5000,5000.0,0.0,6000.0,353900.0,158985.0,194915.0,70.8,70.6,70.8,30,5.0,False
3967.0,5000,5000.0,0.0,6000.0,352900.0,158835.0,194065.0,70.5,70.5,70.5,30,5.0,False
3968.0,5000,5000.0,0.0,6000.0,351900.0,158085.0,193815.0,70.4,70.2,70.4,30,5.0,False
3969.0,5000,5000.0,0.0,6000.0,350900.0,157935.0,192965.0,70.1,70.1,70.1,30,5.0,False
3970.0,5000,5000.0,0.0,6000.0,349900.0,157185.0,192715.0,70.0,69.8,70.0,30,5.0,False
3971.0,5000,5000.0,0.0,6000.0,348900.0,157035.0,191865.0,69.7,69.7,69.7,30,5.0,False
3972.0,5000,5000.0,0.0,6000.0,347900.0,156285.0,191615.0,69.6,69.4,69.6,30,5.0,False
3973.0,5000,5000.0,0.0,6000.0,346900.0,156135.0,190765.0,69.3,69.3,69.3,30,5.0,False
3974.0,5000,5000.0,0.0,6000.0,345900.0,155385.0,190515.0,69.2,69.0,69.2,30,5.0,False
3975.0,5000,5000.0,0.0,6000.0,344900.0,155235.0,189665.0,68.9,68.9,68.9,30,5.0,False
3976.0,5000,5000.0,0.0,6000.0,343900.0,154485.0,189415.0,68.8,68.6,68.8,30,5.0,False
3977.0,5000,5000.0,0.0,6000.0,342900.0,154335.0,188565.0,68.5,68.5,68.5,30,5.0,False
3978.0,5000,5000.0,0.0,6000.0,341900.0,153585.0,188315.0,68.4,68.2,68.4,30,5.0,False
3979.0,5000,5000.0,0.0,6000.0,340900.0,153435.0,187465.0,68.1,68.1,68.1,30,5.0,False
3980.0,5000,5000.0,0.0,6000.0,339900.0,152685.0,187215.0,68.0,67.8,68.0,30,5.0,False
3981.0,5000,5000.0,0.0,6000.0,338900.0,152535.0,186365.0,67.7,67.7,67.7,30,5.0,False
3982.0,5000,5000.0,0.0,6000.0,337900.0,151785.0,186115.0,67.6,67.4,67.6,30,5.0,False
3983.0,5000,5000.0,0.0,6000.0,336900.0,151635.0,185265.0,67.3,67.3,67.3,30,5.0,False
3984.0,5000,5000.0,0.0,6000.0,335900.0,150885.0,185015.0,67.2,67.0,67.2,30,5.0,False
3985.0,5000,5000.0,0.0,6000.0,334900.0,150735.0,184165.0,66.9,66.9,66.9,30,5.0,False
3986.0,5000,5000.0,0.0,6000.0,333900.0,149985.0,183915.0,66.8,66.6,66.8,30,5.0,False
3987.0,5000,5000.0,0.0,6000.0,332900.0,149835.0,183065.0,66.5,66.5,66.5,30,5.0,False
3988.0,5000,5000.0,0.0,6000.0,331900.0,149085.0,182815.0,66.4,66.2,66.4,30,5.0,False
3989.0,5000,5000.0,0.0,6000.0,330900.0,148935.0,181965.0,66.1,66.1,66.1,30,5.0,False
3990.0,5000,5000.0,0.0,6000.0,329900.0,148185.0,181715.0,66.0,65.8,66.0,30,5.0,False
3991.0,5000,5000.0,0.0,6000.0,328900.0,148035.0,180865.0,65.7,65.7,65.7,30,5.0,False
3992.0,5000,5000.0,0.0,6000.0,327900.0,147285.0,180615.0,65.6,65.4,65.6,30,5.0,False
3993.0,5000,5000.0,0.0,6000.0,326900.0,147135.0,179765.0,65.3,65.3,65.3,30,5.0,False
3994.0,5000,5000.0,0.0,6000.0,325900.0,146385.0,179515.0,65.2,65.0,65.2,30,5.0,False
3995.0,5000,5000.0,0.0,6000.0,324900.0,146235.0,178665.0,64.9,64.9,64.9,30,5.0,False
3996.0,5000,5000.0,0.0,6000.0,323900.0,145485.0,178415.0,64.8,64.6,64.8,30,5.0,False
3997.0,5000,5000.0,0.0,6000.0,322900.0,145335.0,177565.0,64.5,64.5,64.5,30,5.0,False
3998.0,5000,5000.0,0.0,6000.0,321900.0,144585.0,177315.0,64.4,64.2,64.4,30,5.0,False
3999.0,5000,5000.0,0.0,6000.0,320900.0,144435.0,176465.0,64.1,64.1,64.1,30,5.0,False
4000.0,5000,5000.0,0.0,6000.0,319900.0,143685.0,176215.0,64.0,63.8,64.0,30,5.0,False
4001.0,5000,5000.0,0.0,6000.0,318900.0,143535.0,175365.0,63.7,63.7,63.7,30,5.0,False
4002.0,5000,5000.0,0.0,6000.0,317900.0,142785.0,175115.0,63.6,63.4,63.6,30,5.0,False
4003.0,5000,5000.0,0.0,6000.0,316900.0,142635.0,174265.0,63.3,63.3,63.3,30,5.0,False
4004.0,5000,5000.0,0.0,6000.0,315900.0,141885.0,174015.0,63.2,63.0,63.2,30,5.0,False
4005.0,5000,5000.0,0.0,6000.0,314900.0,141735.0,173165.0,62.9,62.9,62.9,30,5.0,False
4006.0,5000,5000.0,0.0,6000.0,313900.0,140985.0,172915.0,62.8,62.6,62.8,30,5.0,False
4007.0,5000,5000.0,0.0,6000.0,312900.0,140835.0,172065.0,62.5,62.5,62.5,30,5.0,False
4008.0,5000,5000.0,0.0,6000.0,311900.0,140085.0,171815.0,62.4,62.2,62.4,30,5.0,False
4009.0,5000,5000.0,0.0,6000.0,310900.0,139935.0,170965.0,62.1,62.1,62.1,30,5.0,False
4010.0,5000,5000.0,0.0,6000.0,309900.0,139185.0,170715.0,62.0,61.8,62.0,30,5.0,False
4011.0,5000,5000.0,0.0,6000.0,308900.0,139035.0,169865.0,61.7,61.7,61.7,30,5.0,False
4012.0,5000,5000.0,0.0,6000.0,307900.0,138285.0,169615.0,61.6,61.4,61.6,30,5.0,False
4013.0,5000,5000.0,0.0,6000.0,306900.0,138135.0,168765.0,61.3,61.3,61.3,30,5.0,False
4014.0,5000,5000.0,0.0,6000.0,305900.0,137385.0,168515.0,61.2,61.0,61.2,30,5.0,False
4015.0,5000,5000.0,0.0,6000.0,304900.0,137235.0,167665.0,60.9,60.9,60.9,30,5.0,False
4016.0,5000,5000.0,0.0,6000.0,303900.0,136485.0,167415.0,60.8,60.6,60.8,30,5.0,False
4017.0,5000,5000.0,0.0,6000.0,302900.0,136335.0,166565.0,60.5,60.5,60.5,30,5.0,False
4018.0,5000,5000.0,0.0,6000.0,301900.0,135585.0,166315.0,60.4,60.2,60.4,30,5.0,False
4019.0,5000,5000.0,0.0,6000.0,300900.0,135435.0,165465.0,60.1,60.1,60.1,30,5.0,False
4020.0,5000,5000.0,0.0,6000.0,299900.0,134685.0,165215.0,60.0,59.8,60.0,30,5.0,False
4021.0,5000,5000.0,0.0,6000.0,298900.0,134535.0,164365.0,59.7,59.7,59.7,30,5.0,False
4022.0,5000,5000.0,0.0,6000.0,297900.0,133785.0,164115.0,59.6,59.4,59.6,30,5.0,False
4023.0,5000,5000.0,0.0,6000.0,296900.0,133635.0,163265.0,59.3,59.3,59.3,30,5.0,False
4024.0,5000,5000.0,0.0,6000.0,295900.0,132885.0,163015.0,59.2,59.0,59.2,30,5.0,False
4025.0,5000,5000.0,0.0,6000.0,294900.0,132735.0,162165.0,58.9,58.9,58.9,30,5.0,False
4026.0,5000,5000.0,0.0,6000.0,293900.0,131985.0,161915.0,58.8,58.6,58.8,30,5.0,False
4027.0,5000,5000.0,0.0,6000.0,292900.0,131835.0,161065.0,58.5,58.5,58.5,30,5.0,False
4028.0,5000,5000.0,0.0,6000.0,291900.0,131085.0,160815.0,58.4,58.2,58.4,30,5.0,False
4029.0,5000,5000.0,0.0,6000.0,290900.0,130935.0,159965.0,58.1,58.1,58.1,30,5.0,False
4030.0,5000,5000.0,0.0,6000.0,289900.0,130185.0,159715.0,58.0,57.8,58.0,30,5.0,False
4031.0,5000,5000.0,0.0,6000.0,288900.0,130035.0,158865.0,57.7,57.7,57.7,30,5.0,False
4032.0,5000,5000.0,0.0,6000.0,287900.0,129285.0,158615.0,57.6,57.4,57.6,30,5.0,False
4033.0,5000,5000.0,0.0,6000.0,286900.0,129135.0,157765.0,57.3,57.3,57.3,30,5.0,False
4034.0,5000,5000.0,0.0,6000.0,285900.0,128385.0,157515.0,57.2,57.0,57.2,30,5.0,False
4035.0,5000,5000.0,0.0,6000.0,284900.0,128235.0,156665.0,56.9,56.9,56.9,30,5.0,False
4036.0,5000,5000.0,0.0,6000.0,283900.0,127485.0,156415.0,56.8,56.6,56.8,30,5.0,False
4037.0,5000,5000.0,0.0,6000.0,282900.0,127335.0,155565.0,56.5,56.5,56.5,30,5.0,False
4038.0,5000,5000.0,0.0,6000.0,281900.0,126585.0,155315.0,56.4,56.2,56.4,30,5.0,False
4039.0,5000,5000.0,0.0,6000.0,280900.0,126435.0,154465.0,56.1,56.1,56.1,30,5.0,False
4040.0,5000,5000.0,0.0,6000.0,279900.0,125685.0,154215.0,56.0,55.8,56.0,30,5.0,False
4041.0,5000,5000.0,0.0,6000.0,278900.0,125535.0,153365.0,55.7,55.7,55.7,30,5.0,False
4042.0,5000,5000.0,0.0,6000.0,277900.0,124785.0,153115.0,55.6,55.4,55.6,30,5.0,False
4043.0,5000,5000.0,0.0,6000.0,276900.0,124635.0,152265.0,55.3,55.3,55.3,30,5.0,False
4044.0,5000,5000.0,0.0,6000.0,275900.0,123885.0,152015.0,55.2,55.0,55.2,30,5.0,False
4045.0,5000,5000.0,0.0,6000.0,274900.0,123735.0,151165.0,54.9,54.9,54.9,30,5.0,False
4046.0,5000,5000.0,0.0,6000.0,273900.0,122985.0,150915.0,54.8,54.6,54.8,30,5.0,False
4047.0,5000,5000.0,0.0,6000.0,272900.0,122835.0,150065.0,54.5,54.5,54.5,30,5.0,False
4048.0,5000,5000.0,0.0,6000.0,271900.0,122085.0,149815.0,54.4,54.2,54.4,30,5.0,False
4049.0,5000,5000.0,0.0,6000.0,270900.0,121935.0,148965.0,54.1,54.1,54.1,30,5.0,False
4050.0,5000,5000.0,0.0,6000.0,269900.0,121185.0,148715.0,54.0,53.8,54.0,30,5.0,False
4051.0,5000,5000.0,0.0,6000.0,268900.0,121035.0,147865.0,53.7,53.7,53.7,30,5.0,False
4052.0,5000,5000.0,0.0,6000.0,267900.0,120285.0,147615.0,53.6,53.4,53.6,30,5.0,False
4053.0,5000,5000.0,0.0,6000.0,266900.0,120135.0,146765.0,53.3,53.3,53.3,30,5.0,False
4054.0,5000,5000.0,0.0,6000.0,265900.0,119385.0,146515.0,53.2,53.0,53.2,30,5.0,False
4055.0,5000,5000.0,0.0,6000.0,264900.0,119235.0,145665.0,52.9,52.9,52.9,30,5.0,False
4056.0,5000,5000.0,0.0,6000.0,263900.0,118485.0,145415.0,52.8,52.6,52.8,30,5.0,False
4057.0,5000,5000.0,0.0,6000.0,262900.0,118335.0,144565.0,52.5,52.5,52.5,30,5.0,False
4058.0,5000,5000.0,0.0,6000.0,261900.0,117585.0,144315.0,52.4,52.2,52.4,30,5.0,False
4059.0,5000,5000.0,0.0,6000.0,260900.0,117435.0,143465.0,52.1,52.1,52.1,30,5.0,False
4060.0,5000,5000.0,0.0,6000.0,259900.0,116685.0,143215.0,52.0,51.8,52.0,30,5.0,False
4061.0,5000,5000.0,0.0,6000.0,258900.0,116535.0,142365.0,51.7,51.7,51.7,30,5.0,False
4062.0,5000,5000.0,0.0,6000.0,257900.0,115785.0,142115.0,51.6,51.4,51.6,30,5.0,False
4063.0,5000,5000.0,0.0,6000.0,256900.0,115635.0,141265.0,51.3,51.3,51.3,30,5.0,False
4064.0,5000,5000.0,0.0,6000.0,255900.0,114885.0,141015.0,51.2,51.0,51.2,30,5.0,False
4065.0,5000,5000.0,0.0,6000.0,254900.0,114735.0,140165.0,50.9,50.9,50.9,30,5.0,False
4066.0,5000,5000.0,0.0,6000.0,253900.0,113985.0,139915.0,50.8,50.6,50.8,30,5.0,False
4067.0,5000,5000.0,0.0,6000.0,252900.0,113835.0,139065.0,50.5,50.5,50.5,30,5.0,False
4068.0,5000,5000.0,0.0,6000.0,251900.0,113085.0,138815.0,50.4,50.2,50.4,30,5.0,False
4069.0,5000,5000.0,0.0,6000.0,250900.0,112935.0,137965.0,50.1,50.1,50.1,30,5.0,False
4070.0,5000,5000.0,0.0,6000.0,249900.0,112185.0,137715.0,50.0,49.8,50.0,30,5.0,False
4071.0,5000,5000.0,0.0,6000.0,248900.0,112035.0,136865.0,49.7,49.7,49.7,30,5.0,False
4072.0,5000,5000.0,0.0,6000.0,247900.0,111285.0,136615.0,49.6,49.4,49.6,30,5.0,False
4073.0,5000,5000.0,0.0,6000.0,246900.0,111135.0,135765.0,49.3,49.3,49.3,30,5.0,False
4074.0,5000,5000.0,0.0,6000.0,245900.0,110385.0,135515.0,49.2,49.0,49.2,30,5.0,False
4075.0,5000,5000.0,0.0,6000.0,244900.0,110235.0,134665.0,48.9,48.9,48.9,30,5.0,False
4076.0,5000,5000.0,0.0,6000.0,243900.0,109485.0,134415.0,48.8,48.6,48.8,30,5.0,False
4077.0,5000,5000.0,0.0,6000.0,242900.0,109335.0,133565.0,48.5,48.5,48.5,30,5.0,False
4078.0,5000,5000.0,0.0,6000.0,241900.0,108585.0,133315.0,48.4,48.2,48.4,30,5.0,False
4079.0,5000,5000.0,0.0,6000.0,240900.0,108435.0,132465.0,48.1,48.1,48.1,30,5.0,False
4080.0,5000,5000.0,0.0,6000.0,239900.0,107685.0,132215.0,48.0,47.8,48.0,30,5.0,False
4081.0,5000,5000.0,0.0,6000.0,238900.0,107535.0,131365.0,47.7,47.7,47.7,30,5.0,False
4082.0,5000,5000.0,0.0,6000.0,237900.0,106785.0,131115.0,47.6,47.4,47.6,30,5.0,False
4083.0,5000,5000.0,0.0,6000.0,236900.0,106635.0,130265.0,47.3,47.3,47.3,30,5.0,False
4084.0,5000,5000.0,0.0,6000.0,235900.0,105885.0,130015.0,47.2,47.0,47.2,30,5.0,False
4085.0,5000,5000.0,0.0,6000.0,234900.0,105735.0,129165.0,46.9,46.9,46.9,30,5.0,False
4086.0,5000,5000.0,0.0,6000.0,233900.0,104985.0,128915.0,46.8,46.6,46.8,30,5.0,False
4087.0,5000,5000.0,0.0,6000.0,232900.0,104835.0,128065.0,46.5,46.5,46.5,30,5.0,False
4088.0,5000,5000.0,0.0,6000.0,231900.0,104085.0,127815.0,46.4,46.2,46.4,30,5.0,False
4089.0,5000,5000.0,0.0,6000.0,230900.0,103935.0,126965.0,46.1,46.1,46.1,30,5.0,False
4090.0,5000,5000.0,0.0,6000.0,229900.0,103185.0,126715.0,46.0,45.8,46.0,30,5.0,False
4091.0,5000,5000.0,0.0,6000.0,228900.0,103035.0,125865.0,45.7,45.7,45.7,30,5.0,False
4092.0,5000,5000.0,0.0,6000.0,227900.0,102285.0,125615.0,45.6,45.4,45.6,30,5.0,False
4093.0,5000,5000.0,0.0,6000.0,226900.0,102135.0,124765.0,45.3,45.3,45.3,30,5.0,False
4094.0,5000,5000.0,0.0,6000.0,225900.0,101385.0,124515.0,45.2,45.0,45.2,30,5.0,False
4095.0,5000,5000.0,0.0,6000.0,224900.0,101235.0,123665.0,44.9,44.9,44.9,30,5.0,False
4096.0,5000,5000.0,0.0,6000.0,223900.0,100485.0,123415.0,44.8,44.6,44.8,30,5.0,False
4097.0,5000,5000.0,0.0,6000.0,222900.0,100335.0,122565.0,44.5,44.5,44.5,30,5.0,False
4098.0,5000,5000.0,0.0,6000.0,221900.0,99585.0,122315.0,44.4,44.2,44.4,30,5.0,False
4099.0,5000,5000.0,0.0,6000.0,220900.0,99435.0,121465.0,44.1,44.1,44.1,30,5.0,False
4100.0,5000,5000.0,0.0,6000.0,219900.0,98685.0,121215.0,44.0,43.8,44.0,30,5.0,False
4101.0,5000,5000.0,0.0,6000.0,218900.0,98535.0,120365.0,43.7,43.7,43.7,30,5.0,False
4102.0,5000,5000.0,0.0,6000.0,217900.0,97785.0,120115.0,43.6,43.4,43.6,30,5.0,False
4103.0,5000,5000.0,0.0,6000.0,216900.0,97635.0,119265.0,43.3,43.3,43.3,30,5.0,False
4104.0,5000,5000.0,0.0,6000.0,215900.0,96885.0,119015.0,43.2,43.0,43.2,30,5.0,False
4105.0,5000,5000.0,0.0,6000.0,214900.0,96735.0,118165.0,42.9,42.9,42.9,30,5.0,False
4106.0,5000,5000.0,0.0,6000.0,213900.0,95985.0,117915.0,42.8,42.6,42.8,30,5.0,False
4107.0,5000,5000.0,0.0,6000.0,212900.0,95835.0,117065.0,42.5,42.5,42.5,30,5.0,False
4108.0,5000,5000.0,0.0,6000.0,211900.0,95085.0,116815.0,42.4,42.2,42.4,30,5.0,False
4109.0,5000,5000.0,0.0,6000.0,210900.0,94935.0,115965.0,42.1,42.1,42.1,30,5.0,False
4110.0,5000,5000.0,0.0,6000.0,209900.0,94185.0,115715.0,42.0,41.8,42.0,30,5.0,False
4111.0,5000,5000.0,0.0,6000.0,208900.0,94035.0,114865.0,41.7,41.7,41.7,30,5.0,False
4112.0,5000,5000.0,0.0,6000.0,207900.0,93285.0,114615.0,41.6,41.4,41.6,30,5.0,False
4113.0,5000,5000.0,0.0,6000.0,206900.0,93135.0,113765.0,41.3,41.3,41.3,30,5.0,False
4114.0,5000,5000.0,0.0,6000.0,205900.0,92385.0,113515.0,41.2,41.0,41.2,30,5.0,False
4115.0,5000,5000.0,0.0,6000.0,204900.0,92235.0,112665.0,40.9,40.9,40.9,30,5.0,False
4116.0,5000,5000.0,0.0,6000.0,203900.0,91485.0,112415.0,40.8,40.6,40.8,30,5.0,False
4117.0,5000,5000.0,0.0,6000.0,202900.0,91335.0,111565.0,40.5,40.5,40.5,30,5.0,False
4118.0,5000,5000.0,0.0,6000.0,201900.0,90585.0,111315.0,40.4,40.2,40.4,30,5.0,False
4119.0,5000,5000.0,0.0,6000.0,200900.0,90435.0,110465.0,40.1,40.1,40.1,30,5.0,False
4120.0,5000,5000.0,0.0,6000.0,199900.0,89685.0,110215.0,40.0,39.8,40.0,30,5.0,False
4121.0,5000,5000.0,0.0,6000.0,198900.0,89535.0,109365.0,39.7,39.7,39.7,30,5.0,False
4122.0,5000,5000.0,0.0,6000.0,197900.0,88785.0,109115.0,39.6,39.4,39.6,30,5.0,False
4123.0,5000,5000.0,0.0,6000.0,196900.0,88635.0,108265.0,39.3,39.3,39.3,30,5.0,False
4124.0,5000,5000.0,0.0,6000.0,195900.0,87885.0,108015.0,39.2,39.0,39.2,30,5.0,False
4125.0,5000,5000.0,0.0,6000.0,194900.0,87735.0,107165.0,38.9,38.9,38.9,30,5.0,False
4126.0,5000,5000.0,0.0,6000.0,193900.0,86985.0,106915.0,38.8,38.6,38.8,30,5.0,False
4127.0,5000,5000.0,0.0,6000.0,192900.0,86835.0,106065.0,38.5,38.5,38.5,30,5.0,False
4128.0,5000,5000.0,0.0,6000.0,191900.0,86085.0,105815.0,38.4,38.2,38.4,30,5.0,False
4129.0,5000,5000.0,0.0,6000.0,190900.0,85935.0,104965.0,38.1,38.1,38.1,30,5.0,False
4130.0,5000,5000.0,0.0,6000.0,189900.0,85185.0,104715.0,38.0,37.8,38.0,30,5.0,False
4131.0,5000,5000.0,0.0,6000.0,188900.0,85035.0,103865.0,37.7,37.7,37.7,30,5.0,False
4132.0,5000,5000.0,0.0,6000.0,187900.0,84285.0,103615.0,37.6,37.4,37.6,30,5.0,False
4133.0,5000,5000.0,0.0,6000.0,186900.0,84135.0,102765.0,37.3,37.3,37.3,30,5.0,False
4134.0,5000,5000.0,0.0,6000.0,185900.0,83385.0,102515.0,37.2,37.0,37.2,30,5.0,False
4135.0,5000,5000.0,0.0,6000.0,184900.0,83235.0,101665.0,36.9,36.9,36.9,30,5.0,False
4136.0,5000,5000.0,0.0,6000.0,183900.0,82485.0,101415.0,36.8,36.6,36.8,30,5.0,False
4137.0,5000,5000.0,0.0,6000.0,182900.0,82335.0,100565.0,36.5,36.5,36.5,30,5.0,False
4138.0,5000,5000.0,0.0,6000.0,181900.0,81585.0,100315.0,36.4,36.2,36.4,30,5.0,False
4139.0,5000,5000.0,0.0,6000.0,180900.0,81435.0,99465.0,36.1,36.1,36.1,30,5.0,False
4140.0,5000,5000.0,0.0,6000.0,179900.0,80685.0,99215.0,36.0,35.8,36.0,30,5.0,False
4141.0,5000,5000.0,0.0,6000.0,178900.0,80535.0,98365.0,35.7,35.7,35.7,30,5.0,False
4142.0,5000,5000.0,0.0,6000.0,177900.0,79785.0,98115.0,35.6,35.4,35.6,30,5.0,False
4143.0,5000,5000.0,0.0,6000.0,176900.0,79635.0,97265.0,35.3,35.3,35.3,30,5.0,False
4144.0,5000,5000.0,0.0,6000.0,175900.0,78885.0,97015.0,35.2,35.0,35.2,30,5.0,False
4145.0,5000,5000.0,0.0,6000.0,174900.0,78735.0,96165.0,34.9,34.9,34.9,30,5.0,False
4146.0,5000,5000.0,0.0,6000.0,173900.0,77985.0,95915.0,34.8,34.6,34.8,30,5.0,False
4147.0,5000,5000.0,0.0,6000.0,172900.0,77835.0,95065.0,34.5,34.5,34.5,30,5.0,False
4148.0,5000,5000.0,0.0,6000.0,171900.0,77085.0,94815.0,34.4,34.2,34.4,30,5.0,False
4149.0,5000,5000.0,0.0,6000.0,170900.0,76935.0,93965.0,34.1,34.1,34.1,30,5.0,False
4150.0,5000,5000.0,0.0,6000.0,169900.0,76185.0,93715.0,34.0,33.8,34.0,30,5.0,False
4151.0,5000,5000.0,0.0,6000.0,168900.0,76035.0,92865.0,33.7,33.7,33.7,30,5.0,False
4152.0,5000,5000.0,0.0,6000.0,167900.0,75285.0,92615.0,33.6,33.4,33.6,30,5.0,False
4153.0,5000,5000.0,0.0,6000.0,166900.0,75135.0,91765.0,33.3,33.3,33.3,30,5.0,False
4154.0,5000,5000.0,0.0,6000.0,165900.0,74385.0,91515.0,33.2,33.0,33.2,30,5.0,False
4155.0,5000,5000.0,0.0,6000.0,164900.0,74235.0,90665.0,32.9,32.9,32.9,30,5.0,False
4156.0,5000,5000.0,0.0,6000.0,163900.0,73485.0,90415.0,32.8,32.6,32.8,30,5.0,False
4157.0,5000,5000.0,0.0,6000.0,162900.0,73335.0,89565.0,32.5,32.5,32.5,30,5.0,False
4158.0,5000,5000.0,0.0,6000.0,161900.0,72585.0,89315.0,32.4,32.2,32.4,30,5.0,False
4159.0,5000,5000.0,0.0,6000.0,160900.0,72435.0,88465.0,32.1,32.1,32.1,30,5.0,False
4160.0,5000,5000.0,0.0,6000.0,159900.0,71685.0,88215.0,32.0,31.8,32.0,30,5.0,False
4161.0,5000,5000.0,0.0,6000.0,158900.0,71535.0,87365.0,31.7,31.7,31.7,30,5.0,False
4162.0,5000,5000.0,0.0,6000.0,157900.0,70785.0,87115.0,31.6,31.4,31.6,30,5.0,False
4163.0,5000,5000.0,0.0,6000.0,156900.0,70635.0,86265.0,31.3,31.3,31.3,30,5.0,False
4164.0,5000,5000.0,0.0,6000.0,155900.0,69885.0,86015.0,31.2,31.0,31.2,30,5.0,False
4165.0,5000,5000.0,0.0,6000.0,154900.0,69735.0,85165.0,30.9,30.9,30.9,30,5.0,False
4166.0,5000,5000.0,0.0,6000.0,153900.0,68985.0,84915.0,30.8,30.6,30.8,30,5.0,False
4167.0,5000,5000.0,0.0,6000.0,152900.0,68835.0,84065.0,30.5,30.5,30.5,30,5.0,False
4168.0,5000,5000.0,0.0,6000.0,151900.0,68085.0,83815.0,30.4,30.2,30.4,30,5.0,False
4169.0,5000,5000.0,0.0,6000.0,150900.0,67935.0,82965.0,30.1,30.1,30.1,30,5.0,False
4170.0,5000,5000.0,0.0,6000.0,149900.0,67185.0,82715.0,30.0,29.8,30.0,30,5.0,False
4171.0,5000,5000.0,0.0,6000.0,148900.0,67035.0,81865.0,29.7,29.7,29.7,30,5.0,False
4172.0,5000,5000.0,0.0,6000.0,147900.0,66285.0,81615.0,29.6,29.4,29.6,30,5.0,False
4173.0,5000,5000.0,0.0,6000.0,146900.0,66135.0,80765.0,29.3,29.3,29.3,30,5.0,False
4174.0,5000,5000.0,0.0,6000.0,145900.0,65385.0,80515.0,29.2,29.0,29.2,30,5.0,False
4175.0,5000,5000.0,0.0,6000.0,144900.0,65235.0,79665.0,28.9,28.9,28.9,30,5.0,False
4176.0,5000,5000.0,0.0,6000.0,143900.0,64485.0,79415.0,28.8,28.6,28.8,30,5.0,False
4177.0,5000,5000.0,0.0,6000.0,142900.0,64335.0,78565.0,28.5,28.5,28.5,30,5.0,False
4178.0,5000,5000.0,0.0,6000.0,141900.0,63585.0,78315.0,28.4,28.2,28.4,30,5.0,False
4179.0,5000,5000.0,0.0,6000.0,140900.0,63435.0,77465.0,28.1,28.1,28.1,30,5.0,False
4180.0,5000,5000.0,0.0,6000.0,139900.0,62685.0,77215.0,28.0,27.8,28.0,30,5.0,False
4181.0,5000,5000.0,0.0,6000.0,138900.0,62535.0,76365.0,27.7,27.7,27.7,30,5.0,False
4182.0,5000,5000.0,0.0,6000.0,137900.0,61785.0,76115.0,27.6,27.4,27.6,30,5.0,False
4183.0,5000,5000.0,0.0,6000.0,136900.0,61635.0,75265.0,27.3,27.3,27.3,30,5.0,False
4184.0,5000,5000.0,0.0,6000.0,135900.0,60885.0,75015.0,27.2,27.0,27.2,30,5.0,False
4185.0,5000,5000.0,0.0,6000.0,134900.0,60735.0,74165.0,26.9,26.9,26.9,30,5.0,False
4186.0,5000,5000.0,0.0,6000.0,133900.0,59985.0,73915.0,26.8,26.6,26.8,30,5.0,False
4187.0,5000,5000.0,0.0,6000.0,132900.0,59835.0,73065.0,26.5,26.5,26.5,30,5.0,False
4188.0,5000,5000.0,0.0,6000.0,131900.0,59085.0,72815.0,26.4,26.2,26.4,30,5.0,False
4189.0,5000,5000.0,0.0,6000.0,130900.0,58935.0,71965.0,26.1,26.1,26.1,30,5.0,False
4190.0,5000,5000.0,0.0,6000.0,129900.0,58185.0,71715.0,26.0,25.8,26.0,30,5.0,False
4191.0,5000,5000.0,0.0,6000.0,128900.0,58035.0,70865.0,25.7,25.7,25.7,30,5.0,False
4192.0,5000,5000.0,0.0,6000.0,127900.0,57285.0,70615.0,25.6,25.4,25.6,30,5.0,False
4193.0,5000,5000.0,0.0,6000.0,126900.0,57135.0,69765.0,25.3,25.3,25.3,30,5.0,False
4194.0,5000,5000.0,0.0,6000.0,125900.0,56385.0,69515.0,25.2,25.0,25.2,30,5.0,False
4195.0,5000,5000.0,0.0,6000.0,124900.0,56235.0,68665.0,24.9,24.9,24.9,30,5.0,False
4196.0,5000,5000.0,0.0,6000.0,123900.0,55485.0,68415.0,24.8,24.6,24.8,30,5.0,False
4197.0,5000,5000.0,0.0,6000.0,122900.0,55335.0,67565.0,24.5,24.5,24.5,30,5.0,False
4198.0,5000,5000.0,0.0,6000.0,121900.0,54585.0,67315.0,24.4,24.2,24.4,30,5.0,False
4199.0,5000,5000.0,0.0,6000.0,120900.0,54435.0,66465.0,24.1,24.1,24.1,30,5.0,False
4200.0,5000,5000.0,0.0,6000.0,119900.0,53685.0,66215.0,24.0,23.8,24.0,30,5.0,False
4201.0,5000,5000.0,0.0,6000.0,118900.0,53535.0,65365.0,23.7,23.7,23.7,30,5.0,False
4202.0,5000,5000.0,0.0,6000.0,117900.0,52785.0,65115.0,23.6,23.4,23.6,30,5.0,False
4203.0,5000,5000.0,0.0,6000.0,116900.0,52635.0,64265.0,23.3,23.3,23.3,30,5.0,False
4204.0,5000,5000.0,0.0,6000.0,115900.0,51885.0,64015.0,23.2,23.0,23.2,30,5.0,False
4205.0,5000,5000.0,0.0,6000.0,114900.0,51735.0,63165.0,22.9,22.9,22.9,30,5.0,False
4206.0,5000,5000.0,0.0,6000.0,113900.0,50985.0,62915.0,22.8,22.6,22.8,30,5.0,False
4207.0,5000,5000.0,0.0,6000.0,112900.0,50835.0,62065.0,22.5,22.5,22.5,30,5.0,False
4208.0,5000,5000.0,0.0,6000.0,111900.0,50085.0,61815.0,22.4,22.2,22.4,30,5.0,False
4209.0,5000,5000.0,0.0,6000.0,110900.0,49935.0,60965.0,22.1,22.1,22.1,30,5.0,False
4210.0,5000,5000.0,0.0,6000.0,109900.0,49185.0,60715.0,22.0,21.8,22.0,30,5.0,False
4211.0,5000,5000.0,0.0,6000.0,108900.0,49035.0,59865.0,21.7,21.7,21.7,30,5.0,False
4212.0,5000,5000.0,0.0,6000.0,107900.0,48285.0,59615.0,21.6,21.4,21.6,30,5.0,False
4213.0,5000,5000.0,0.0,6000.0,106900.0,48135.0,58765.0,21.3,21.3,21.3,30,5.0,False
4214.0,5000,5000.0,0.0,6000.0,105900.0,47385.0,58515.0,21.2,21.0,21.2,30,5.0,False
4215.0,5000,5000.0,0.0,6000.0,104900.0,47235.0,57665.0,20.9,20.9,20.9,30,5.0,False
4216.0,5000,5000.0,0.0,6000.0,103900.0,46485.0,57415.0,20.8,20.6,20.8,30,5.0,False
4217.0,5000,5000.0,0.0,6000.0,102900.0,46335.0,56565.0,20.5,20.5,20.5,30,5.0,False
4218.0,5000,5000.0,0.0,6000.0,101900.0,45585.0,56315.0,20.4,20.2,20.4,30,5.0,False
4219.0,5000,5000.0,0.0,6000.0,100900.0,45435.0,55465.0,20.1,20.1,20.1,30,5.0,False
4220.0,5000,5000.0,0.0,6000.0,99900.0,44685.0,55215.0,20.0,19.8,20.0,30,5.0,False
4221.0,5000,5000.0,0.0,6000.0,98900.0,44535.0,54365.0,19.7,19.7,19.7,30,5.0,False
4222.0,5000,5000.0,0.0,6000.0,97900.0,43785.0,54115.0,19.6,19.4,19.6,30,5.0,False
4223.0,5000,5000.0,0.0,6000.0,96900.0,43635.0,53265.0,19.3,19.3,19.3,30,5.0,False
4224.0,5000,5000.0,0.0,6000.0,95900.0,42885.0,53015.0,19.2,19.0,19.2,30,5.0,False
4225.0,5000,5000.0,0.0,6000.0,94900.0,42735.0,52165.0,18.9,18.9,18.9,30,5.0,False
4226.0,5000,5000.0,0.0,6000.0,93900.0,41985.0,51915.0,18.8,18.6,18.8,30,5.0,False
4227.0,5000,5000.0,0.0,6000.0,92900.0,41835.0,51065.0,18.5,18.5,18.5,30,5.0,False
4228.0,5000,5000.0,0.0,6000.0,91900.0,41085.0,50815.0,18.4,18.2,18.4,30,5.0,False
4229.0,5000,5000.0,0.0,6000.0,90900.0,40935.0,49965.0,18.1,18.1,18.1,30,5.0,False
4230.0,5000,5000.0,0.0,6000.0,89900.0,40185.0,49715.0,18.0,17.8,18.0,30,5.0,False
4231.0,5000,5000.0,0.0,6000.0,88900.0,40035.0,48865.0,17.7,17.7,17.7,30,5.0,False
4232.0,5000,5000.0,0.0,6000.0,87900.0,39285.0,48615.0,17.6,17.4,17.6,30,5.0,False
4233.0,5000,5000.0,0.0,6000.0,86900.0,39135.0,47765.0,17.3,17.3,17.3,30,5.0,False
4234.0,5000,5000.0,0.0,6000.0,85900.0,38385.0,47515.0,17.2,17.0,17.2,30,5.0,False
4235.0,5000,5000.0,0.0,6000.0,84900.0,38235.0,46665.0,16.9,16.9,16.9,30,5.0,False
4236.0,5000,5000.0,0.0,6000.0,83900.0,37485.0,46415.0,16.8,16.6,16.8,30,5.0,False
4237.0,5000,5000.0,0.0,6000.0,82900.0,37335.0,45565.0,16.5,16.5,16.5,30,5.0,False
4238.0,5000,5000.0,0.0,6000.0,81900.0,36585.0,45315.0,16.4,16.2,16.4,30,5.0,False
4239.0,5000,5000.0,0.0,6000.0,80900.0,36435.0,44465.0,16.1,16.1,16.1,30,5.0,False
4240.0,5000,5000.0,0.0,6000.0,79900.0,35685.0,44215.0,16.0,15.8,16.0,30,5.0,False
4241.0,5000,5000.0,0.0,6000.0,78900.0,35535.0,43365.0,15.7,15.7,15.7,30,5.0,False
4242.0,5000,5000.0,0.0,6000.0,77900.0,34785.0,43115.0,15.6,15.4,15.6,30,5.0,False
4243.0,5000,5000.0,0.0,6000.0,76900.0,34635.0,42265.0,15.3,15.3,15.3,30,5.0,False
4244.0,5000,5000.0,0.0,6000.0,75900.0,33885.0,42015.0,15.2,15.0,15.2,30,5.0,False
4245.0,5000,5000.0,0.0,6000.0,74900.0,33735.0,41165.0,14.9,14.9,14.9,30,5.0,False
4246.0,5000,5000.0,0.0,6000.0,73900.0,32985.0,40915.0,14.8,14.6,14.8,30,5.0,False
4247.0,5000,5000.0,0.0,6000.0,72900.0,32835.0,40065.0,14.5,14.5,14.5,30,5.0,False
4248.0,5000,5000.0,0.0,6000.0,71900.0,32085.0,39815.0,14.4,14.2,14.4,30,5.0,False
4249.0,5000,5000.0,0.0,6000.0,70900.0,31935.0,38965.0,14.1,14.1,14.1,30,5.0,False
4250.0,5000,5000.0,0.0,6000.0,69900.0,31185.0,38715.0,14.0,13.8,14.0,30,5.0,False
4251.0,5000,5000.0,0.0,6000.0,68900.0,31035.0,37865.0,13.7,13.7,13.7,30,5.0,False
4252.0,5000,5000.0,0.0,6000.0,67900.0,30285.0,37615.0,13.6,13.4,13.6,30,5.0,False
4253.0,5000,5000.0,0.0,6000.0,66900.0,30135.0,36765.0,13.3,13.3,13.3,30,5.0,False
4254.0,5000,5000.0,0.0,6000.0,65900.0,29385.0,36515.0,13.2,13.0,13.2,30,5.0,False
4255.0,5000,5000.0,0.0,6000.0,64900.0,29235.0,35665.0,12.9,12.9,12.9,30,5.0,False
4256.0,5000,5000.0,0.0,6000.0,63900.0,28485.0,35415.0,12.8,12.6,12.8,30,5.0,False
4257.0,5000,5000.0,0.0,6000.0,62900.0,28335.0,34565.0,12.5,12.5,12.5,30,5.0,False
4258.0,5000,5000.0,0.0,6000.0,61900.0,27585.0,34315.0,12.4,12.2,12.4,30,5.0,False
4259.0,5000,5000.0,0.0,6000.0,60900.0,27435.0,33465.0,12.1,12.1,12.1,30,5.0,False
4260.0,5000,5000.0,0.0,6000.0,59900.0,26685.0,33215.0,12.0,11.8,12.0,30,5.0,False
4261.0,5000,5000.0,0.0,6000.0,58900.0,26535.0,32365.0,11.7,11.7,11.7,30,5.0,False
4262.0,5000,5000.0,0.0,6000.0,57900.0,25785.0,32115.0,11.6,11.4,11.6,30,5.0,False
4263.0,5000,5000.0,0.0,6000.0,56900.0,25635.0,31265.0,11.3,11.3,11.3,30,5.0,False
4264.0,5000,5000.0,0.0,6000.0,55900.0,24885.0,31015.0,11.2,11.0,11.2,30,5.0,False
4265.0,5000,5000.0,0.0,6000.0,54900.0,24735.0,30165.0,10.9,10.9,10.9,30,5.0,False
4266.0,5000,5000.0,0.0,6000.0,53900.0,23985.0,29915.0,10.8,10.6,10.8,30,5.0,False
4267.0,5000,5000.0,0.0,6000.0,52900.0,23835.0,29065.0,10.5,10.5,10.5,30,5.0,False
4268.0,5000,5000.0,0.0,6000.0,51900.0,23085.0,28815.0,10.4,10.2,10.4,30,5.0,False
4269.0,5000,5000.0,0.0,6000.0,50900.0,22935.0,27965.0,10.1,10.1,10.1,30,5.0,False
4270.0,5000,5000.0,0.0,6000.0,49900.0,22185.0,27715.0,10.0,9.8,10.0,30,5.0,False
4271.0,5000,5000.0,0.0,6000.0,48900.0,22035.0,26865.0,9.7,9.7,9.7,30,5.0,False
4272.0,5000,5000.0,0.0,6000.0,47900.0,21285.0,26615.0,9.6,9.4,9.6,30,5.0,False
4273.0,5000,5000.0,0.0,6000.0,46900.0,21135.0,25765.0,9.3,9.3,9.3,30,5.0,False
4274.0,5000,5000.0,0.0,6000.0,45900.0,20385.0,25515.0,9.2,9.0,9.2,30,5.0,False
4275.0,5000,5000.0,0.0,6000.0,44900.0,20235.0,24665.0,8.9,8.9,8.9,30,5.0,False
4276.0,5000,5000.0,0.0,6000.0,43900.0,19485.0,24415.0,8.8,8.6,8.8,30,5.0,False
4277.0,5000,5000.0,0.0,6000.0,42900.0,19335.0,23565.0,8.5,8.5,8.5,30,5.0,False
4278.0,5000,5000.0,0.0,6000.0,41900.0,18585.0,23315.0,8.4,8.2,8.4,30,5.0,False
4279.0,5000,5000.0,0.0,6000.0,40900.0,18435.0,22465.0,8.1,8.1,8.1,30,5.0,False
4280.0,5000,5000.0,0.0,6000.0,39900.0,17685.0,22215.0,8.0,7.8,8.0,30,5.0,False
4281.0,5000,5000.0,0.0,6000.0,38900.0,17535.0,21365.0,7.7,7.7,7.7,30,5.0,False
4282.0,5000,5000.0,0.0,6000.0,37900.0,16785.0,21115.0,7.6,7.4,7.6,30,5.0,False
4283.0,5000,5000.0,0.0,6000.0,36900.0,16635.0,20265.0,7.3,7.3,7.3,30,5.0,False
4284.0,5000,5000.0,0.0,6000.0,35900.0,15885.0,20015.0,7.2,7.0,7.2,30,5.0,False
4285.0,5000,5000.0,0.0,6000.0,34900.0,15735.0,19165.0,6.9,6.9,6.9,30,5.0,False
4286.0,5000,5000.0,0.0,6000.0,33900.0,14985.0,18915.0,6.8,6.6,6.8,30,5.0,False
4287.0,5000,5000.0,0.0,6000.0,32900.0,14835.0,18065.0,6.5,6.5,6.5,30,5.0,False
4288.0,5000,5000.0,0.0,6000.0,31900.0,14085.0,17815.0,6.4,6.2,6.4,30,5.0,False
4289.0,5000,5000.0,0.0,6000.0,30900.0,13935.0,16965.0,6.1,6.1,6.1,30,5.0,False
4290.0,5000,5000.0,0.0,6000.0,29900.0,13185.0,16715.0,6.0,5.8,6.0,30,5.0,False
4291.0,5000,5000.0,0.0,6000.0,28900.0,13035.0,15865.0,5.7,5.7,5.7,30,5.0,False
4292.0,5000,5000.0,0.0,6000.0,27900.0,12285.0,15615.0,5.6,5.4,5.6,30,5.0,False
4293.0,5000,5000.0,0.0,6000.0,26900.0,12135.0,14765.0,5.3,5.3,5.3,30,5.0,False
4294.0,5000,5000.0,0.0,6000.0,25900.0,11385.0,14515.0,5.2,5.0,5.2,30,5.0,False
4295.0,5000,5000.0,0.0,6000.0,24900.0,11235.0,13665.0,4.9,4.9,4.9,30,5.0,False
4296.0,5000,5000.0,0.0,6000.0,23900.0,10485.0,13415.0,4.8,4.6,4.8,30,5.0,False
4297.0,5000,5000.0,0.0,6000.0,22900.0,10335.0,12565.0,4.5,4.5,4.5,30,5.0,False
4298.0,5000,5000.0,0.0,6000.0,21900.0,9585.0,12315.0,4.4,4.2,4.4,30,5.0,False
4299.0,5000,5000.0,0.0,6000.0,20900.0,9435.0,11465.0,4.1,4.1,4.1,30,5.0,False
4300.0,5000,5000.0,0.0,6000.0,19900.0,8685.0,11215.0,4.0,3.8,4.0,30,5.0,False
4301.0,5000,5000.0,0.0,6000.0,18900.0,8535.0,10365.0,3.7,3.7,3.7,30,5.0,False
4302.0,5000,5000.0,0.0,6000.0,17900.0,7785.0,10115.0,3.6,3.4,3.6,30,5.0,False
4303.0,5000,5000.0,0.0,6000.0,16900.0,7635.0,9265.0,3.3,3.3,3.3,30,5.0,False
4304.0,5000,5000.0,0.0,6000.0,15900.0,6885.0,9015.0,3.2,3.0,3.2,30,5.0,False
4305.0,5000,5000.0,0.0,6000.0,14900.0,6735.0,8165.0,2.9,2.9,2.9,30,5.0,False
4306.0,5000,5000.0,0.0,6000.0,13900.0,5985.0,7915.0,2.8,2.6,2.8,30,5.0,False
4307.0,5000,5000.0,0.0,6000.0,12900.0,5835.0,7065.0,2.5,2.5,2.5,30,5.0,False
4308.0,5000,5000.0,0.0,6000.0,11900.0,5085.0,6815.0,2.4,2.2,2.4,30,5.0,False
4309.0,5000,5000.0,0.0,6000.0,10900.0,4935.0,5965.0,2.1,2.1,2.1,30,5.0,False
4310.0,5000,5000.0,0.0,6000.0,9900.0,4185.0,5715.0,2.0,1.8,2.0,30,5.0,False
4311.0,5000,5000.0,0.0,6000.0,8900.0,4035.0,4865.0,1.7,1.7,1.7,30,5.0,False
4312.0,5000,5000.0,0.0,6000.0,7900.0,3285.0,4615.0,1.6,1.4,1.6,30,5.0,False
4313.0,5000,5000.0,0.0,6000.0,6900.0,3135.0,3765.0,1.3,1.3,1.3,30,5.0,False
4314.0,5000,5000.0,0.0,6000.0,5900.0,2385.0,3515.0,1.2,1.0,1.2,30,5.0,False
4315.0,5000,5000.0,0.0,6000.0,4900.0,2235.0,2665.0,0.9,0.9,0.9,30,5.0,False
4316.0,5000,5000.0,0.0,6000.0,3900.0,1485.0,2415.0,0.8,0.6,0.8,30,5.0,False
4317.0,5000,5000.0,0.0,6000.0,2900.0,1335.0,1565.0,0.5,0.5,0.5,30,5.0,False
4318.0,5000,5000.0,0.0,6000.0,1900.0,585.0,1315.0,0.4,0.2,0.4,30,5.0,False
4319.0,5000,5000.0,0.0,6000.0,900.0,435.0,465.0,0.1,0.1,0.1,30,5.0,False
4320.0,5000,5000.0,0.0,5000.0,0.0,0.0,-0.0,0.0,0.0,0.0,30,5.0,False
4321.0,5000,5000.0,0.0,5000.0,0.0,0.0,-0.0,0.0,0.0,0.0,30,5.0,False
4322.0,5000,5000.0,0.0,5000.0,0.0,0.0,-0.0,0.0,0.0,0.0,30,5.0,False
4323.0,5000,5000.0,0.0,5000.0,0.0,0.0,-0.0,0.0,0.0,0.0,30,5.0,False
4324.0,5000,5000.0,0.0,5000.0,0.0,0.0,-0.0,0.0,0.0,0.0,30,5.0,False
4325.0,5000,5000.0,0.0,5000.0,0.0,0.0,-0.0,0.0,0.0,0.0,30,5.0,False
4326.0,5000,5000.0,0.0,5000.0,0.0,0.0,-0.0,0.0,0.0,0.0,30,5.0,False
4327.0,5000,5000.0,0.0,5000.0,0.0,0.0,-0.0,0.0,0.0,0.0,30,5.0,False
4328.0,5000,5000.0,0.0,5000.0,0.0,0.0,-0.0,0.0,0.0,0.0,30,5.0,False
4329.0,5000,5000.0,0.0,5000.0,0.0,0.0,-0.0,0.0,0.0,0.0,30,5.0,False
4330.0,5000,5000.0,0.0,5000.0,0.0,0.0,-0.0,0.0,0.0,0.0,30,5.0,False
4331.0,5000,5000.0,0.0,5000.0,0.0,0.0,-0.0,0.0,0.0,0.0,30,5.0,False
4332.0,5000,5000.0,0.0,5000.0,0.0,0.0,-0.0,0.0,0.0,0.0,30,5.0,False
4333.0,5000,5000.0,0.0,5000.0,0.0,0.0,-0.0,0.0,0.0,0.0,30,5.0,False
4334.0,5000,5000.0,0.0,5000.0,0.0,0.0,-0.0,0.0,0.0,0.0,30,5.0,False
4335.0,5000,5000.0,0.0,5000.0,0.0,0.0,-0.0,0.0,0.0,0.0,30,5.0,False
4336.0,5000,5000.0,0.0,5000.0,0.0,0.0,-0.0,0.0,0.0,0.0,30,5.0,False
4337.0,5000,5000.0,0.0,5000.0,0.0,0.0,-0.0,0.0,0.0,0.0,30,5.0,False
4338.0,5000,5000.0,0.0,5000.0,0.0,0.0,-0.0,0.0,0.0,0.0,30,5.0,False
4339.0,5000,5000.0,0.0,5000.0,0.0,0.0,-0.0,0.0,0.0,0.0,30,5.0,False
4340.0,5000,5000.0,0.0,5000.0,0.0,0.0,-0.0,0.0,0.0,0.0,30,5.0,False
4341.0,5000,5000.0,0.0,5000.0,0.0,0.0,-0.0,0.0,0.0,0.0,30,5.0,False
4342.0,5000,5000.0,0.0,5000.0,0.0,0.0,-0.0,0.0,0.0,0.0,30,5.0,False
4343.0,5000,5000.0,0.0,5000.0,0.0,0.0,-0.0,0.0,0.0,0.0,30,5.0,False
4344.0,5000,5000.0,0.0,5000.0,0.0,0.0,-0.0,0.0,0.0,0.0,30,5.0,False
4345.0,5000,5000.0,0.0,5000.0,0.0,0.0,-0.0,0.0,0.0,0.0,30,5.0,False
4346.0,5000,5000.0,0.0,5000.0,0.0,0.0,-0.0,0.0,0.0,0.0,30,5.0,False
4347.0,5000,5000.0,0.0,5000.0,0.0,0.0,-0.0,0.0,0.0,0.0,30,5.0,False
4348.0,5000,5000.0,0.0,5000.0,0.0,0.0,-0.0,0.0,0.0,0.0,30,5.0,False
4349.0,5000,5000.0,0.0,5000.0,0.0,0.0,-0.0,0.0,0.0,0.0,30,5.0,False
4350.0,5000,5000.0,0.0,5000.0,0.0,0.0,-0.0,0.0,0.0,0.0,30,5.0,False
4351.0,5000,5000.0,0.0,5000.0,0.0,0.0,-0.0,0.0,0.0,0.0,30,5.0,False
4352.0,5000,5000.0,0.0,5000.0,0.0,0.0,-0.0,0.0,0.0,0.0,30,5.0,False
4353.0,5000,5000.0,0.0,5000.0,0.0,0.0,-0.0,0.0,0.0,0.0,30,5.0,False
4354.0,5000,5000.0,0.0,5000.0,0.0,0.0,-0.0,0.0,0.0,0.0,30,5.0,False
4355.0,5000,5000.0,0.0,5000.0,0.0,0.0,-0.0,0.0,0.0,0.0,30,5.0,False
4356.0,5000,5000.0,0.0,5000.0,0.0,0.0,-0.0,0.0,0.0,0.0,30,5.0,False
4357.0,5000,5000.0,0.0,5000.0,0.0,0.0,-0.0,0.0,0.0,0.0,30,5.0,False
4358.0,5000,5000.0,0.0,5000.0,0.0,0.0,-0.0,0.0,0.0,0.0,30,5.0,False
4359.0,5000,5000.0,0.0,5000.0,0.0,0.0,-0.0,0.0,0.0,0.0,30,5.0,False
4360.0,5000,5000.0,0.0,5000.0,0.0,0.0,-0.0,0.0,0.0,0.0,30,5.0,False
4361.0,5000,5000.0,0.0,5000.0,0.0,0.0,-0.0,0.0,0.0,0.0,30,5.0,False
4362.0,5000,5000.0,0.0,5000.0,0.0,0.0,-0.0,0.0,0.0,0.0,30,5.0,False
4363.0,5000,5000.0,0.0,5000.0,0.0,0.0,-0.0,0.0,0.0,0.0,30,5.0,False
4364.0,5000,5000.0,0.0,5000.0,0.0,0.0,-0.0,0.0,0.0,0.0,30,5.0,False
4365.0,5000,5000.0,0.0,5000.0,0.0,0.0,-0.0,0.0,0.0,0.0,30,5.0,False
4366.0,5000,5000.0,0.0,5000.0,0.0,0.0,-0.0,0.0,0.0,0.0,30,5.0,False
4367.0,5000,5000.0,0.0,5000.0,0.0,0.0,-0.0,0.0,0.0,0.0,30,5.0,False
4368.0,5000,5000.0,0.0,5000.0,0.0,0.0,-0.0,0.0,0.0,0.0,30,5.0,False
4369.0,5000,5000.0,0.0,5000.0,0.0,0.0,-0.0,0.0,0.0,0.0,30,5.0,False
4370.0,5000,5000.0,0.0,5000.0,0.0,0.0,-0.0,0.0,0.0,0.0,30,5.0,False
4371.0,5000,5000.0,0.0,5000.0,0.0,0.0,-0.0,0.0,0.0,0.0,30,5.0,False
4372.0,5000,5000.0,0.0,5000.0,0.0,0.0,-0.0,0.0,0.0,0.0,30,5.0,False
4373.0,5000,5000.0,0.0,5000.0,0.0,0.0,-0.0,0.0,0.0,0.0,30,5.0,False
4374.0,5000,5000.0,0.0,5000.0,0.0,0.0,-0.0,0.0,0.0,0.0,30,5.0,False
4375.0,5000,5000.0,0.0,5000.0,0.0,0.0,-0.0,0.0,0.0,0.0,30,5.0,False
4376.0,5000,5000.0,0.0,5000.0,0.0,0.0,-0.0,0.0,0.0,0.0,30,5.0,False
4377.0,5000,5000.0,0.0,5000.0,0.0,0.0,-0.0,0.0,0.0,0.0,30,5.0,False
4378.0,5000,5000.0,0.0,5000.0,0.0,0.0,-0.0,0.0,0.0,0.0,30,5.0,False
4379.0,5000,5000.0,0.0,5000.0,0.0,0.0,-0.0,0.0,0.0,0.0,30,5.0,False
4380.0,5000,5000.0,0.0,5000.0,0.0,0.0,-0.0,0.0,0.0,0.0,30,5.0,False
4381.0,5000,5000.0,0.0,5000.0,0.0,0.0,-0.0,0.0,0.0,0.0,30,5.0,False
4382.0,5000,5000.0,0.0,5000.0,0.0,0.0,-0.0,0.0,0.0,0.0,30,5.0,False
4383.0,5000,5000.0,0.0,5000.0,0.0,0.0,-0.0,0.0,0.0,0.0,30,5.0,False
4384.0,5000,5000.0,0.0,5000.0,0.0,0.0,-0.0,0.0,0.0,0.0,30,5.0,False
4385.0,5000,5000.0,0.0,5000.0,0.0,0.0,-0.0,0.0,0.0,0.0,30,5.0,False
4386.0,5000,5000.0,0.0,5000.0,0.0,0.0,-0.0,0.0,0.0,0.0,30,5.0,False
4387.0,5000,5000.0,0.0,5000.0,0.0,0.0,-0.0,0.0,0.0,0.0,30,5.0,False
4388.0,5000,5000.0,0.0,5000.0,0.0,0.0,-0.0,0.0,0.0,0.0,30,5.0,False
4389.0,5000,5000.0,0.0,5000.0,0.0,0.0,-0.0,0.0,0.0,0.0,30,5.0,False
4390.0,5000,5000.0,0.0,5000.0,0.0,0.0,-0.0,0.0,0.0,0.0,30,5.0,False
4391.0,5000,5000.0,0.0,5000.0,0.0,0.0,-0.0,0.0,0.0,0.0,30,5.0,False
4392.0,5000,5000.0,0.0,5000.0,0.0,0.0,-0.0,0.0,0.0,0.0,30,5.0,False
4393.0,5000,5000.0,0.0,5000.0,0.0,0.0,-0.0,0.0,0.0,0.0,30,5.0,False
4394.0,5000,5000.0,0.0,5000.0,0.0,0.0,-0.0,0.0,0.0,0.0,30,5.0,False
4395.0,5000,5000.0,0.0,5000.0,0.0,0.0,-0.0,0.0,0.0,0.0,30,5.0,False
4396.0,5000,5000.0,0.0,5000.0,0.0,0.0,-0.0,0.0,0.0,0.0,30,5.0,False
4397.0,5000,5000.0,0.0,5000.0,0.0,0.0,-0.0,0.0,0.0,0.0,30,5.0,False
4398.0,5000,5000.0,0.0,5000.0,0.0,0.0,-0.0,0.0,0.0,0.0,30,5.0,False
4399.0,5000,5000.0,0.0,5000.0,0.0,0.0,-0.0,0.0,0.0,0.0,30,5.0,False
4400.0,5000,5000.0,0.0,5000.0,0.0,0.0,-0.0,0.0,0.0,0.0,30,5.0,False
4401.0,5000,5000.0,0.0,5000.0,0.0,0.0,-0.0,0.0,0.0,0.0,30,5.0,False
4402.0,5000,5000.0,0.0,5000.0,0.0,0.0,-0.0,0.0,0.0,0.0,30,5.0,False
4403.0,5000,5000.0,0.0,5000.0,0.0,0.0,-0.0,0.0,0.0,0.0,30,5.0,False
4404.0,5000,5000.0,0.0,5000.0,0.0,0.0,-0.0,0.0,0.0,0.0,30,5.0,False
4405.0,5000,5000.0,0.0,5000.0,0.0,0.0,-0.0,0.0,0.0,0.0,30,5.0,False
4406.0,5000,5000.0,0.0,5000.0,0.0,0.0,-0.0,0.0,0.0,0.0,30,5.0,False
4407.0,5000,5000.0,0.0,5000.0,0.0,0.0,-0.0,0.0,0.0,0.0,30,5.0,False
4408.0,5000,5000.0,0.0,5000.0,0.0,0.0,-0.0,0.0,0.0,0.0,30,5.0,False
4409.0,5000,5000.0,0.0,5000.0,0.0,0.0,-0.0,0.0,0.0,0.0,30,5.0,False
4410.0,5000,5000.0,0.0,5000.0,0.0,0.0,-0.0,0.0,0.0,0.0,30,5.0,False
4411.0,5000,5000.0,0.0,5000.0,0.0,0.0,-0.0,0.0,0.0,0.0,30,5.0,False
4412.0,5000,5000.0,0.0,5000.0,0.0,0.0,-0.0,0.0,0.0,0.0,30,5.0,False
4413.0,5000,5000.0,0.0,5000.0,0.0,0.0,-0.0,0.0,0.0,0.0,30,5.0,False
4414.0,5000,5000.0,0.0,5000.0,0.0,0.0,-0.0,0.0,0.0,0.0,30,5.0,False
4415.0,5000,5000.0,0.0,5000.0,0.0,0.0,-0.0,0.0,0.0,0.0,30,5.0,False
4416.0,5000,5000.0,0.0,5000.0,0.0,0.0,-0.0,0.0,0.0,0.0,30,5.0,False
4417.0,5000,5000.0,0.0,5000.0,0.0,0.0,-0.0,0.0,0.0,0.0,30,5.0,False
4418.0,5000,5000.0,0.0,5000.0,0.0,0.0,-0.0,0.0,0.0,0.0,30,5.0,False
4419.0,5000,5000.0,0.0,5000.0,0.0,0.0,-0.0,0.0,0.0,0.0,30,5.0,False
4420.0,5000,5000.0,0.0,5000.0,0.0,0.0,-0.0,0.0,0.0,0.0,30,5.0,False
4421.0,5000,5000.0,0.0,5000.0,0.0,0.0,-0.0,0.0,0.0,0.0,30,5.0,False
4422.0,5000,5000.0,0.0,5000.0,0.0,0.0,-0.0,0.0,0.0,0.0,30,5.0,False
4423.0,5000,5000.0,0.0,5000.0,0.0,0.0,-0.0,0.0,0.0,0.0,30,5.0,False
4424.0,5000,5000.0,0.0,5000.0,0.0,0.0,-0.0,0.0,0.0,0.0,30,5.0,False
4425.0,5000,5000.0,0.0,5000.0,0.0,0.0,-0.0,0.0,0.0,0.0,30,5.0,False
4426.0,5000,5000.0,0.0,5000.0,0.0,0.0,-0.0,0.0,0.0,0.0,30,5.0,False
4427.0,5000,5000.0,0.0,5000.0,0.0,0.0,-0.0,0.0,0.0,0.0,30,5.0,False
4428.0,5000,5000.0,0.0,5000.0,0.0,0.0,-0.0,0.0,0.0,0.0,30,5.0,False
4429.0,5000,5000.0,0.0,5000.0,0.0,0.0,-0.0,0.0,0.0,0.0,30,5.0,False
4430.0,5000,5000.0,0.0,5000.0,0.0,0.0,-0.0,0.0,0.0,0.0,30,5.0,False
4431.0,5000,5000.0,0.0,5000.0,0.0,0.0,-0.0,0.0,0.0,0.0,30,5.0,False
4432.0,5000,5000.0,0.0,5000.0,0.0,0.0,-0.0,0.0,0.0,0.0,30,5.0,False
4433.0,5000,5000.0,0.0,5000.0,0.0,0.0,-0.0,0.0,0.0,0.0,30,5.0,False
4434.0,5000,5000.0,0.0,5000.0,0.0,0.0,-0.0,0.0,0.0,0.0,30,5.0,False
4435.0,5000,5000.0,0.0,5000.0,0.0,0.0,-0.0,0.0,0.0,0.0,30,5.0,False
4436.0,5000,5000.0,0.0,5000.0,0.0,0.0,-0.0,0.0,0.0,0.0,30,5.0,False
4437.0,5000,5000.0,0.0,5000.0,0.0,0.0,-0.0,0.0,0.0,0.0,30,5.0,False
4438.0,5000,5000.0,0.0,5000.0,0.0,0.0,-0.0,0.0,0.0,0.0,30,5.0,False
4439.0,5000,5000.0,0.0,5000.0,0.0,0.0,-0.0,0.0,0.0,0.0,30,5.0,False
4440.0,5000,5000.0,0.0,5000.0,0.0,0.0,-0.0,0.0,0.0,0.0,30,5.0,False
4441.0,5000,5000.0,0.0,5000.0,0.0,0.0,-0.0,0.0,0.0,0.0,30,5.0,False
4442.0,5000,5000.0,0.0,5000.0,0.0,0.0,-0.0,0.0,0.0,0.0,30,5.0,False
4443.0,5000,5000.0,0.0,5000.0,0.0,0.0,-0.0,0.0,0.0,0.0,30,5.0,False
4444.0,5000,5000.0,0.0,5000.0,0.0,0.0,-0.0,0.0,0.0,0.0,30,5.0,False
4445.0,5000,5000.0,0.0,5000.0,0.0,0.0,-0.0,0.0,0.0,0.0,30,5.0,False
4446.0,5000,5000.0,0.0,5000.0,0.0,0.0,-0.0,0.0,0.0,0.0,30,5.0,False
4447.0,5000,5000.0,0.0,5000.0,0.0,0.0,-0.0,0.0,0.0,0.0,30,5.0,False
4448.0,5000,5000.0,0.0,5000.0,0.0,0.0,-0.0,0.0,0.0,0.0,30,5.0,False
4449.0,5000,5000.0,0.0,5000.0,0.0,0.0,-0.0,0.0,0.0,0.0,30,5.0,False
4450.0,5000,5000.0,0.0,5000.0,0.0,0.0,-0.0,0.0,0.0,0.0,30,5.0,False
4451.0,5000,5000.0,0.0,5000.0,0.0,0.0,-0.0,0.0,0.0,0.0,30,5.0,False
4452.0,5000,5000.0,0.0,5000.0,0.0,0.0,-0.0,0.0,0.0,0.0,30,5.0,False
4453.0,5000,5000.0,0.0,5000.0,0.0,0.0,-0.0,0.0,0.0,0.0,30,5.0,False
4454.0,5000,5000.0,0.0,5000.0,0.0,0.0,-0.0,0.0,0.0,0.0,30,5.0,False
4455.0,5000,5000.0,0.0,5000.0,0.0,0.0,-0.0,0.0,0.0,0.0,30,5.0,False
4456.0,5000,5000.0,0.0,5000.0,0.0,0.0,-0.0,0.0,0.0,0.0,30,5.0,False
4457.0,5000,5000.0,0.0,5000.0,0.0,0.0,-0.0,0.0,0.0,0.0,30,5.0,False
4458.0,5000,5000.0,0.0,5000.0,0.0,0.0,-0.0,0.0,0.0,0.0,30,5.0,False
4459.0,5000,5000.0,0.0,5000.0,0.0,0.0,-0.0,0.0,0.0,0.0,30,5.0,False
4460.0,5000,5000.0,0.0,5000.0,0.0,0.0,-0.0,0.0,0.0,0.0,30,5.0,False
4461.0,5000,5000.0,0.0,5000.0,0.0,0.0,-0.0,0.0,0.0,0.0,30,5.0,False
4462.0,5000,5000.0,0.0,5000.0,0.0,0.0,-0.0,0.0,0.0,0.0,30,5.0,False
4463.0,5000,5000.0,0.0,5000.0,0.0,0.0,-0.0,0.0,0.0,0.0,30,5.0,False
4464.0,5000,5000.0,0.0,5000.0,0.0,0.0,-0.0,0.0,0.0,0.0,30,5.0,False
4465.0,5000,5000.0,0.0,5000.0,0.0,0.0,-0.0,0.0,0.0,0.0,30,5.0,False
4466.0,5000,5000.0,0.0,5000.0,0.0,0.0,-0.0,0.0,0.0,0.0,30,5.0,False
4467.0,5000,5000.0,0.0,5000.0,0.0,0.0,-0.0,0.0,0.0,0.0,30,5.0,False
4468.0,5000,5000.0,0.0,5000.0,0.0,0.0,-0.0,0.0,0.0,0.0,30,5.0,False
4469.0,5000,5000.0,0.0,5000.0,0.0,0.0,-0.0,0.0,0.0,0.0,30,5.0,False
4470.0,5000,5000.0,0.0,5000.0,0.0,0.0,-0.0,0.0,0.0,0.0,30,5.0,False
4471.0,5000,5000.0,0.0,5000.0,0.0,0.0,-0.0,0.0,0.0,0.0,30,5.0,False
4472.0,5000,5000.0,0.0,5000.0,0.0,0.0,-0.0,0.0,0.0,0.0,30,5.0,False
4473.0,5000,5000.0,0.0,5000.0,0.0,0.0,-0.0,0.0,0.0,0.0,30,5.0,False
4474.0,5000,5000.0,0.0,5000.0,0.0,0.0,-0.0,0.0,0.0,0.0,30,5.0,False
4475.0,5000,5000.0,0.0,5000.0,0.0,0.0,-0.0,0.0,0.0,0.0,30,5.0,False
4476.0,5000,5000.0,0.0,5000.0,0.0,0.0,-0.0,0.0,0.0,0.0,30,5.0,False
4477.0,5000,5000.0,0.0,5000.0,0.0,0.0,-0.0,0.0,0.0,0.0,30,5.0,False
4478.0,5000,5000.0,0.0,5000.0,0.0,0.0,-0.0,0.0,0.0,0.0,30,5.0,False
4479.0,5000,5000.0,0.0,5000.0,0.0,0.0,-0.0,0.0,0.0,0.0,30,5.0,False
4480.0,5000,5000.0,0.0,5000.0,0.0,0.0,-0.0,0.0,0.0,0.0,30,5.0,False
4481.0,5000,5000.0,0.0,5000.0,0.0,0.0,-0.0,0.0,0.0,0.0,30,5.0,False
4482.0,5000,5000.0,0.0,5000.0,0.0,0.0,-0.0,0.0,0.0,0.0,30,5.0,False
4483.0,5000,5000.0,0.0,5000.0,0.0,0.0,-0.0,0.0,0.0,0.0,30,5.0,False
4484.0,5000,5000.0,0.0,5000.0,0.0,0.0,-0.0,0.0,0.0,0.0,30,5.0,False
4485.0,5000,5000.0,0.0,5000.0,0.0,0.0,-0.0,0.0,0.0,0.0,30,5.0,False
4486.0,5000,5000.0,0.0,5000.0,0.0,0.0,-0.0,0.0,0.0,0.0,30,5.0,False
4487.0,5000,5000.0,0.0,5000.0,0.0,0.0,-0.0,0.0,0.0,0.0,30,5.0,False
4488.0,5000,5000.0,0.0,5000.0,0.0,0.0,-0.0,0.0,0.0,0.0,30,5.0,False
4489.0,5000,5000.0,0.0,5000.0,0.0,0.0,-0.0,0.0,0.0,0.0,30,5.0,False
4490.0,5000,5000.0,0.0,5000.0,0.0,0.0,-0.0,0.0,0.0,0.0,30,5.0,False
4491.0,5000,5000.0,0.0,5000.0,0.0,0.0,-0.0,0.0,0.0,0.0,30,5.0,False
4492.0,5000,5000.0,0.0,5000.0,0.0,0.0,-0.0,0.0,0.0,0.0,30,5.0,False
4493.0,5000,5000.0,0.0,5000.0,0.0,0.0,-0.0,0.0,0.0,0.0,30,5.0,False
4494.0,5000,5000.0,0.0,5000.0,0.0,0.0,-0.0,0.0,0.0,0.0,30,5.0,False
4495.0,5000,5000.0,0.0,5000.0,0.0,0.0,-0.0,0.0,0.0,0.0,30,5.0,False
4496.0,5000,5000.0,0.0,5000.0,0.0,0.0,-0.0,0.0,0.0,0.0,30,5.0,False
4497.0,5000,5000.0,0.0,5000.0,0.0,0.0,-0.0,0.0,0.0,0.0,30,5.0,False
4498.0,5000,5000.0,0.0,5000.0,0.0,0.0,-0.0,0.0,0.0,0.0,30,5.0,False
4499.0,5000,5000.0,0.0,5000.0,0.0,0.0,-0.0,0.0,0.0,0.0,30,5.0,False
4500.0,5000,5000.0,0.0,5000.0,0.0,0.0,-0.0,0.0,0.0,0.0,30,5.0,False
4501.0,5000,5000.0,0.0,5000.0,0.0,0.0,-0.0,0.0,0.0,0.0,30,5.0,False
4502.0,5000,5000.0,0.0,5000.0,0.0,0.0,-0.0,0.0,0.0,0.0,30,5.0,False
4503.0,5000,5000.0,0.0,5000.0,0.0,0.0,-0.0,0.0,0.0,0.0,30,5.0,False
4504.0,5000,5000.0,0.0,5000.0,0.0,0.0,-0.0,0.0,0.0,0.0,30,5.0,False
4505.0,5000,5000.0,0.0,5000.0,0.0,0.0,-0.0,0.0,0.0,0.0,30,5.0,False
4506.0,5000,5000.0,0.0,5000.0,0.0,0.0,-0.0,0.0,0.0,0.0,30,5.0,False
4507.0,5000,5000.0,0.0,5000.0,0.0,0.0,-0.0,0.0,0.0,0.0,30,5.0,False
4508.0,5000,5000.0,0.0,5000.0,0.0,0.0,-0.0,0.0,0.0,0.0,30,5.0,False
4509.0,5000,5000.0,0.0,5000.0,0.0,0.0,-0.0,0.0,0.0,0.0,30,5.0,False
4510.0,5000,5000.0,0.0,5000.0,0.0,0.0,-0.0,0.0,0.0,0.0,30,5.0,False
4511.0,5000,5000.0,0.0,5000.0,0.0,0.0,-0.0,0.0,0.0,0.0,30,5.0,False
4512.0,5000,5000.0,0.0,5000.0,0.0,0.0,-0.0,0.0,0.0,0.0,30,5.0,False
4513.0,5000,5000.0,0.0,5000.0,0.0,0.0,-0.0,0.0,0.0,0.0,30,5.0,False
4514.0,5000,5000.0,0.0,5000.0,0.0,0.0,-0.0,0.0,0.0,0.0,30,5.0,False
4515.0,5000,5000.0,0.0,5000.0,0.0,0.0,-0.0,0.0,0.0,0.0,30,5.0,False
4516.0,5000,5000.0,0.0,5000.0,0.0,0.0,-0.0,0.0,0.0,0.0,30,5.0,False
4517.0,5000,5000.0,0.0,5000.0,0.0,0.0,-0.0,0.0,0.0,0.0,30,5.0,False
4518.0,5000,5000.0,0.0,5000.0,0.0,0.0,-0.0,0.0,0.0,0.0,30,5.0,False
4519.0,5000,5000.0,0.0,5000.0,0.0,0.0,-0.0,0.0,0.0,0.0,30,5.0,False
4520.0,5000,5000.0,0.0,5000.0,0.0,0.0,-0.0,0.0,0.0,0.0,30,5.0,False
4521.0,5000,5000.0,0.0,5000.0,0.0,0.0,-0.0,0.0,0.0,0.0,30,5.0,False
4522.0,5000,5000.0,0.0,5000.0,0.0,0.0,-0.0,0.0,0.0,0.0,30,5.0,False
4523.0,5000,5000.0,0.0,5000.0,0.0,0.0,-0.0,0.0,0.0,0.0,30,5.0,False
4524.0,5000,5000.0,0.0,5000.0,0.0,0.0,-0.0,0.0,0.0,0.0,30,5.0,False
4525.0,5000,5000.0,0.0,5000.0,0.0,0.0,-0.0,0.0,0.0,0.0,30,5.0,False
4526.0,5000,5000.0,0.0,5000.0,0.0,0.0,-0.0,0.0,0.0,0.0,30,5.0,False
4527.0,5000,5000.0,0.0,5000.0,0.0,0.0,-0.0,0.0,0.0,0.0,30,5.0,False
4528.0,5000,5000.0,0.0,5000.0,0.0,0.0,-0.0,0.0,0.0,0.0,30,5.0,False
4529.0,5000,5000.0,0.0,5000.0,0.0,0.0,-0.0,0.0,0.0,0.0,30,5.0,False
4530.0,5000,5000.0,0.0,5000.0,0.0,0.0,-0.0,0.0,0.0,0.0,30,5.0,False
4531.0,5000,5000.0,0.0,5000.0,0.0,0.0,-0.0,0.0,0.0,0.0,30,5.0,False
4532.0,5000,5000.0,0.0,5000.0,0.0,0.0,-0.0,0.0,0.0,0.0,30,5.0,False
4533.0,5000,5000.0,0.0,5000.0,0.0,0.0,-0.0,0.0,0.0,0.0,30,5.0,False
4534.0,5000,5000.0,0.0,5000.0,0.0,0.0,-0.0,0.0,0.0,0.0,30,5.0,False
4535.0,5000,5000.0,0.0,5000.0,0.0,0.0,-0.0,0.0,0.0,0.0,30,5.0,False
4536.0,5000,5000.0,0.0,5000.0,0.0,0.0,-0.0,0.0,0.0,0.0,30,5.0,False
4537.0,5000,5000.0,0.0,5000.0,0.0,0.0,-0.0,0.0,0.0,0.0,30,5.0,False
4538.0,5000,5000.0,0.0,5000.0,0.0,0.0,-0.0,0.0,0.0,0.0,30,5.0,False
4539.0,5000,5000.0,0.0,5000.0,0.0,0.0,-0.0,0.0,0.0,0.0,30,5.0,False
4540.0,5000,5000.0,0.0,5000.0,0.0,0.0,-0.0,0.0,0.0,0.0,30,5.0,False
4541.0,5000,5000.0,0.0,5000.0,0.0,0.0,-0.0,0.0,0.0,0.0,30,5.0,False
4542.0,5000,5000.0,0.0,5000.0,0.0,0.0,-0.0,0.0,0.0,0.0,30,5.0,False
4543.0,5000,5000.0,0.0,5000.0,0.0,0.0,-0.0,0.0,0.0,0.0,30,5.0,False
4544.0,5000,5000.0,0.0,5000.0,0.0,0.0,-0.0,0.0,0.0,0.0,30,5.0,False
4545.0,5000,5000.0,0.0,5000.0,0.0,0.0,-0.0,0.0,0.0,0.0,30,5.0,False
4546.0,5000,5000.0,0.0,5000.0,0.0,0.0,-0.0,0.0,0.0,0.0,30,5.0,False
4547.0,5000,5000.0,0.0,5000.0,0.0,0.0,-0.0,0.0,0.0,0.0,30,5.0,False
4548.0,5000,5000.0,0.0,5000.0,0.0,0.0,-0.0,0.0,0.0,0.0,30,5.0,False
4549.0,5000,5000.0,0.0,5000.0,0.0,0.0,-0.0,0.0,0.0,0.0,30,5.0,False
4550.0,5000,5000.0,0.0,5000.0,0.0,0.0,-0.0,0.0,0.0,0.0,30,5.0,False
4551.0,5000,5000.0,0.0,5000.0,0.0,0.0,-0.0,0.0,0.0,0.0,30,5.0,False
4552.0,5000,5000.0,0.0,5000.0,0.0,0.0,-0.0,0.0,0.0,0.0,30,5.0,False
4553.0,5000,5000.0,0.0,5000.0,0.0,0.0,-0.0,0.0,0.0,0.0,30,5.0,False
4554.0,5000,5000.0,0.0,5000.0,0.0,0.0,-0.0,0.0,0.0,0.0,30,5.0,False
4555.0,5000,5000.0,0.0,5000.0,0.0,0.0,-0.0,0.0,0.0,0.0,30,5.0,False
4556.0,5000,5000.0,0.0,5000.0,0.0,0.0,-0.0,0.0,0.0,0.0,30,5.0,False
4557.0,5000,5000.0,0.0,5000.0,0.0,0.0,-0.0,0.0,0.0,0.0,30,5.0,False
4558.0,5000,5000.0,0.0,5000.0,0.0,0.0,-0.0,0.0,0.0,0.0,30,5.0,False
4559.0,5000,5000.0,0.0,5000.0,0.0,0.0,-0.0,0.0,0.0,0.0,30,5.0,False
4560.0,5000,5000.0,0.0,5000.0,0.0,0.0,-0.0,0.0,0.0,0.0,30,5.0,False
4561.0,5000,5000.0,0.0,5000.0,0.0,0.0,-0.0,0.0,0.0,0.0,30,5.0,False
4562.0,5000,5000.0,0.0,5000.0,0.0,0.0,-0.0,0.0,0.0,0.0,30,5.0,False
4563.0,5000,5000.0,0.0,5000.0,0.0,0.0,-0.0,0.0,0.0,0.0,30,5.0,False
4564.0,5000,5000.0,0.0,5000.0,0.0,0.0,-0.0,0.0,0.0,0.0,30,5.0,False
4565.0,5000,5000.0,0.0,5000.0,0.0,0.0,-0.0,0.0,0.0,0.0,30,5.0,False
4566.0,5000,5000.0,0.0,5000.0,0.0,0.0,-0.0,0.0,0.0,0.0,30,5.0,False
4567.0,5000,5000.0,0.0,5000.0,0.0,0.0,-0.0,0.0,0.0,0.0,30,5.0,False
4568.0,5000,5000.0,0.0,5000.0,0.0,0.0,-0.0,0.0,0.0,0.0,30,5.0,False
4569.0,5000,5000.0,0.0,5000.0,0.0,0.0,-0.0,0.0,0.0,0.0,30,5.0,False
4570.0,5000,5000.0,0.0,5000.0,0.0,0.0,-0.0,0.0,0.0,0.0,30,5.0,False
4571.0,5000,5000.0,0.0,5000.0,0.0,0.0,-0.0,0.0,0.0,0.0,30,5.0,False
4572.0,5000,5000.0,0.0,5000.0,0.0,0.0,-0.0,0.0,0.0,0.0,30,5.0,False
4573.0,5000,5000.0,0.0,5000.0,0.0,0.0,-0.0,0.0,0.0,0.0,30,5.0,False
4574.0,5000,5000.0,0.0,5000.0,0.0,0.0,-0.0,0.0,0.0,0.0,30,5.0,False
4575.0,5000,5000.0,0.0,5000.0,0.0,0.0,-0.0,0.0,0.0,0.0,30,5.0,False
4576.0,5000,5000.0,0.0,5000.0,0.0,0.0,-0.0,0.0,0.0,0.0,30,5.0,False
4577.0,5000,5000.0,0.0,5000.0,0.0,0.0,-0.0,0.0,0.0,0.0,30,5.0,False
4578.0,5000,5000.0,0.0,5000.0,0.0,0.0,-0.0,0.0,0.0,0.0,30,5.0,False
4579.0,5000,5000.0,0.0,5000.0,0.0,0.0,-0.0,0.0,0.0,0.0,30,5.0,False
4580.0,5000,5000.0,0.0,5000.0,0.0,0.0,-0.0,0.0,0.0,0.0,30,5.0,False
4581.0,5000,5000.0,0.0,5000.0,0.0,0.0,-0.0,0.0,0.0,0.0,30,5.0,False
4582.0,5000,5000.0,0.0,5000.0,0.0,0.0,-0.0,0.0,0.0,0.0,30,5.0,False
4583.0,5000,5000.0,0.0,5000.0,0.0,0.0,-0.0,0.0,0.0,0.0,30,5.0,False
4584.0,5000,5000.0,0.0,5000.0,0.0,0.0,-0.0,0.0,0.0,0.0,30,5.0,False
4585.0,5000,5000.0,0.0,5000.0,0.0,0.0,-0.0,0.0,0.0,0.0,30,5.0,False
4586.0,5000,5000.0,0.0,5000.0,0.0,0.0,-0.0,0.0,0.0,0.0,30,5.0,False
4587.0,5000,5000.0,0.0,5000.0,0.0,0.0,-0.0,0.0,0.0,0.0,30,5.0,False
4588.0,5000,5000.0,0.0,5000.0,0.0,0.0,-0.0,0.0,0.0,0.0,30,5.0,False
4589.0,5000,5000.0,0.0,5000.0,0.0,0.0,-0.0,0.0,0.0,0.0,30,5.0,False
4590.0,5000,5000.0,0.0,5000.0,0.0,0.0,-0.0,0.0,0.0,0.0,30,5.0,False
4591.0,5000,5000.0,0.0,5000.0,0.0,0.0,-0.0,0.0,0.0,0.0,30,5.0,False
4592.0,5000,5000.0,0.0,5000.0,0.0,0.0,-0.0,0.0,0.0,0.0,30,5.0,False
4593.0,5000,5000.0,0.0,5000.0,0.0,0.0,-0.0,0.0,0.0,0.0,30,5.0,False
4594.0,5000,5000.0,0.0,5000.0,0.0,0.0,-0.0,0.0,0.0,0.0,30,5.0,False
4595.0,5000,5000.0,0.0,5000.0,0.0,0.0,-0.0,0.0,0.0,0.0,30,5.0,False
4596.0,5000,5000.0,0.0,5000.0,0.0,0.0,-0.0,0.0,0.0,0.0,30,5.0,False
4597.0,5000,5000.0,0.0,5000.0,0.0,0.0,-0.0,0.0,0.0,0.0,30,5.0,False
4598.0,5000,5000.0,0.0,5000.0,0.0,0.0,-0.0,0.0,0.0,0.0,30,5.0,False
4599.0,5000,5000.0,0.0,5000.0,0.0,0.0,-0.0,0.0,0.0,0.0,30,5.0,False
4600.0,5000,5000.0,0.0,5000.0,0.0,0.0,-0.0,0.0,0.0,0.0,30,5.0,False
4601.0,5000,5000.0,0.0,5000.0,0.0,0.0,-0.0,0.0,0.0,0.0,30,5.0,False
4602.0,5000,5000.0,0.0,5000.0,0.0,0.0,-0.0,0.0,0.0,0.0,30,5.0,False
4603.0,5000,5000.0,0.0,5000.0,0.0,0.0,-0.0,0.0,0.0,0.0,30,5.0,False
4604.0,5000,5000.0,0.0,5000.0,0.0,0.0,-0.0,0.0,0.0,0.0,30,5.0,False
4605.0,5000,5000.0,0.0,5000.0,0.0,0.0,-0.0,0.0,0.0,0.0,30,5.0,False
4606.0,5000,5000.0,0.0,5000.0,0.0,0.0,-0.0,0.0,0.0,0.0,30,5.0,False
4607.0,5000,5000.0,0.0,5000.0,0.0,0.0,-0.0,0.0,0.0,0.0,30,5.0,False
4608.0,5000,5000.0,0.0,5000.0,0.0,0.0,-0.0,0.0,0.0,0.0,30,5.0,False
4609.0,5000,5000.0,0.0,5000.0,0.0,0.0,-0.0,0.0,0.0,0.0,30,5.0,False
4610.0,5000,5000.0,0.0,5000.0,0.0,0.0,-0.0,0.0,0.0,0.0,30,5.0,False
4611.0,5000,5000.0,0.0,5000.0,0.0,0.0,-0.0,0.0,0.0,0.0,30,5.0,False
4612.0,5000,5000.0,0.0,5000.0,0.0,0.0,-0.0,0.0,0.0,0.0,30,5.0,False
4613.0,5000,5000.0,0.0,5000.0,0.0,0.0,-0.0,0.0,0.0,0.0,30,5.0,False
4614.0,5000,5000.0,0.0,5000.0,0.0,0.0,-0.0,0.0,0.0,0.0,30,5.0,False
4615.0,5000,5000.0,0.0,5000.0,0.0,0.0,-0.0,0.0,0.0,0.0,30,5.0,False
4616.0,5000,5000.0,0.0,5000.0,0.0,0.0,-0.0,0.0,0.0,0.0,30,5.0,False
4617.0,5000,5000.0,0.0,5000.0,0.0,0.0,-0.0,0.0,0.0,0.0,30,5.0,False
4618.0,5000,5000.0,0.0,5000.0,0.0,0.0,-0.0,0.0,0.0,0.0,30,5.0,False
4619.0,5000,5000.0,0.0,5000.0,0.0,0.0,-0.0,0.0,0.0,0.0,30,5.0,False
4620.0,5000,5000.0,0.0,5000.0,0.0,0.0,-0.0,0.0,0.0,0.0,30,5.0,False
4621.0,5000,5000.0,0.0,5000.0,0.0,0.0,-0.0,0.0,0.0,0.0,30,5.0,False
4622.0,5000,5000.0,0.0,5000.0,0.0,0.0,-0.0,0.0,0.0,0.0,30,5.0,False
4623.0,5000,5000.0,0.0,5000.0,0.0,0.0,-0.0,0.0,0.0,0.0,30,5.0,False
4624.0,5000,5000.0,0.0,5000.0,0.0,0.0,-0.0,0.0,0.0,0.0,30,5.0,False
4625.0,5000,5000.0,0.0,5000.0,0.0,0.0,-0.0,0.0,0.0,0.0,30,5.0,False
4626.0,5000,5000.0,0.0,5000.0,0.0,0.0,-0.0,0.0,0.0,0.0,30,5.0,False
4627.0,5000,5000.0,0.0,5000.0,0.0,0.0,-0.0,0.0,0.0,0.0,30,5.0,False
4628.0,5000,5000.0,0.0,5000.0,0.0,0.0,-0.0,0.0,0.0,0.0,30,5.0,False
4629.0,5000,5000.0,0.0,5000.0,0.0,0.0,-0.0,0.0,0.0,0.0,30,5.0,False
4630.0,5000,5000.0,0.0,5000.0,0.0,0.0,-0.0,0.0,0.0,0.0,30,5.0,False
4631.0,5000,5000.0,0.0,5000.0,0.0,0.0,-0.0,0.0,0.0,0.0,30,5.0,False
4632.0,5000,5000.0,0.0,5000.0,0.0,0.0,-0.0,0.0,0.0,0.0,30,5.0,False
4633.0,5000,5000.0,0.0,5000.0,0.0,0.0,-0.0,0.0,0.0,0.0,30,5.0,False
4634.0,5000,5000.0,0.0,5000.0,0.0,0.0,-0.0,0.0,0.0,0.0,30,5.0,False
4635.0,5000,5000.0,0.0,5000.0,0.0,0.0,-0.0,0.0,0.0,0.0,30,5.0,False
4636.0,5000,5000.0,0.0,5000.0,0.0,0.0,-0.0,0.0,0.0,0.0,30,5.0,False
4637.0,5000,5000.0,0.0,5000.0,0.0,0.0,-0.0,0.0,0.0,0.0,30,5.0,False
4638.0,5000,5000.0,0.0,5000.0,0.0,0.0,-0.0,0.0,0.0,0.0,30,5.0,False
4639.0,5000,5000.0,0.0,5000.0,0.0,0.0,-0.0,0.0,0.0,0.0,30,5.0,False
4640.0,5000,5000.0,0.0,5000.0,0.0,0.0,-0.0,0.0,0.0,0.0,30,5.0,False
4641.0,5000,5000.0,0.0,5000.0,0.0,0.0,-0.0,0.0,0.0,0.0,30,5.0,False
4642.0,5000,5000.0,0.0,5000.0,0.0,0.0,-0.0,0.0,0.0,0.0,30,5.0,False
4643.0,5000,5000.0,0.0,5000.0,0.0,0.0,-0.0,0.0,0.0,0.0,30,5.0,False
4644.0,5000,5000.0,0.0,5000.0,0.0,0.0,-0.0,0.0,0.0,0.0,30,5.0,False
4645.0,5000,5000.0,0.0,5000.0,0.0,0.0,-0.0,0.0,0.0,0.0,30,5.0,False
4646.0,5000,5000.0,0.0,5000.0,0.0,0.0,-0.0,0.0,0.0,0.0,30,5.0,False
4647.0,5000,5000.0,0.0,5000.0,0.0,0.0,-0.0,0.0,0.0,0.0,30,5.0,False
4648.0,5000,5000.0,0.0,5000.0,0.0,0.0,-0.0,0.0,0.0,0.0,30,5.0,False
4649.0,5000,5000.0,0.0,5000.0,0.0,0.0,-0.0,0.0,0.0,0.0,30,5.0,False
4650.0,5000,5000.0,0.0,5000.0,0.0,0.0,-0.0,0.0,0.0,0.0,30,5.0,False
4651.0,5000,5000.0,0.0,5000.0,0.0,0.0,-0.0,0.0,0.0,0.0,30,5.0,False
4652.0,5000,5000.0,0.0,5000.0,0.0,0.0,-0.0,0.0,0.0,0.0,30,5.0,False
4653.0,5000,5000.0,0.0,5000.0,0.0,0.0,-0.0,0.0,0.0,0.0,30,5.0,False
4654.0,5000,5000.0,0.0,5000.0,0.0,0.0,-0.0,0.0,0.0,0.0,30,5.0,False
4655.0,5000,5000.0,0.0,5000.0,0.0,0.0,-0.0,0.0,0.0,0.0,30,5.0,False
4656.0,5000,5000.0,0.0,5000.0,0.0,0.0,-0.0,0.0,0.0,0.0,30,5.0,False
4657.0,5000,5000.0,0.0,5000.0,0.0,0.0,-0.0,0.0,0.0,0.0,30,5.0,False
4658.0,5000,5000.0,0.0,5000.0,0.0,0.0,-0.0,0.0,0.0,0.0,30,5.0,False
4659.0,5000,5000.0,0.0,5000.0,0.0,0.0,-0.0,0.0,0.0,0.0,30,5.0,False
4660.0,5000,5000.0,0.0,5000.0,0.0,0.0,-0.0,0.0,0.0,0.0,30,5.0,False
4661.0,5000,5000.0,0.0,5000.0,0.0,0.0,-0.0,0.0,0.0,0.0,30,5.0,False
4662.0,5000,5000.0,0.0,5000.0,0.0,0.0,-0.0,0.0,0.0,0.0,30,5.0,False
4663.0,5000,5000.0,0.0,5000.0,0.0,0.0,-0.0,0.0,0.0,0.0,30,5.0,False
4664.0,5000,5000.0,0.0,5000.0,0.0,0.0,-0.0,0.0,0.0,0.0,30,5.0,False
4665.0,5000,5000.0,0.0,5000.0,0.0,0.0,-0.0,0.0,0.0,0.0,30,5.0,False
4666.0,5000,5000.0,0.0,5000.0,0.0,0.0,-0.0,0.0,0.0,0.0,30,5.0,False
4667.0,5000,5000.0,0.0,5000.0,0.0,0.0,-0.0,0.0,0.0,0.0,30,5.0,False
4668.0,5000,5000.0,0.0,5000.0,0.0,0.0,-0.0,0.0,0.0,0.0,30,5.0,False
4669.0,5000,5000.0,0.0,5000.0,0.0,0.0,-0.0,0.0,0.0,0.0,30,5.0,False
4670.0,5000,5000.0,0.0,5000.0,0.0,0.0,-0.0,0.0,0.0,0.0,30,5.0,False
4671.0,5000,5000.0,0.0,5000.0,0.0,0.0,-0.0,0.0,0.0,0.0,30,5.0,False
4672.0,5000,5000.0,0.0,5000.0,0.0,0.0,-0.0,0.0,0.0,0.0,30,5.0,False
4673.0,5000,5000.0,0.0,5000.0,0.0,0.0,-0.0,0.0,0.0,0.0,30,5.0,False
4674.0,5000,5000.0,0.0,5000.0,0.0,0.0,-0.0,0.0,0.0,0.0,30,5.0,False
4675.0,5000,5000.0,0.0,5000.0,0.0,0.0,-0.0,0.0,0.0,0.0,30,5.0,False
4676.0,5000,5000.0,0.0,5000.0,0.0,0.0,-0.0,0.0,0.0,0.0,30,5.0,False
4677.0,5000,5000.0,0.0,5000.0,0.0,0.0,-0.0,0.0,0.0,0.0,30,5.0,False
4678.0,5000,5000.0,0.0,5000.0,0.0,0.0,-0.0,0.0,0.0,0.0,30,5.0,False
4679.0,5000,5000.0,0.0,5000.0,0.0,0.0,-0.0,0.0,0.0,0.0,30,5.0,False
4680.0,5000,5000.0,0.0,5000.0,0.0,0.0,-0.0,0.0,0.0,0.0,30,5.0,False
4681.0,5000,5000.0,0.0,5000.0,0.0,0.0,-0.0,0.0,0.0,0.0,30,5.0,False
4682.0,5000,5000.0,0.0,5000.0,0.0,0.0,-0.0,0.0,0.0,0.0,30,5.0,False
4683.0,5000,5000.0,0.0,5000.0,0.0,0.0,-0.0,0.0,0.0,0.0,30,5.0,False
4684.0,5000,5000.0,0.0,5000.0,0.0,0.0,-0.0,0.0,0.0,0.0,30,5.0,False
4685.0,5000,5000.0,0.0,5000.0,0.0,0.0,-0.0,0.0,0.0,0.0,30,5.0,False
4686.0,5000,5000.0,0.0,5000.0,0.0,0.0,-0.0,0.0,0.0,0.0,30,5.0,False
4687.0,5000,5000.0,0.0,5000.0,0.0,0.0,-0.0,0.0,0.0,0.0,30,5.0,False
4688.0,5000,5000.0,0.0,5000.0,0.0,0.0,-0.0,0.0,0.0,0.0,30,5.0,False
4689.0,5000,5000.0,0.0,5000.0,0.0,0.0,-0.0,0.0,0.0,0.0,30,5.0,False
4690.0,5000,5000.0,0.0,5000.0,0.0,0.0,-0.0,0.0,0.0,0.0,30,5.0,False
4691.0,5000,5000.0,0.0,5000.0,0.0,0.0,-0.0,0.0,0.0,0.0,30,5.0,False
4692.0,5000,5000.0,0.0,5000.0,0.0,0.0,-0.0,0.0,0.0,0.0,30,5.0,False
4693.0,5000,5000.0,0.0,5000.0,0.0,0.0,-0.0,0.0,0.0,0.0,30,5.0,False
4694.0,5000,5000.0,0.0,5000.0,0.0,0.0,-0.0,0.0,0.0,0.0,30,5.0,False
4695.0,5000,5000.0,0.0,5000.0,0.0,0.0,-0.0,0.0,0.0,0.0,30,5.0,False
4696.0,5000,5000.0,0.0,5000.0,0.0,0.0,-0.0,0.0,0.0,0.0,30,5.0,False
4697.0,5000,5000.0,0.0,5000.0,0.0,0.0,-0.0,0.0,0.0,0.0,30,5.0,False
4698.0,5000,5000.0,0.0,5000.0,0.0,0.0,-0.0,0.0,0.0,0.0,30,5.0,False
4699.0,5000,5000.0,0.0,5000.0,0.0,0.0,-0.0,0.0,0.0,0.0,30,5.0,False
4700.0,5000,5000.0,0.0,5000.0,0.0,0.0,-0.0,0.0,0.0,0.0,30,5.0,False
4701.0,5000,5000.0,0.0,5000.0,0.0,0.0,-0.0,0.0,0.0,0.0,30,5.0,False
4702.0,5000,5000.0,0.0,5000.0,0.0,0.0,-0.0,0.0,0.0,0.0,30,5.0,False
4703.0,5000,5000.0,0.0,5000.0,0.0,0.0,-0.0,0.0,0.0,0.0,30,5.0,False
4704.0,5000,5000.0,0.0,5000.0,0.0,0.0,-0.0,0.0,0.0,0.0,30,5.0,False
4705.0,5000,5000.0,0.0,5000.0,0.0,0.0,-0.0,0.0,0.0,0.0,30,5.0,False
4706.0,5000,5000.0,0.0,5000.0,0.0,0.0,-0.0,0.0,0.0,0.0,30,5.0,False
4707.0,5000,5000.0,0.0,5000.0,0.0,0.0,-0.0,0.0,0.0,0.0,30,5.0,False
4708.0,5000,5000.0,0.0,5000.0,0.0,0.0,-0.0,0.0,0.0,0.0,30,5.0,False
4709.0,5000,5000.0,0.0,5000.0,0.0,0.0,-0.0,0.0,0.0,0.0,30,5.0,False
4710.0,5000,5000.0,0.0,5000.0,0.0,0.0,-0.0,0.0,0.0,0.0,30,5.0,False
4711.0,5000,5000.0,0.0,5000.0,0.0,0.0,-0.0,0.0,0.0,0.0,30,5.0,False
4712.0,5000,5000.0,0.0,5000.0,0.0,0.0,-0.0,0.0,0.0,0.0,30,5.0,False
4713.0,5000,5000.0,0.0,5000.0,0.0,0.0,-0.0,0.0,0.0,0.0,30,5.0,False
4714.0,5000,5000.0,0.0,5000.0,0.0,0.0,-0.0,0.0,0.0,0.0,30,5.0,False
4715.0,5000,5000.0,0.0,5000.0,0.0,0.0,-0.0,0.0,0.0,0.0,30,5.0,False
4716.0,5000,5000.0,0.0,5000.0,0.0,0.0,-0.0,0.0,0.0,0.0,30,5.0,False
4717.0,5000,5000.0,0.0,5000.0,0.0,0.0,-0.0,0.0,0.0,0.0,30,5.0,False
4718.0,5000,5000.0,0.0,5000.0,0.0,0.0,-0.0,0.0,0.0,0.0,30,5.0,False
4719.0,5000,5000.0,0.0,5000.0,0.0,0.0,-0.0,0.0,0.0,0.0,30,5.0,False
4720.0,5000,5000.0,0.0,5000.0,0.0,0.0,-0.0,0.0,0.0,0.0,30,5.0,False
4721.0,5000,5000.0,0.0,5000.0,0.0,0.0,-0.0,0.0,0.0,0.0,30,5.0,False
4722.0,5000,5000.0,0.0,5000.0,0.0,0.0,-0.0,0.0,0.0,0.0,30,5.0,False
4723.0,5000,5000.0,0.0,5000.0,0.0,0.0,-0.0,0.0,0.0,0.0,30,5.0,False
4724.0,5000,5000.0,0.0,5000.0,0.0,0.0,-0.0,0.0,0.0,0.0,30,5.0,False
4725.0,5000,5000.0,0.0,5000.0,0.0,0.0,-0.0,0.0,0.0,0.0,30,5.0,False
4726.0,5000,5000.0,0.0,5000.0,0.0,0.0,-0.0,0.0,0.0,0.0,30,5.0,False
4727.0,5000,5000.0,0.0,5000.0,0.0,0.0,-0.0,0.0,0.0,0.0,30,5.0,False
4728.0,5000,5000.0,0.0,5000.0,0.0,0.0,-0.0,0.0,0.0,0.0,30,5.0,False
4729.0,5000,5000.0,0.0,5000.0,0.0,0.0,-0.0,0.0,0.0,0.0,30,5.0,False
4730.0,5000,5000.0,0.0,5000.0,0.0,0.0,-0.0,0.0,0.0,0.0,30,5.0,False
4731.0,5000,5000.0,0.0,5000.0,0.0,0.0,-0.0,0.0,0.0,0.0,30,5.0,False
4732.0,5000,5000.0,0.0,5000.0,0.0,0.0,-0.0,0.0,0.0,0.0,30,5.0,False
4733.0,5000,5000.0,0.0,5000.0,0.0,0.0,-0.0,0.0,0.0,0.0,30,5.0,False
4734.0,5000,5000.0,0.0,5000.0,0.0,0.0,-0.0,0.0,0.0,0.0,30,5.0,False
4735.0,5000,5000.0,0.0,5000.0,0.0,0.0,-0.0,0.0,0.0,0.0,30,5.0,False
4736.0,5000,5000.0,0.0,5000.0,0.0,0.0,-0.0,0.0,0.0,0.0,30,5.0,False
4737.0,5000,5000.0,0.0,5000.0,0.0,0.0,-0.0,0.0,0.0,0.0,30,5.0,False
4738.0,5000,5000.0,0.0,5000.0,0.0,0.0,-0.0,0.0,0.0,0.0,30,5.0,False
4739.0,5000,5000.0,0.0,5000.0,0.0,0.0,-0.0,0.0,0.0,0.0,30,5.0,False
4740.0,5000,5000.0,0.0,5000.0,0.0,0.0,-0.0,0.0,0.0,0.0,30,5.0,False
4741.0,5000,5000.0,0.0,5000.0,0.0,0.0,-0.0,0.0,0.0,0.0,30,5.0,False
4742.0,5000,5000.0,0.0,5000.0,0.0,0.0,-0.0,0.0,0.0,0.0,30,5.0,False
4743.0,5000,5000.0,0.0,5000.0,0.0,0.0,-0.0,0.0,0.0,0.0,30,5.0,False
4744.0,5000,5000.0,0.0,5000.0,0.0,0.0,-0.0,0.0,0.0,0.0,30,5.0,False
4745.0,5000,5000.0,0.0,5000.0,0.0,0.0,-0.0,0.0,0.0,0.0,30,5.0,False
4746.0,5000,5000.0,0.0,5000.0,0.0,0.0,-0.0,0.0,0.0,0.0,30,5.0,False
4747.0,5000,5000.0,0.0,5000.0,0.0,0.0,-0.0,0.0,0.0,0.0,30,5.0,False
4748.0,5000,5000.0,0.0,5000.0,0.0,0.0,-0.0,0.0,0.0,0.0,30,5.0,False
4749.0,5000,5000.0,0.0,5000.0,0.0,0.0,-0.0,0.0,0.0,0.0,30,5.0,False
4750.0,5000,5000.0,0.0,5000.0,0.0,0.0,-0.0,0.0,0.0,0.0,30,5.0,False
4751.0,5000,5000.0,0.0,5000.0,0.0,0.0,-0.0,0.0,0.0,0.0,30,5.0,False
4752.0,5000,5000.0,0.0,5000.0,0.0,0.0,-0.0,0.0,0.0,0.0,30,5.0,False
4753.0,5000,5000.0,0.0,5000.0,0.0,0.0,-0.0,0.0,0.0,0.0,30,5.0,False
4754.0,5000,5000.0,0.0,5000.0,0.0,0.0,-0.0,0.0,0.0,0.0,30,5.0,False
4755.0,5000,5000.0,0.0,5000.0,0.0,0.0,-0.0,0.0,0.0,0.0,30,5.0,False
4756.0,5000,5000.0,0.0,5000.0,0.0,0.0,-0.0,0.0,0.0,0.0,30,5.0,False
4757.0,5000,5000.0,0.0,5000.0,0.0,0.0,-0.0,0.0,0.0,0.0,30,5.0,False
4758.0,5000,5000.0,0.0,5000.0,0.0,0.0,-0.0,0.0,0.0,0.0,30,5.0,False
4759.0,5000,5000.0,0.0,5000.0,0.0,0.0,-0.0,0.0,0.0,0.0,30,5.0,False
4760.0,5000,5000.0,0.0,5000.0,0.0,0.0,-0.0,0.0,0.0,0.0,30,5.0,False
4761.0,5000,5000.0,0.0,5000.0,0.0,0.0,-0.0,0.0,0.0,0.0,30,5.0,False
4762.0,5000,5000.0,0.0,5000.0,0.0,0.0,-0.0,0.0,0.0,0.0,30,5.0,False
4763.0,5000,5000.0,0.0,5000.0,0.0,0.0,-0.0,0.0,0.0,0.0,30,5.0,False
4764.0,5000,5000.0,0.0,5000.0,0.0,0.0,-0.0,0.0,0.0,0.0,30,5.0,False
4765.0,5000,5000.0,0.0,5000.0,0.0,0.0,-0.0,0.0,0.0,0.0,30,5.0,False
4766.0,5000,5000.0,0.0,5000.0,0.0,0.0,-0.0,0.0,0.0,0.0,30,5.0,False
4767.0,5000,5000.0,0.0,5000.0,0.0,0.0,-0.0,0.0,0.0,0.0,30,5.0,False
4768.0,5000,5000.0,0.0,5000.0,0.0,0.0,-0.0,0.0,0.0,0.0,30,5.0,False
4769.0,5000,5000.0,0.0,5000.0,0.0,0.0,-0.0,0.0,0.0,0.0,30,5.0,False
4770.0,5000,5000.0,0.0,5000.0,0.0,0.0,-0.0,0.0,0.0,0.0,30,5.0,False
4771.0,5000,5000.0,0.0,5000.0,0.0,0.0,-0.0,0.0,0.0,0.0,30,5.0,False
4772.0,5000,5000.0,0.0,5000.0,0.0,0.0,-0.0,0.0,0.0,0.0,30,5.0,False
4773.0,5000,5000.0,0.0,5000.0,0.0,0.0,-0.0,0.0,0.0,0.0,30,5.0,False
4774.0,5000,5000.0,0.0,5000.0,0.0,0.0,-0.0,0.0,0.0,0.0,30,5.0,False
4775.0,5000,5000.0,0.0,5000.0,0.0,0.0,-0.0,0.0,0.0,0.0,30,5.0,False
4776.0,5000,5000.0,0.0,5000.0,0.0,0.0,-0.0,0.0,0.0,0.0,30,5.0,False
4777.0,5000,5000.0,0.0,5000.0,0.0,0.0,-0.0,0.0,0.0,0.0,30,5.0,False
4778.0,5000,5000.0,0.0,5000.0,0.0,0.0,-0.0,0.0,0.0,0.0,30,5.0,False
4779.0,5000,5000.0,0.0,5000.0,0.0,0.0,-0.0,0.0,0.0,0.0,30,5.0,False
4780.0,5000,5000.0,0.0,5000.0,0.0,0.0,-0.0,0.0,0.0,0.0,30,5.0,False
4781.0,5000,5000.0,0.0,5000.0,0.0,0.0,-0.0,0.0,0.0,0.0,30,5.0,False
4782.0,5000,5000.0,0.0,5000.0,0.0,0.0,-0.0,0.0,0.0,0.0,30,5.0,False
4783.0,5000,5000.0,0.0,5000.0,0.0,0.0,-0.0,0.0,0.0,0.0,30,5.0,False
4784.0,5000,5000.0,0.0,5000.0,0.0,0.0,-0.0,0.0,0.0,0.0,30,5.0,False
4785.0,5000,5000.0,0.0,5000.0,0.0,0.0,-0.0,0.0,0.0,0.0,30,5.0,False
4786.0,5000,5000.0,0.0,5000.0,0.0,0.0,-0.0,0.0,0.0,0.0,30,5.0,False
4787.0,5000,5000.0,0.0,5000.0,0.0,0.0,-0.0,0.0,0.0,0.0,30,5.0,False
4788.0,5000,5000.0,0.0,5000.0,0.0,0.0,-0.0,0.0,0.0,0.0,30,5.0,False
4789.0,5000,5000.0,0.0,5000.0,0.0,0.0,-0.0,0.0,0.0,0.0,30,5.0,False
4790.0,5000,5000.0,0.0,5000.0,0.0,0.0,-0.0,0.0,0.0,0.0,30,5.0,False
4791.0,5000,5000.0,0.0,5000.0,0.0,0.0,-0.0,0.0,0.0,0.0,30,5.0,False
4792.0,5000,5000.0,0.0,5000.0,0.0,0.0,-0.0,0.0,0.0,0.0,30,5.0,False
4793.0,5000,5000.0,0.0,5000.0,0.0,0.0,-0.0,0.0,0.0,0.0,30,5.0,False
4794.0,5000,5000.0,0.0,5000.0,0.0,0.0,-0.0,0.0,0.0,0.0,30,5.0,False
4795.0,5000,5000.0,0.0,5000.0,0.0,0.0,-0.0,0.0,0.0,0.0,30,5.0,False
4796.0,5000,5000.0,0.0,5000.0,0.0,0.0,-0.0,0.0,0.0,0.0,30,5.0,False
4797.0,5000,5000.0,0.0,5000.0,0.0,0.0,-0.0,0.0,0.0,0.0,30,5.0,False
4798.0,5000,5000.0,0.0,5000.0,0.0,0.0,-0.0,0.0,0.0,0.0,30,5.0,False
4799.0,5000,5000.0,0.0,5000.0,0.0,0.0,-0.0,0.0,0.0,0.0,30,5.0,False
4800.0,5000,5000.0,0.0,5000.0,0.0,0.0,-0.0,0.0,0.0,0.0,30,5.0,False
4801.0,5000,5000.0,0.0,5000.0,0.0,0.0,-0.0,0.0,0.0,0.0,30,5.0,False
4802.0,5000,5000.0,0.0,5000.0,0.0,0.0,-0.0,0.0,0.0,0.0,30,5.0,False
4803.0,5000,5000.0,0.0,5000.0,0.0,0.0,-0.0,0.0,0.0,0.0,30,5.0,False
4804.0,5000,5000.0,0.0,5000.0,0.0,0.0,-0.0,0.0,0.0,0.0,30,5.0,False
4805.0,5000,5000.0,0.0,5000.0,0.0,0.0,-0.0,0.0,0.0,0.0,30,5.0,False
4806.0,5000,5000.0,0.0,5000.0,0.0,0.0,-0.0,0.0,0.0,0.0,30,5.0,False
4807.0,5000,5000.0,0.0,5000.0,0.0,0.0,-0.0,0.0,0.0,0.0,30,5.0,False
4808.0,5000,5000.0,0.0,5000.0,0.0,0.0,-0.0,0.0,0.0,0.0,30,5.0,False
4809.0,5000,5000.0,0.0,5000.0,0.0,0.0,-0.0,0.0,0.0,0.0,30,5.0,False
4810.0,5000,5000.0,0.0,5000.0,0.0,0.0,-0.0,0.0,0.0,0.0,30,5.0,False
4811.0,5000,5000.0,0.0,5000.0,0.0,0.0,-0.0,0.0,0.0,0.0,30,5.0,False
4812.0,5000,5000.0,0.0,5000.0,0.0,0.0,-0.0,0.0,0.0,0.0,30,5.0,False
4813.0,5000,5000.0,0.0,5000.0,0.0,0.0,-0.0,0.0,0.0,0.0,30,5.0,False
4814.0,5000,5000.0,0.0,5000.0,0.0,0.0,-0.0,0.0,0.0,0.0,30,5.0,False
4815.0,5000,5000.0,0.0,5000.0,0.0,0.0,-0.0,0.0,0.0,0.0,30,5.0,False
4816.0,5000,5000.0,0.0,5000.0,0.0,0.0,-0.0,0.0,0.0,0.0,30,5.0,False
4817.0,5000,5000.0,0.0,5000.0,0.0,0.0,-0.0,0.0,0.0,0.0,30,5.0,False
4818.0,5000,5000.0,0.0,5000.0,0.0,0.0,-0.0,0.0,0.0,0.0,30,5.0,False
4819.0,5000,5000.0,0.0,5000.0,0.0,0.0,-0.0,0.0,0.0,0.0,30,5.0,False
4820.0,5000,5000.0,0.0,5000.0,0.0,0.0,-0.0,0.0,0.0,0.0,30,5.0,False
4821.0,5000,5000.0,0.0,5000.0,0.0,0.0,-0.0,0.0,0.0,0.0,30,5.0,False
4822.0,5000,5000.0,0.0,5000.0,0.0,0.0,-0.0,0.0,0.0,0.0,30,5.0,False
4823.0,5000,5000.0,0.0,5000.0,0.0,0.0,-0.0,0.0,0.0,0.0,30,5.0,False
4824.0,5000,5000.0,0.0,5000.0,0.0,0.0,-0.0,0.0,0.0,0.0,30,5.0,False
4825.0,5000,5000.0,0.0,5000.0,0.0,0.0,-0.0,0.0,0.0,0.0,30,5.0,False
4826.0,5000,5000.0,0.0,5000.0,0.0,0.0,-0.0,0.0,0.0,0.0,30,5.0,False
4827.0,5000,5000.0,0.0,5000.0,0.0,0.0,-0.0,0.0,0.0,0.0,30,5.0,False
4828.0,5000,5000.0,0.0,5000.0,0.0,0.0,-0.0,0.0,0.0,0.0,30,5.0,False
4829.0,5000,5000.0,0.0,5000.0,0.0,0.0,-0.0,0.0,0.0,0.0,30,5.0,False
4830.0,5000,5000.0,0.0,5000.0,0.0,0.0,-0.0,0.0,0.0,0.0,30,5.0,False
4831.0,5000,5000.0,0.0,5000.0,0.0,0.0,-0.0,0.0,0.0,0.0,30,5.0,False
4832.0,5000,5000.0,0.0,5000.0,0.0,0.0,-0.0,0.0,0.0,0.0,30,5.0,False
4833.0,5000,5000.0,0.0,5000.0,0.0,0.0,-0.0,0.0,0.0,0.0,30,5.0,False
4834.0,5000,5000.0,0.0,5000.0,0.0,0.0,-0.0,0.0,0.0,0.0,30,5.0,False
4835.0,5000,5000.0,0.0,5000.0,0.0,0.0,-0.0,0.0,0.0,0.0,30,5.0,False
4836.0,5000,5000.0,0.0,5000.0,0.0,0.0,-0.0,0.0,0.0,0.0,30,5.0,False
4837.0,5000,5000.0,0.0,5000.0,0.0,0.0,-0.0,0.0,0.0,0.0,30,5.0,False
4838.0,5000,5000.0,0.0,5000.0,0.0,0.0,-0.0,0.0,0.0,0.0,30,5.0,False
4839.0,5000,5000.0,0.0,5000.0,0.0,0.0,-0.0,0.0,0.0,0.0,30,5.0,False
4840.0,5000,5000.0,0.0,5000.0,0.0,0.0,-0.0,0.0,0.0,0.0,30,5.0,False
4841.0,5000,5000.0,0.0,5000.0,0.0,0.0,-0.0,0.0,0.0,0.0,30,5.0,False
4842.0,5000,5000.0,0.0,5000.0,0.0,0.0,-0.0,0.0,0.0,0.0,30,5.0,False
4843.0,5000,5000.0,0.0,5000.0,0.0,0.0,-0.0,0.0,0.0,0.0,30,5.0,False
4844.0,5000,5000.0,0.0,5000.0,0.0,0.0,-0.0,0.0,0.0,0.0,30,5.0,False
4845.0,5000,5000.0,0.0,5000.0,0.0,0.0,-0.0,0.0,0.0,0.0,30,5.0,False
4846.0,5000,5000.0,0.0,5000.0,0.0,0.0,-0.0,0.0,0.0,0.0,30,5.0,False
4847.0,5000,5000.0,0.0,5000.0,0.0,0.0,-0.0,0.0,0.0,0.0,30,5.0,False
4848.0,5000,5000.0,0.0,5000.0,0.0,0.0,-0.0,0.0,0.0,0.0,30,5.0,False
4849.0,5000,5000.0,0.0,5000.0,0.0,0.0,-0.0,0.0,0.0,0.0,30,5.0,False
4850.0,5000,5000.0,0.0,5000.0,0.0,0.0,-0.0,0.0,0.0,0.0,30,5.0,False
4851.0,5000,5000.0,0.0,5000.0,0.0,0.0,-0.0,0.0,0.0,0.0,30,5.0,False
4852.0,5000,5000.0,0.0,5000.0,0.0,0.0,-0.0,0.0,0.0,0.0,30,5.0,False
4853.0,5000,5000.0,0.0,5000.0,0.0,0.0,-0.0,0.0,0.0,0.0,30,5.0,False
4854.0,5000,5000.0,0.0,5000.0,0.0,0.0,-0.0,0.0,0.0,0.0,30,5.0,False
4855.0,5000,5000.0,0.0,5000.0,0.0,0.0,-0.0,0.0,0.0,0.0,30,5.0,False
4856.0,5000,5000.0,0.0,5000.0,0.0,0.0,-0.0,0.0,0.0,0.0,30,5.0,False
4857.0,5000,5000.0,0.0,5000.0,0.0,0.0,-0.0,0.0,0.0,0.0,30,5.0,False
4858.0,5000,5000.0,0.0,5000.0,0.0,0.0,-0.0,0.0,0.0,0.0,30,5.0,False
4859.0,5000,5000.0,0.0,5000.0,0.0,0.0,-0.0,0.0,0.0,0.0,30,5.0,False
4860.0,5000,5000.0,0.0,5000.0,0.0,0.0,-0.0,0.0,0.0,0.0,30,5.0,False
4861.0,5000,5000.0,0.0,5000.0,0.0,0.0,-0.0,0.0,0.0,0.0,30,5.0,False
4862.0,5000,5000.0,0.0,5000.0,0.0,0.0,-0.0,0.0,0.0,0.0,30,5.0,False
4863.0,5000,5000.0,0.0,5000.0,0.0,0.0,-0.0,0.0,0.0,0.0,30,5.0,False
4864.0,5000,5000.0,0.0,5000.0,0.0,0.0,-0.0,0.0,0.0,0.0,30,5.0,False
4865.0,5000,5000.0,0.0,5000.0,0.0,0.0,-0.0,0.0,0.0,0.0,30,5.0,False
4866.0,5000,5000.0,0.0,5000.0,0.0,0.0,-0.0,0.0,0.0,0.0,30,5.0,False
4867.0,5000,5000.0,0.0,5000.0,0.0,0.0,-0.0,0.0,0.0,0.0,30,5.0,False
4868.0,5000,5000.0,0.0,5000.0,0.0,0.0,-0.0,0.0,0.0,0.0,30,5.0,False
4869.0,5000,5000.0,0.0,5000.0,0.0,0.0,-0.0,0.0,0.0,0.0,30,5.0,False
4870.0,5000,5000.0,0.0,5000.0,0.0,0.0,-0.0,0.0,0.0,0.0,30,5.0,False
4871.0,5000,5000.0,0.0,5000.0,0.0,0.0,-0.0,0.0,0.0,0.0,30,5.0,False
4872.0,5000,5000.0,0.0,5000.0,0.0,0.0,-0.0,0.0,0.0,0.0,30,5.0,False
4873.0,5000,5000.0,0.0,5000.0,0.0,0.0,-0.0,0.0,0.0,0.0,30,5.0,False
4874.0,5000,5000.0,0.0,5000.0,0.0,0.0,-0.0,0.0,0.0,0.0,30,5.0,False
4875.0,5000,5000.0,0.0,5000.0,0.0,0.0,-0.0,0.0,0.0,0.0,30,5.0,False
4876.0,5000,5000.0,0.0,5000.0,0.0,0.0,-0.0,0.0,0.0,0.0,30,5.0,False
4877.0,5000,5000.0,0.0,5000.0,0.0,0.0,-0.0,0.0,0.0,0.0,30,5.0,False
4878.0,5000,5000.0,0.0,5000.0,0.0,0.0,-0.0,0.0,0.0,0.0,30,5.0,False
4879.0,5000,5000.0,0.0,5000.0,0.0,0.0,-0.0,0.0,0.0,0.0,30,5.0,False
4880.0,5000,5000.0,0.0,5000.0,0.0,0.0,-0.0,0.0,0.0,0.0,30,5.0,False
4881.0,5000,5000.0,0.0,5000.0,0.0,0.0,-0.0,0.0,0.0,0.0,30,5.0,False
4882.0,5000,5000.0,0.0,5000.0,0.0,0.0,-0.0,0.0,0.0,0.0,30,5.0,False
4883.0,5000,5000.0,0.0,5000.0,0.0,0.0,-0.0,0.0,0.0,0.0,30,5.0,False
4884.0,5000,5000.0,0.0,5000.0,0.0,0.0,-0.0,0.0,0.0,0.0,30,5.0,False
4885.0,5000,5000.0,0.0,5000.0,0.0,0.0,-0.0,0.0,0.0,0.0,30,5.0,False
4886.0,5000,5000.0,0.0,5000.0,0.0,0.0,-0.0,0.0,0.0,0.0,30,5.0,False
4887.0,5000,5000.0,0.0,5000.0,0.0,0.0,-0.0,0.0,0.0,0.0,30,5.0,False
4888.0,5000,5000.0,0.0,5000.0,0.0,0.0,-0.0,0.0,0.0,0.0,30,5.0,False
4889.0,5000,5000.0,0.0,5000.0,0.0,0.0,-0.0,0.0,0.0,0.0,30,5.0,False
4890.0,5000,5000.0,0.0,5000.0,0.0,0.0,-0.0,0.0,0.0,0.0,30,5.0,False
4891.0,5000,5000.0,0.0,5000.0,0.0,0.0,-0.0,0.0,0.0,0.0,30,5.0,False
4892.0,5000,5000.0,0.0,5000.0,0.0,0.0,-0.0,0.0,0.0,0.0,30,5.0,False
4893.0,5000,5000.0,0.0,5000.0,0.0,0.0,-0.0,0.0,0.0,0.0,30,5.0,False
4894.0,5000,5000.0,0.0,5000.0,0.0,0.0,-0.0,0.0,0.0,0.0,30,5.0,False
4895.0,5000,5000.0,0.0,5000.0,0.0,0.0,-0.0,0.0,0.0,0.0,30,5.0,False
4896.0,5000,5000.0,0.0,5000.0,0.0,0.0,-0.0,0.0,0.0,0.0,30,5.0,False
4897.0,5000,5000.0,0.0,5000.0,0.0,0.0,-0.0,0.0,0.0,0.0,30,5.0,False
4898.0,5000,5000.0,0.0,5000.0,0.0,0.0,-0.0,0.0,0.0,0.0,30,5.0,False
4899.0,5000,5000.0,0.0,5000.0,0.0,0.0,-0.0,0.0,0.0,0.0,30,5.0,False
4900.0,5000,5000.0,0.0,5000.0,0.0,0.0,-0.0,0.0,0.0,0.0,30,5.0,False
4901.0,5000,5000.0,0.0,5000.0,0.0,0.0,-0.0,0.0,0.0,0.0,30,5.0,False
4902.0,5000,5000.0,0.0,5000.0,0.0,0.0,-0.0,0.0,0.0,0.0,30,5.0,False
4903.0,5000,5000.0,0.0,5000.0,0.0,0.0,-0.0,0.0,0.0,0.0,30,5.0,False
4904.0,5000,5000.0,0.0,5000.0,0.0,0.0,-0.0,0.0,0.0,0.0,30,5.0,False
4905.0,5000,5000.0,0.0,5000.0,0.0,0.0,-0.0,0.0,0.0,0.0,30,5.0,False
4906.0,5000,5000.0,0.0,5000.0,0.0,0.0,-0.0,0.0,0.0,0.0,30,5.0,False
4907.0,5000,5000.0,0.0,5000.0,0.0,0.0,-0.0,0.0,0.0,0.0,30,5.0,False
4908.0,5000,5000.0,0.0,5000.0,0.0,0.0,-0.0,0.0,0.0,0.0,30,5.0,False
4909.0,5000,5000.0,0.0,5000.0,0.0,0.0,-0.0,0.0,0.0,0.0,30,5.0,False
4910.0,5000,5000.0,0.0,5000.0,0.0,0.0,-0.0,0.0,0.0,0.0,30,5.0,False
4911.0,5000,5000.0,0.0,5000.0,0.0,0.0,-0.0,0.0,0.0,0.0,30,5.0,False
4912.0,5000,5000.0,0.0,5000.0,0.0,0.0,-0.0,0.0,0.0,0.0,30,5.0,False
4913.0,5000,5000.0,0.0,5000.0,0.0,0.0,-0.0,0.0,0.0,0.0,30,5.0,False
4914.0,5000,5000.0,0.0,5000.0,0.0,0.0,-0.0,0.0,0.0,0.0,30,5.0,False
4915.0,5000,5000.0,0.0,5000.0,0.0,0.0,-0.0,0.0,0.0,0.0,30,5.0,False
4916.0,5000,5000.0,0.0,5000.0,0.0,0.0,-0.0,0.0,0.0,0.0,30,5.0,False
4917.0,5000,5000.0,0.0,5000.0,0.0,0.0,-0.0,0.0,0.0,0.0,30,5.0,False
4918.0,5000,5000.0,0.0,5000.0,0.0,0.0,-0.0,0.0,0.0,0.0,30,5.0,False
4919.0,5000,5000.0,0.0,5000.0,0.0,0.0,-0.0,0.0,0.0,0.0,30,5.0,False
4920.0,5000,5000.0,0.0,5000.0,0.0,0.0,-0.0,0.0,0.0,0.0,30,5.0,False
4921.0,5000,5000.0,0.0,5000.0,0.0,0.0,-0.0,0.0,0.0,0.0,30,5.0,False
4922.0,5000,5000.0,0.0,5000.0,0.0,0.0,-0.0,0.0,0.0,0.0,30,5.0,False
4923.0,5000,5000.0,0.0,5000.0,0.0,0.0,-0.0,0.0,0.0,0.0,30,5.0,False
4924.0,5000,5000.0,0.0,5000.0,0.0,0.0,-0.0,0.0,0.0,0.0,30,5.0,False
4925.0,5000,5000.0,0.0,5000.0,0.0,0.0,-0.0,0.0,0.0,0.0,30,5.0,False
4926.0,5000,5000.0,0.0,5000.0,0.0,0.0,-0.0,0.0,0.0,0.0,30,5.0,False
4927.0,5000,5000.0,0.0,5000.0,0.0,0.0,-0.0,0.0,0.0,0.0,30,5.0,False
4928.0,5000,5000.0,0.0,5000.0,0.0,0.0,-0.0,0.0,0.0,0.0,30,5.0,False
4929.0,5000,5000.0,0.0,5000.0,0.0,0.0,-0.0,0.0,0.0,0.0,30,5.0,False
4930.0,5000,5000.0,0.0,5000.0,0.0,0.0,-0.0,0.0,0.0,0.0,30,5.0,False
4931.0,5000,5000.0,0.0,5000.0,0.0,0.0,-0.0,0.0,0.0,0.0,30,5.0,False
4932.0,5000,5000.0,0.0,5000.0,0.0,0.0,-0.0,0.0,0.0,0.0,30,5.0,False
4933.0,5000,5000.0,0.0,5000.0,0.0,0.0,-0.0,0.0,0.0,0.0,30,5.0,False
4934.0,5000,5000.0,0.0,5000.0,0.0,0.0,-0.0,0.0,0.0,0.0,30,5.0,False
4935.0,5000,5000.0,0.0,5000.0,0.0,0.0,-0.0,0.0,0.0,0.0,30,5.0,False
4936.0,5000,5000.0,0.0,5000.0,0.0,0.0,-0.0,0.0,0.0,0.0,30,5.0,False
4937.0,5000,5000.0,0.0,5000.0,0.0,0.0,-0.0,0.0,0.0,0.0,30,5.0,False
4938.0,5000,5000.0,0.0,5000.0,0.0,0.0,-0.0,0.0,0.0,0.0,30,5.0,False
4939.0,5000,5000.0,0.0,5000.0,0.0,0.0,-0.0,0.0,0.0,0.0,30,5.0,False
4940.0,5000,5000.0,0.0,5000.0,0.0,0.0,-0.0,0.0,0.0,0.0,30,5.0,False
4941.0,5000,5000.0,0.0,5000.0,0.0,0.0,-0.0,0.0,0.0,0.0,30,5.0,False
4942.0,5000,5000.0,0.0,5000.0,0.0,0.0,-0.0,0.0,0.0,0.0,30,5.0,False
4943.0,5000,5000.0,0.0,5000.0,0.0,0.0,-0.0,0.0,0.0,0.0,30,5.0,False
4944.0,5000,5000.0,0.0,5000.0,0.0,0.0,-0.0,0.0,0.0,0.0,30,5.0,False
4945.0,5000,5000.0,0.0,5000.0,0.0,0.0,-0.0,0.0,0.0,0.0,30,5.0,False
4946.0,5000,5000.0,0.0,5000.0,0.0,0.0,-0.0,0.0,0.0,0.0,30,5.0,False
4947.0,5000,5000.0,0.0,5000.0,0.0,0.0,-0.0,0.0,0.0,0.0,30,5.0,False
4948.0,5000,5000.0,0.0,5000.0,0.0,0.0,-0.0,0.0,0.0,0.0,30,5.0,False
4949.0,5000,5000.0,0.0,5000.0,0.0,0.0,-0.0,0.0,0.0,0.0,30,5.0,False
4950.0,5000,5000.0,0.0,5000.0,0.0,0.0,-0.0,0.0,0.0,0.0,30,5.0,False
4951.0,5000,5000.0,0.0,5000.0,0.0,0.0,-0.0,0.0,0.0,0.0,30,5.0,False
4952.0,5000,5000.0,0.0,5000.0,0.0,0.0,-0.0,0.0,0.0,0.0,30,5.0,False
4953.0,5000,5000.0,0.0,5000.0,0.0,0.0,-0.0,0.0,0.0,0.0,30,5.0,False
4954.0,5000,5000.0,0.0,5000.0,0.0,0.0,-0.0,0.0,0.0,0.0,30,5.0,False
4955.0,5000,5000.0,0.0,5000.0,0.0,0.0,-0.0,0.0,0.0,0.0,30,5.0,False
4956.0,5000,5000.0,0.0,5000.0,0.0,0.0,-0.0,0.0,0.0,0.0,30,5.0,False
4957.0,5000,5000.0,0.0,5000.0,0.0,0.0,-0.0,0.0,0.0,0.0,30,5.0,False
4958.0,5000,5000.0,0.0,5000.0,0.0,0.0,-0.0,0.0,0.0,0.0,30,5.0,False
4959.0,5000,5000.0,0.0,5000.0,0.0,0.0,-0.0,0.0,0.0,0.0,30,5.0,False
4960.0,5000,5000.0,0.0,5000.0,0.0,0.0,-0.0,0.0,0.0,0.0,30,5.0,False
4961.0,5000,5000.0,0.0,5000.0,0.0,0.0,-0.0,0.0,0.0,0.0,30,5.0,False
4962.0,5000,5000.0,0.0,5000.0,0.0,0.0,-0.0,0.0,0.0,0.0,30,5.0,False
4963.0,5000,5000.0,0.0,5000.0,0.0,0.0,-0.0,0.0,0.0,0.0,30,5.0,False
4964.0,5000,5000.0,0.0,5000.0,0.0,0.0,-0.0,0.0,0.0,0.0,30,5.0,False
4965.0,5000,5000.0,0.0,5000.0,0.0,0.0,-0.0,0.0,0.0,0.0,30,5.0,False
4966.0,5000,5000.0,0.0,5000.0,0.0,0.0,-0.0,0.0,0.0,0.0,30,5.0,False
4967.0,5000,5000.0,0.0,5000.0,0.0,0.0,-0.0,0.0,0.0,0.0,30,5.0,False
4968.0,5000,5000.0,0.0,5000.0,0.0,0.0,-0.0,0.0,0.0,0.0,30,5.0,False
4969.0,5000,5000.0,0.0,5000.0,0.0,0.0,-0.0,0.0,0.0,0.0,30,5.0,False
4970.0,5000,5000.0,0.0,5000.0,0.0,0.0,-0.0,0.0,0.0,0.0,30,5.0,False
4971.0,5000,5000.0,0.0,5000.0,0.0,0.0,-0.0,0.0,0.0,0.0,30,5.0,False
4972.0,5000,5000.0,0.0,5000.0,0.0,0.0,-0.0,0.0,0.0,0.0,30,5.0,False
4973.0,5000,5000.0,0.0,5000.0,0.0,0.0,-0.0,0.0,0.0,0.0,30,5.0,False
4974.0,5000,5000.0,0.0,5000.0,0.0,0.0,-0.0,0.0,0.0,0.0,30,5.0,False
4975.0,5000,5000.0,0.0,5000.0,0.0,0.0,-0.0,0.0,0.0,0.0,30,5.0,False
4976.0,5000,5000.0,0.0,5000.0,0.0,0.0,-0.0,0.0,0.0,0.0,30,5.0,False
4977.0,5000,5000.0,0.0,5000.0,0.0,0.0,-0.0,0.0,0.0,0.0,30,5.0,False
4978.0,5000,5000.0,0.0,5000.0,0.0,0.0,-0.0,0.0,0.0,0.0,30,5.0,False
4979.0,5000,5000.0,0.0,5000.0,0.0,0.0,-0.0,0.0,0.0,0.0,30,5.0,False
4980.0,5000,5000.0,0.0,5000.0,0.0,0.0,-0.0,0.0,0.0,0.0,30,5.0,False
4981.0,5000,5000.0,0.0,5000.0,0.0,0.0,-0.0,0.0,0.0,0.0,30,5.0,False
4982.0,5000,5000.0,0.0,5000.0,0.0,0.0,-0.0,0.0,0.0,0.0,30,5.0,False
4983.0,5000,5000.0,0.0,5000.0,0.0,0.0,-0.0,0.0,0.0,0.0,30,5.0,False
4984.0,5000,5000.0,0.0,5000.0,0.0,0.0,-0.0,0.0,0.0,0.0,30,5.0,False
4985.0,5000,5000.0,0.0,5000.0,0.0,0.0,-0.0,0.0,0.0,0.0,30,5.0,False
4986.0,5000,5000.0,0.0,5000.0,0.0,0.0,-0.0,0.0,0.0,0.0,30,5.0,False
4987.0,5000,5000.0,0.0,5000.0,0.0,0.0,-0.0,0.0,0.0,0.0,30,5.0,False
4988.0,5000,5000.0,0.0,5000.0,0.0,0.0,-0.0,0.0,0.0,0.0,30,5.0,False
4989.0,5000,5000.0,0.0,5000.0,0.0,0.0,-0.0,0.0,0.0,0.0,30,5.0,False
4990.0,5000,5000.0,0.0,5000.0,0.0,0.0,-0.0,0.0,0.0,0.0,30,5.0,False
4991.0,5000,5000.0,0.0,5000.0,0.0,0.0,-0.0,0.0,0.0,0.0,30,5.0,False
4992.0,5000,5000.0,0.0,5000.0,0.0,0.0,-0.0,0.0,0.0,0.0,30,5.0,False
4993.0,5000,5000.0,0.0,5000.0,0.0,0.0,-0.0,0.0,0.0,0.0,30,5.0,False
4994.0,5000,5000.0,0.0,5000.0,0.0,0.0,-0.0,0.0,0.0,0.0,30,5.0,False
4995.0,5000,5000.0,0.0,5000.0,0.0,0.0,-0.0,0.0,0.0,0.0,30,5.0,False
4996.0,5000,5000.0,0.0,5000.0,0.0,0.0,-0.0,0.0,0.0,0.0,30,5.0,False
4997.0,5000,5000.0,0.0,5000.0,0.0,0.0,-0.0,0.0,0.0,0.0,30,5.0,False
4998.0,5000,5000.0,0.0,5000.0,0.0,0.0,-0.0,0.0,0.0,0.0,30,5.0,False
4999.0,5000,5000.0,0.0,5000.0,0.0,0.0,-0.0,0.0,0.0,0.0,30,5.0,False
5000.0,5000,5000.0,0.0,5000.0,0.0,0.0,-0.0,0.0,0.0,0.0,30,5.0,False
5001.0,5000,5000.0,0.0,5000.0,0.0,0.0,-0.0,0.0,0.0,0.0,30,5.0,False
5002.0,5000,5000.0,0.0,5000.0,0.0,0.0,-0.0,0.0,0.0,0.0,30,5.0,False
5003.0,5000,5000.0,0.0,5000.0,0.0,0.0,-0.0,0.0,0.0,0.0,30,5.0,False
5004.0,5000,5000.0,0.0,5000.0,0.0,0.0,-0.0,0.0,0.0,0.0,30,5.0,False
5005.0,5000,5000.0,0.0,5000.0,0.0,0.0,-0.0,0.0,0.0,0.0,30,5.0,False
5006.0,5000,5000.0,0.0,5000.0,0.0,0.0,-0.0,0.0,0.0,0.0,30,5.0,False
5007.0,5000,5000.0,0.0,5000.0,0.0,0.0,-0.0,0.0,0.0,0.0,30,5.0,False
5008.0,5000,5000.0,0.0,5000.0,0.0,0.0,-0.0,0.0,0.0,0.0,30,5.0,False
5009.0,5000,5000.0,0.0,5000.0,0.0,0.0,-0.0,0.0,0.0,0.0,30,5.0,False
5010.0,5000,5000.0,0.0,5000.0,0.0,0.0,-0.0,0.0,0.0,0.0,30,5.0,False
5011.0,5000,5000.0,0.0,5000.0,0.0,0.0,-0.0,0.0,0.0,0.0,30,5.0,False
5012.0,5000,5000.0,0.0,5000.0,0.0,0.0,-0.0,0.0,0.0,0.0,30,5.0,False
5013.0,5000,5000.0,0.0,5000.0,0.0,0.0,-0.0,0.0,0.0,0.0,30,5.0,False
5014.0,5000,5000.0,0.0,5000.0,0.0,0.0,-0.0,0.0,0.0,0.0,30,5.0,False
5015.0,5000,5000.0,0.0,5000.0,0.0,0.0,-0.0,0.0,0.0,0.0,30,5.0,False
5016.0,5000,5000.0,0.0,5000.0,0.0,0.0,-0.0,0.0,0.0,0.0,30,5.0,False
5017.0,5000,5000.0,0.0,5000.0,0.0,0.0,-0.0,0.0,0.0,0.0,30,5.0,False
5018.0,5000,5000.0,0.0,5000.0,0.0,0.0,-0.0,0.0,0.0,0.0,30,5.0,False
5019.0,5000,5000.0,0.0,5000.0,0.0,0.0,-0.0,0.0,0.0,0.0,30,5.0,False
5020.0,5000,5000.0,0.0,5000.0,0.0,0.0,-0.0,0.0,0.0,0.0,30,5.0,False
5021.0,5000,5000.0,0.0,5000.0,0.0,0.0,-0.0,0.0,0.0,0.0,30,5.0,False
5022.0,5000,5000.0,0.0,5000.0,0.0,0.0,-0.0,0.0,0.0,0.0,30,5.0,False
5023.0,5000,5000.0,0.0,5000.0,0.0,0.0,-0.0,0.0,0.0,0.0,30,5.0,False
5024.0,5000,5000.0,0.0,5000.0,0.0,0.0,-0.0,0.0,0.0,0.0,30,5.0,False
5025.0,5000,5000.0,0.0,5000.0,0.0,0.0,-0.0,0.0,0.0,0.0,30,5.0,False
5026.0,5000,5000.0,0.0,5000.0,0.0,0.0,-0.0,0.0,0.0,0.0,30,5.0,False
5027.0,5000,5000.0,0.0,5000.0,0.0,0.0,-0.0,0.0,0.0,0.0,30,5.0,False
5028.0,5000,5000.0,0.0,5000.0,0.0,0.0,-0.0,0.0,0.0,0.0,30,5.0,False
5029.0,5000,5000.0,0.0,5000.0,0.0,0.0,-0.0,0.0,0.0,0.0,30,5.0,False
5030.0,5000,5000.0,0.0,5000.0,0.0,0.0,-0.0,0.0,0.0,0.0,30,5.0,False
5031.0,5000,5000.0,0.0,5000.0,0.0,0.0,-0.0,0.0,0.0,0.0,30,5.0,False
5032.0,5000,5000.0,0.0,5000.0,0.0,0.0,-0.0,0.0,0.0,0.0,30,5.0,False
5033.0,5000,5000.0,0.0,5000.0,0.0,0.0,-0.0,0.0,0.0,0.0,30,5.0,False
5034.0,5000,5000.0,0.0,5000.0,0.0,0.0,-0.0,0.0,0.0,0.0,30,5.0,False
5035.0,5000,5000.0,0.0,5000.0,0.0,0.0,-0.0,0.0,0.0,0.0,30,5.0,False
5036.0,5000,5000.0,0.0,5000.0,0.0,0.0,-0.0,0.0,0.0,0.0,30,5.0,False
5037.0,5000,5000.0,0.0,5000.0,0.0,0.0,-0.0,0.0,0.0,0.0,30,5.0,False
5038.0,5000,5000.0,0.0,5000.0,0.0,0.0,-0.0,0.0,0.0,0.0,30,5.0,False
5039.0,5000,5000.0,0.0,5000.0,0.0,0.0,-0.0,0.0,0.0,0.0,30,5.0,False
5040.0,5000,5000.0,0.0,5000.0,0.0,0.0,-0.0,0.0,0.0,0.0,30,5.0,False
5041.0,5000,5000.0,0.0,5000.0,0.0,0.0,-0.0,0.0,0.0,0.0,30,5.0,False
5042.0,5000,5000.0,0.0,5000.0,0.0,0.0,-0.0,0.0,0.0,0.0,30,5.0,False
5043.0,5000,5000.0,0.0,5000.0,0.0,0.0,-0.0,0.0,0.0,0.0,30,5.0,False
5044.0,5000,5000.0,0.0,5000.0,0.0,0.0,-0.0,0.0,0.0,0.0,30,5.0,False
5045.0,5000,5000.0,0.0,5000.0,0.0,0.0,-0.0,0.0,0.0,0.0,30,5.0,False
5046.0,5000,5000.0,0.0,5000.0,0.0,0.0,-0.0,0.0,0.0,0.0,30,5.0,False
5047.0,5000,5000.0,0.0,5000.0,0.0,0.0,-0.0,0.0,0.0,0.0,30,5.0,False
5048.0,5000,5000.0,0.0,5000.0,0.0,0.0,-0.0,0.0,0.0,0.0,30,5.0,False
5049.0,5000,5000.0,0.0,5000.0,0.0,0.0,-0.0,0.0,0.0,0.0,30,5.0,False
5050.0,5000,5000.0,0.0,5000.0,0.0,0.0,-0.0,0.0,0.0,0.0,30,5.0,False
5051.0,5000,5000.0,0.0,5000.0,0.0,0.0,-0.0,0.0,0.0,0.0,30,5.0,False
5052.0,5000,5000.0,0.0,5000.0,0.0,0.0,-0.0,0.0,0.0,0.0,30,5.0,False
5053.0,5000,5000.0,0.0,5000.0,0.0,0.0,-0.0,0.0,0.0,0.0,30,5.0,False
5054.0,5000,5000.0,0.0,5000.0,0.0,0.0,-0.0,0.0,0.0,0.0,30,5.0,False
5055.0,5000,5000.0,0.0,5000.0,0.0,0.0,-0.0,0.0,0.0,0.0,30,5.0,False
5056.0,5000,5000.0,0.0,5000.0,0.0,0.0,-0.0,0.0,0.0,0.0,30,5.0,False
5057.0,5000,5000.0,0.0,5000.0,0.0,0.0,-0.0,0.0,0.0,0.0,30,5.0,False
5058.0,5000,5000.0,0.0,5000.0,0.0,0.0,-0.0,0.0,0.0,0.0,30,5.0,False
5059.0,5000,5000.0,0.0,5000.0,0.0,0.0,-0.0,0.0,0.0,0.0,30,5.0,False
5060.0,5000,5000.0,0.0,5000.0,0.0,0.0,-0.0,0.0,0.0,0.0,30,5.0,False
5061.0,5000,5000.0,0.0,5000.0,0.0,0.0,-0.0,0.0,0.0,0.0,30,5.0,False
5062.0,5000,5000.0,0.0,5000.0,0.0,0.0,-0.0,0.0,0.0,0.0,30,5.0,False
5063.0,5000,5000.0,0.0,5000.0,0.0,0.0,-0.0,0.0,0.0,0.0,30,5.0,False
5064.0,5000,5000.0,0.0,5000.0,0.0,0.0,-0.0,0.0,0.0,0.0,30,5.0,False
5065.0,5000,5000.0,0.0,5000.0,0.0,0.0,-0.0,0.0,0.0,0.0,30,5.0,False
5066.0,5000,5000.0,0.0,5000.0,0.0,0.0,-0.0,0.0,0.0,0.0,30,5.0,False
5067.0,5000,5000.0,0.0,5000.0,0.0,0.0,-0.0,0.0,0.0,0.0,30,5.0,False
5068.0,5000,5000.0,0.0,5000.0,0.0,0.0,-0.0,0.0,0.0,0.0,30,5.0,False
5069.0,5000,5000.0,0.0,5000.0,0.0,0.0,-0.0,0.0,0.0,0.0,30,5.0,False
5070.0,5000,5000.0,0.0,5000.0,0.0,0.0,-0.0,0.0,0.0,0.0,30,5.0,False
5071.0,5000,5000.0,0.0,5000.0,0.0,0.0,-0.0,0.0,0.0,0.0,30,5.0,False
5072.0,5000,5000.0,0.0,5000.0,0.0,0.0,-0.0,0.0,0.0,0.0,30,5.0,False
5073.0,5000,5000.0,0.0,5000.0,0.0,0.0,-0.0,0.0,0.0,0.0,30,5.0,False
5074.0,5000,5000.0,0.0,5000.0,0.0,0.0,-0.0,0.0,0.0,0.0,30,5.0,False
5075.0,5000,5000.0,0.0,5000.0,0.0,0.0,-0.0,0.0,0.0,0.0,30,5.0,False
5076.0,5000,5000.0,0.0,5000.0,0.0,0.0,-0.0,0.0,0.0,0.0,30,5.0,False
5077.0,5000,5000.0,0.0,5000.0,0.0,0.0,-0.0,0.0,0.0,0.0,30,5.0,False
5078.0,5000,5000.0,0.0,5000.0,0.0,0.0,-0.0,0.0,0.0,0.0,30,5.0,False
5079.0,5000,5000.0,0.0,5000.0,0.0,0.0,-0.0,0.0,0.0,0.0,30,5.0,False
5080.0,5000,5000.0,0.0,5000.0,0.0,0.0,-0.0,0.0,0.0,0.0,30,5.0,False
5081.0,5000,5000.0,0.0,5000.0,0.0,0.0,-0.0,0.0,0.0,0.0,30,5.0,False
5082.0,5000,5000.0,0.0,5000.0,0.0,0.0,-0.0,0.0,0.0,0.0,30,5.0,False
5083.0,5000,5000.0,0.0,5000.0,0.0,0.0,-0.0,0.0,0.0,0.0,30,5.0,False
5084.0,5000,5000.0,0.0,5000.0,0.0,0.0,-0.0,0.0,0.0,0.0,30,5.0,False
5085.0,5000,5000.0,0.0,5000.0,0.0,0.0,-0.0,0.0,0.0,0.0,30,5.0,False
5086.0,5000,5000.0,0.0,5000.0,0.0,0.0,-0.0,0.0,0.0,0.0,30,5.0,False
5087.0,5000,5000.0,0.0,5000.0,0.0,0.0,-0.0,0.0,0.0,0.0,30,5.0,False
5088.0,5000,5000.0,0.0,5000.0,0.0,0.0,-0.0,0.0,0.0,0.0,30,5.0,False
5089.0,5000,5000.0,0.0,5000.0,0.0,0.0,-0.0,0.0,0.0,0.0,30,5.0,False
5090.0,5000,5000.0,0.0,5000.0,0.0,0.0,-0.0,0.0,0.0,0.0,30,5.0,False
5091.0,5000,5000.0,0.0,5000.0,0.0,0.0,-0.0,0.0,0.0,0.0,30,5.0,False
5092.0,5000,5000.0,0.0,5000.0,0.0,0.0,-0.0,0.0,0.0,0.0,30,5.0,False
5093.0,5000,5000.0,0.0,5000.0,0.0,0.0,-0.0,0.0,0.0,0.0,30,5.0,False
5094.0,5000,5000.0,0.0,5000.0,0.0,0.0,-0.0,0.0,0.0,0.0,30,5.0,False
5095.0,5000,5000.0,0.0,5000.0,0.0,0.0,-0.0,0.0,0.0,0.0,30,5.0,False
5096.0,5000,5000.0,0.0,5000.0,0.0,0.0,-0.0,0.0,0.0,0.0,30,5.0,False
5097.0,5000,5000.0,0.0,5000.0,0.0,0.0,-0.0,0.0,0.0,0.0,30,5.0,False
5098.0,5000,5000.0,0.0,5000.0,0.0,0.0,-0.0,0.0,0.0,0.0,30,5.0,False
5099.0,5000,5000.0,0.0,5000.0,0.0,0.0,-0.0,0.0,0.0,0.0,30,5.0,False
5100.0,5000,5000.0,0.0,5000.0,0.0,0.0,-0.0,0.0,0.0,0.0,30,5.0,False
5101.0,5000,5000.0,0.0,5000.0,0.0,0.0,-0.0,0.0,0.0,0.0,30,5.0,False
5102.0,5000,5000.0,0.0,5000.0,0.0,0.0,-0.0,0.0,0.0,0.0,30,5.0,False
5103.0,5000,5000.0,0.0,5000.0,0.0,0.0,-0.0,0.0,0.0,0.0,30,5.0,False
5104.0,5000,5000.0,0.0,5000.0,0.0,0.0,-0.0,0.0,0.0,0.0,30,5.0,False
5105.0,5000,5000.0,0.0,5000.0,0.0,0.0,-0.0,0.0,0.0,0.0,30,5.0,False
5106.0,5000,5000.0,0.0,5000.0,0.0,0.0,-0.0,0.0,0.0,0.0,30,5.0,False
5107.0,5000,5000.0,0.0,5000.0,0.0,0.0,-0.0,0.0,0.0,0.0,30,5.0,False
5108.0,5000,5000.0,0.0,5000.0,0.0,0.0,-0.0,0.0,0.0,0.0,30,5.0,False
5109.0,5000,5000.0,0.0,5000.0,0.0,0.0,-0.0,0.0,0.0,0.0,30,5.0,False
5110.0,5000,5000.0,0.0,5000.0,0.0,0.0,-0.0,0.0,0.0,0.0,30,5.0,False
5111.0,5000,5000.0,0.0,5000.0,0.0,0.0,-0.0,0.0,0.0,0.0,30,5.0,False
5112.0,5000,5000.0,0.0,5000.0,0.0,0.0,-0.0,0.0,0.0,0.0,30,5.0,False
5113.0,5000,5000.0,0.0,5000.0,0.0,0.0,-0.0,0.0,0.0,0.0,30,5.0,False
5114.0,5000,5000.0,0.0,5000.0,0.0,0.0,-0.0,0.0,0.0,0.0,30,5.0,False
5115.0,5000,5000.0,0.0,5000.0,0.0,0.0,-0.0,0.0,0.0,0.0,30,5.0,False
5116.0,5000,5000.0,0.0,5000.0,0.0,0.0,-0.0,0.0,0.0,0.0,30,5.0,False
5117.0,5000,5000.0,0.0,5000.0,0.0,0.0,-0.0,0.0,0.0,0.0,30,5.0,False
5118.0,5000,5000.0,0.0,5000.0,0.0,0.0,-0.0,0.0,0.0,0.0,30,5.0,False
5119.0,5000,5000.0,0.0,5000.0,0.0,0.0,-0.0,0.0,0.0,0.0,30,5.0,False
5120.0,5000,5000.0,0.0,5000.0,0.0,0.0,-0.0,0.0,0.0,0.0,30,5.0,False
5121.0,5000,5000.0,0.0,5000.0,0.0,0.0,-0.0,0.0,0.0,0.0,30,5.0,False
5122.0,5000,5000.0,0.0,5000.0,0.0,0.0,-0.0,0.0,0.0,0.0,30,5.0,False
5123.0,5000,5000.0,0.0,5000.0,0.0,0.0,-0.0,0.0,0.0,0.0,30,5.0,False
5124.0,5000,5000.0,0.0,5000.0,0.0,0.0,-0.0,0.0,0.0,0.0,30,5.0,False
5125.0,5000,5000.0,0.0,5000.0,0.0,0.0,-0.0,0.0,0.0,0.0,30,5.0,False
5126.0,5000,5000.0,0.0,5000.0,0.0,0.0,-0.0,0.0,0.0,0.0,30,5.0,False
5127.0,5000,5000.0,0.0,5000.0,0.0,0.0,-0.0,0.0,0.0,0.0,30,5.0,False
5128.0,5000,5000.0,0.0,5000.0,0.0,0.0,-0.0,0.0,0.0,0.0,30,5.0,False
5129.0,5000,5000.0,0.0,5000.0,0.0,0.0,-0.0,0.0,0.0,0.0,30,5.0,False
5130.0,5000,5000.0,0.0,5000.0,0.0,0.0,-0.0,0.0,0.0,0.0,30,5.0,False
5131.0,5000,5000.0,0.0,5000.0,0.0,0.0,-0.0,0.0,0.0,0.0,30,5.0,False
5132.0,5000,5000.0,0.0,5000.0,0.0,0.0,-0.0,0.0,0.0,0.0,30,5.0,False
5133.0,5000,5000.0,0.0,5000.0,0.0,0.0,-0.0,0.0,0.0,0.0,30,5.0,False
5134.0,5000,5000.0,0.0,5000.0,0.0,0.0,-0.0,0.0,0.0,0.0,30,5.0,False
5135.0,5000,5000.0,0.0,5000.0,0.0,0.0,-0.0,0.0,0.0,0.0,30,5.0,False
5136.0,5000,5000.0,0.0,5000.0,0.0,0.0,-0.0,0.0,0.0,0.0,30,5.0,False
5137.0,5000,5000.0,0.0,5000.0,0.0,0.0,-0.0,0.0,0.0,0.0,30,5.0,False
5138.0,5000,5000.0,0.0,5000.0,0.0,0.0,-0.0,0.0,0.0,0.0,30,5.0,False
5139.0,5000,5000.0,0.0,5000.0,0.0,0.0,-0.0,0.0,0.0,0.0,30,5.0,False
5140.0,5000,5000.0,0.0,5000.0,0.0,0.0,-0.0,0.0,0.0,0.0,30,5.0,False
5141.0,5000,5000.0,0.0,5000.0,0.0,0.0,-0.0,0.0,0.0,0.0,30,5.0,False
5142.0,5000,5000.0,0.0,5000.0,0.0,0.0,-0.0,0.0,0.0,0.0,30,5.0,False
5143.0,5000,5000.0,0.0,5000.0,0.0,0.0,-0.0,0.0,0.0,0.0,30,5.0,False
5144.0,5000,5000.0,0.0,5000.0,0.0,0.0,-0.0,0.0,0.0,0.0,30,5.0,False
5145.0,5000,5000.0,0.0,5000.0,0.0,0.0,-0.0,0.0,0.0,0.0,30,5.0,False
5146.0,5000,5000.0,0.0,5000.0,0.0,0.0,-0.0,0.0,0.0,0.0,30,5.0,False
5147.0,5000,5000.0,0.0,5000.0,0.0,0.0,-0.0,0.0,0.0,0.0,30,5.0,False
5148.0,5000,5000.0,0.0,5000.0,0.0,0.0,-0.0,0.0,0.0,0.0,30,5.0,False
5149.0,5000,5000.0,0.0,5000.0,0.0,0.0,-0.0,0.0,0.0,0.0,30,5.0,False
5150.0,5000,5000.0,0.0,5000.0,0.0,0.0,-0.0,0.0,0.0,0.0,30,5.0,False
5151.0,5000,5000.0,0.0,5000.0,0.0,0.0,-0.0,0.0,0.0,0.0,30,5.0,False
5152.0,5000,5000.0,0.0,5000.0,0.0,0.0,-0.0,0.0,0.0,0.0,30,5.0,False
5153.0,5000,5000.0,0.0,5000.0,0.0,0.0,-0.0,0.0,0.0,0.0,30,5.0,False
5154.0,5000,5000.0,0.0,5000.0,0.0,0.0,-0.0,0.0,0.0,0.0,30,5.0,False
5155.0,5000,5000.0,0.0,5000.0,0.0,0.0,-0.0,0.0,0.0,0.0,30,5.0,False
5156.0,5000,5000.0,0.0,5000.0,0.0,0.0,-0.0,0.0,0.0,0.0,30,5.0,False
5157.0,5000,5000.0,0.0,5000.0,0.0,0.0,-0.0,0.0,0.0,0.0,30,5.0,False
5158.0,5000,5000.0,0.0,5000.0,0.0,0.0,-0.0,0.0,0.0,0.0,30,5.0,False
5159.0,5000,5000.0,0.0,5000.0,0.0,0.0,-0.0,0.0,0.0,0.0,30,5.0,False
5160.0,5000,5000.0,0.0,5000.0,0.0,0.0,-0.0,0.0,0.0,0.0,30,5.0,False
5161.0,5000,5000.0,0.0,5000.0,0.0,0.0,-0.0,0.0,0.0,0.0,30,5.0,False
5162.0,5000,5000.0,0.0,5000.0,0.0,0.0,-0.0,0.0,0.0,0.0,30,5.0,False
5163.0,5000,5000.0,0.0,5000.0,0.0,0.0,-0.0,0.0,0.0,0.0,30,5.0,False
5164.0,5000,5000.0,0.0,5000.0,0.0,0.0,-0.0,0.0,0.0,0.0,30,5.0,False
5165.0,5000,5000.0,0.0,5000.0,0.0,0.0,-0.0,0.0,0.0,0.0,30,5.0,False
5166.0,5000,5000.0,0.0,5000.0,0.0,0.0,-0.0,0.0,0.0,0.0,30,5.0,False
5167.0,5000,5000.0,0.0,5000.0,0.0,0.0,-0.0,0.0,0.0,0.0,30,5.0,False
5168.0,5000,5000.0,0.0,5000.0,0.0,0.0,-0.0,0.0,0.0,0.0,30,5.0,False
5169.0,5000,5000.0,0.0,5000.0,0.0,0.0,-0.0,0.0,0.0,0.0,30,5.0,False
5170.0,5000,5000.0,0.0,5000.0,0.0,0.0,-0.0,0.0,0.0,0.0,30,5.0,False
5171.0,5000,5000.0,0.0,5000.0,0.0,0.0,-0.0,0.0,0.0,0.0,30,5.0,False
5172.0,5000,5000.0,0.0,5000.0,0.0,0.0,-0.0,0.0,0.0,0.0,30,5.0,False
5173.0,5000,5000.0,0.0,5000.0,0.0,0.0,-0.0,0.0,0.0,0.0,30,5.0,False
5174.0,5000,5000.0,0.0,5000.0,0.0,0.0,-0.0,0.0,0.0,0.0,30,5.0,False
5175.0,5000,5000.0,0.0,5000.0,0.0,0.0,-0.0,0.0,0.0,0.0,30,5.0,False
5176.0,5000,5000.0,0.0,5000.0,0.0,0.0,-0.0,0.0,0.0,0.0,30,5.0,False
5177.0,5000,5000.0,0.0,5000.0,0.0,0.0,-0.0,0.0,0.0,0.0,30,5.0,False
5178.0,5000,5000.0,0.0,5000.0,0.0,0.0,-0.0,0.0,0.0,0.0,30,5.0,False
5179.0,5000,5000.0,0.0,5000.0,0.0,0.0,-0.0,0.0,0.0,0.0,30,5.0,False
5180.0,5000,5000.0,0.0,5000.0,0.0,0.0,-0.0,0.0,0.0,0.0,30,5.0,False
5181.0,5000,5000.0,0.0,5000.0,0.0,0.0,-0.0,0.0,0.0,0.0,30,5.0,False
5182.0,5000,5000.0,0.0,5000.0,0.0,0.0,-0.0,0.0,0.0,0.0,30,5.0,False
5183.0,5000,5000.0,0.0,5000.0,0.0,0.0,-0.0,0.0,0.0,0.0,30,5.0,False
5184.0,5000,5000.0,0.0,5000.0,0.0,0.0,-0.0,0.0,0.0,0.0,30,5.0,False
5185.0,5000,5000.0,0.0,5000.0,0.0,0.0,-0.0,0.0,0.0,0.0,30,5.0,False
5186.0,5000,5000.0,0.0,5000.0,0.0,0.0,-0.0,0.0,0.0,0.0,30,5.0,False
5187.0,5000,5000.0,0.0,5000.0,0.0,0.0,-0.0,0.0,0.0,0.0,30,5.0,False
5188.0,5000,5000.0,0.0,5000.0,0.0,0.0,-0.0,0.0,0.0,0.0,30,5.0,False
5189.0,5000,5000.0,0.0,5000.0,0.0,0.0,-0.0,0.0,0.0,0.0,30,5.0,False
5190.0,5000,5000.0,0.0,5000.0,0.0,0.0,-0.0,0.0,0.0,0.0,30,5.0,False
5191.0,5000,5000.0,0.0,5000.0,0.0,0.0,-0.0,0.0,0.0,0.0,30,5.0,False
5192.0,5000,5000.0,0.0,5000.0,0.0,0.0,-0.0,0.0,0.0,0.0,30,5.0,False
5193.0,5000,5000.0,0.0,5000.0,0.0,0.0,-0.0,0.0,0.0,0.0,30,5.0,False
5194.0,5000,5000.0,0.0,5000.0,0.0,0.0,-0.0,0.0,0.0,0.0,30,5.0,False
5195.0,5000,5000.0,0.0,5000.0,0.0,0.0,-0.0,0.0,0.0,0.0,30,5.0,False
5196.0,5000,5000.0,0.0,5000.0,0.0,0.0,-0.0,0.0,0.0,0.0,30,5.0,False
5197.0,5000,5000.0,0.0,5000.0,0.0,0.0,-0.0,0.0,0.0,0.0,30,5.0,False
5198.0,5000,5000.0,0.0,5000.0,0.0,0.0,-0.0,0.0,0.0,0.0,30,5.0,False
5199.0,5000,5000.0,0.0,5000.0,0.0,0.0,-0.0,0.0,0.0,0.0,30,5.0,False
5200.0,5000,5000.0,0.0,5000.0,0.0,0.0,-0.0,0.0,0.0,0.0,30,5.0,False
5201.0,5000,5000.0,0.0,5000.0,0.0,0.0,-0.0,0.0,0.0,0.0,30,5.0,False
5202.0,5000,5000.0,0.0,5000.0,0.0,0.0,-0.0,0.0,0.0,0.0,30,5.0,False
5203.0,5000,5000.0,0.0,5000.0,0.0,0.0,-0.0,0.0,0.0,0.0,30,5.0,False
5204.0,5000,5000.0,0.0,5000.0,0.0,0.0,-0.0,0.0,0.0,0.0,30,5.0,False
5205.0,5000,5000.0,0.0,5000.0,0.0,0.0,-0.0,0.0,0.0,0.0,30,5.0,False
5206.0,5000,5000.0,0.0,5000.0,0.0,0.0,-0.0,0.0,0.0,0.0,30,5.0,False
5207.0,5000,5000.0,0.0,5000.0,0.0,0.0,-0.0,0.0,0.0,0.0,30,5.0,False
5208.0,5000,5000.0,0.0,5000.0,0.0,0.0,-0.0,0.0,0.0,0.0,30,5.0,False
5209.0,5000,5000.0,0.0,5000.0,0.0,0.0,-0.0,0.0,0.0,0.0,30,5.0,False
5210.0,5000,5000.0,0.0,5000.0,0.0,0.0,-0.0,0.0,0.0,0.0,30,5.0,False
5211.0,5000,5000.0,0.0,5000.0,0.0,0.0,-0.0,0.0,0.0,0.0,30,5.0,False
5212.0,5000,5000.0,0.0,5000.0,0.0,0.0,-0.0,0.0,0.0,0.0,30,5.0,False
5213.0,5000,5000.0,0.0,5000.0,0.0,0.0,-0.0,0.0,0.0,0.0,30,5.0,False
5214.0,5000,5000.0,0.0,5000.0,0.0,0.0,-0.0,0.0,0.0,0.0,30,5.0,False
5215.0,5000,5000.0,0.0,5000.0,0.0,0.0,-0.0,0.0,0.0,0.0,30,5.0,False
5216.0,5000,5000.0,0.0,5000.0,0.0,0.0,-0.0,0.0,0.0,0.0,30,5.0,False
5217.0,5000,5000.0,0.0,5000.0,0.0,0.0,-0.0,0.0,0.0,0.0,30,5.0,False
5218.0,5000,5000.0,0.0,5000.0,0.0,0.0,-0.0,0.0,0.0,0.0,30,5.0,False
5219.0,5000,5000.0,0.0,5000.0,0.0,0.0,-0.0,0.0,0.0,0.0,30,5.0,False
